beta1,beta2,min_loss,final_loss,coupling_ratio_max,theoretical_regime,empirical_regime,stable_bound_b1,exist_bound_b1
0.02,0.02,7.339023915317678e-80,1.3314462589507685e-14,4.799120109700027e+50,I_stable,II_spike,0.02,0.053182958969449884
0.02,0.03959183673469388,1.16456e-319,1.16456e-319,2.0218559113498888e+101,I_stable,I_stable,0.03959183673469388,0.0887573316607622
0.02,0.05918367346938776,6.072e-320,6.072e-320,1.9665235894510723e+101,I_stable,I_stable,0.05918367346938776,0.11999176412600944
0.02,0.07877551020408163,1.041e-320,1.041e-320,1.936955621391633e+101,I_stable,I_stable,0.07877551020408163,0.14869399108610135
0.02,0.09836734693877551,6.216e-320,6.216e-320,1.8991760563384997e+101,I_stable,I_stable,0.09836734693877551,0.17564598165422904
0.02,0.11795918367346939,2.2184e-320,2.2184e-320,3.143440931724496e+101,I_stable,I_stable,0.11795918367346939,0.20127916346199196
0.02,0.13755102040816325,4.706e-320,4.706e-320,2.152587847301741e+101,I_stable,I_stable,0.13755102040816325,0.2258644406312193
0.02,0.1571428571428571,7.1304e-320,7.1304e-320,3.824787815722749e+101,I_stable,I_stable,0.1571428571428571,0.24958643848936826
0.02,0.176734693877551,2.3266e-320,2.3266e-320,2.2745842930386885e+101,I_stable,I_stable,0.176734693877551,0.27257835044093476
0.02,0.1963265306122449,2.344e-320,2.344e-320,2.5345665119546946e+101,I_stable,I_stable,0.1963265306122449,0.29494038580671944
0.02,0.21591836734693876,2.426e-320,2.426e-320,4.369980433027135e+101,I_stable,I_stable,0.21591836734693876,0.31675041368227413
0.02,0.23551020408163262,4.8957e-320,4.8957e-320,4.884325099047878e+101,I_stable,I_stable,0.23551020408163262,0.33807051609020067
0.02,0.25510204081632654,2.286e-320,2.286e-320,3.553608246920906e+101,I_stable,I_stable,0.25510204081632654,0.35895123321356215
0.02,0.2746938775510204,1.8923e-320,1.8923e-320,6.175373139914131e+101,I_stable,I_stable,0.2746938775510204,0.3794344287204513
0.02,0.29428571428571426,2.4664e-320,2.4664e-320,6.195659303394985e+101,I_stable,I_stable,0.29428571428571426,0.39955529026532965
0.02,0.31387755102040815,1.8177e-320,1.8177e-320,6.566806855915563e+101,I_stable,I_stable,0.31387755102040815,0.41934376641984905
0.02,0.33346938775510204,2.2544e-320,2.2544e-320,6.868976446139963e+101,I_stable,I_stable,0.33346938775510204,0.4388256240669263
0.02,0.35306122448979593,1.7925e-320,1.7925e-320,6.68739620938088e+101,I_stable,I_stable,0.35306122448979593,0.45802324290480784
0.02,0.3726530612244898,1.863e-320,1.863e-320,9.419737199142194e+101,I_stable,I_stable,0.3726530612244898,0.4769562233715155
0.02,0.39224489795918366,1.635e-320,1.635e-320,1.0632304492631885e+102,I_stable,I_stable,0.39224489795918366,0.49564185930152915
0.02,0.41183673469387755,2.1106e-320,2.1106e-320,9.254473887390317e+101,I_stable,I_stable,0.41183673469387755,0.5140955106577026
0.02,0.43142857142857144,1.6255e-320,1.6255e-320,9.137877450965032e+101,I_stable,I_stable,0.43142857142857144,0.5323309012057498
0.02,0.4510204081632653,1.984e-320,1.984e-320,1.3818172808530695e+102,I_stable,I_stable,0.4510204081632653,0.5503603589627031
0.02,0.47061224489795916,1.594e-320,1.594e-320,1.2907837855737523e+102,I_stable,I_stable,0.47061224489795916,0.5681950124246583
0.02,0.49020408163265305,1.9224e-320,1.9224e-320,1.490476828228504e+102,I_stable,I_stable,0.49020408163265305,0.5858449522056745
0.02,0.509795918367347,0.0,0.0,1.8566690599249896e+102,I_stable,I_stable,0.509795918367347,0.6033193653210811
0.02,0.5293877551020408,0.0,0.0,2.200911818954298e+102,I_stable,I_stable,0.5293877551020408,0.6206266476163069
0.02,0.5489795918367347,0.0,0.0,2.2065856864755103e+102,I_stable,I_stable,0.5489795918367347,0.6377744985737119
0.02,0.5685714285714285,0.0,0.0,2.222870558450788e+102,I_stable,I_stable,0.5685714285714285,0.654770001788624
0.02,0.5881632653061224,0.0,0.0,2.515815328769544e+102,I_stable,I_stable,0.5881632653061224,0.6716196936990277
0.02,0.6077551020408163,0.0,0.0,3.382633794466338e+102,I_stable,I_stable,0.6077551020408163,0.6883296226168335
0.02,0.6273469387755102,0.0,0.0,3.4006451711903665e+102,I_stable,I_stable,0.6273469387755102,0.7049053996971941
0.02,0.6469387755102041,0.0,0.0,4.1439194629913013e+102,I_stable,I_stable,0.6469387755102041,0.7213522431638066
0.02,0.666530612244898,0.0,0.0,4.556185266132293e+102,I_stable,I_stable,0.666530612244898,0.7376750168593522
0.02,0.6861224489795918,0.0,0.0,4.987083434679246e+102,I_stable,I_stable,0.6861224489795918,0.753878263994344
0.02,0.7057142857142857,0.0,0.0,6.470540156701711e+102,I_stable,I_stable,0.7057142857142857,0.7699662368122037
0.02,0.7253061224489796,0.0,0.0,7.424014896813822e+102,I_stable,I_stable,0.7253061224489796,0.785942922764163
0.02,0.7448979591836734,0.0,0.0,8.482188518032724e+102,I_stable,I_stable,0.7448979591836734,0.8018120676876266
0.02,0.7644897959183673,0.0,0.0,1.0344468882030927e+103,I_stable,I_stable,0.7644897959183673,0.8175771964006852
0.02,0.7840816326530612,0.0,0.0,1.3018135409068745e+103,I_stable,I_stable,0.7840816326530612,0.8332416310595315
0.02,0.8036734693877551,0.0,0.0,1.570085382767544e+103,I_stable,I_stable,0.8036734693877551,0.8488085075715106
0.02,0.823265306122449,0.0,0.0,1.950559341654658e+103,I_stable,I_stable,0.823265306122449,0.8642807903120353
0.02,0.8428571428571429,0.0,0.0,2.565097762637513e+103,I_stable,I_stable,0.8428571428571429,0.8796612853567701
0.02,0.8624489795918368,0.0,0.0,3.4582701451988082e+103,I_stable,I_stable,0.8624489795918368,0.8949526524098372
0.02,0.8820408163265305,0.0,0.0,4.8641308971100675e+103,I_stable,I_stable,0.8820408163265305,0.910157415583198
0.02,0.9016326530612244,0.0,0.0,6.909994845090232e+103,I_stable,I_stable,0.9016326530612244,0.9252779731608697
0.02,0.9212244897959183,0.0,0.0,1.1181452708535172e+104,I_stable,I_stable,0.9212244897959183,0.9403166064635249
0.02,0.9408163265306122,0.0,0.0,1.996472996481904e+104,I_stable,I_stable,0.9408163265306122,0.9552754879136958
0.02,0.9604081632653061,0.0,0.0,4.564703778426591e+104,I_stable,I_stable,0.9604081632653061,0.9701566883887878
0.02,0.98,0.0,0.0,1.8244808191630873e+105,I_stable,I_stable,0.98,0.9849621839380145
0.03959183673469388,0.02,2.4379675336786273e-18,1.1381302195901402e-14,432828.0418735418,II_spike,II_spike,0.02,0.053182958969449884
0.03959183673469388,0.03959183673469388,1.564e-320,1.564e-320,1.2842808196261521e+101,I_stable,I_stable,0.03959183673469388,0.0887573316607622
0.03959183673469388,0.05918367346938776,8.3e-321,8.3e-321,1.5597651513919297e+101,I_stable,I_stable,0.05918367346938776,0.11999176412600944
0.03959183673469388,0.07877551020408163,1.6126e-320,1.6126e-320,1.412431325485729e+101,I_stable,I_stable,0.07877551020408163,0.14869399108610135
0.03959183673469388,0.09836734693877551,1.5257e-320,1.5257e-320,1.338792622832136e+101,I_stable,I_stable,0.09836734693877551,0.17564598165422904
0.03959183673469388,0.11795918367346939,5.1373e-320,5.1373e-320,2.188071188343072e+101,I_stable,I_stable,0.11795918367346939,0.20127916346199196
0.03959183673469388,0.13755102040816325,2.004e-320,2.004e-320,4.0286622021006685e+101,I_stable,I_stable,0.13755102040816325,0.2258644406312193
0.03959183673469388,0.1571428571428571,1.91e-320,1.91e-320,2.6639253787580852e+101,I_stable,I_stable,0.1571428571428571,0.24958643848936826
0.03959183673469388,0.176734693877551,2.15e-320,2.15e-320,3.791756799000407e+101,I_stable,I_stable,0.176734693877551,0.27257835044093476
0.03959183673469388,0.1963265306122449,2.183e-320,2.183e-320,4.040819152193324e+101,I_stable,I_stable,0.1963265306122449,0.29494038580671944
0.03959183673469388,0.21591836734693876,4.5197e-320,4.5197e-320,3.115732105306761e+101,I_stable,I_stable,0.21591836734693876,0.31675041368227413
0.03959183673469388,0.23551020408163262,2.311e-320,2.311e-320,3.5173693526303355e+101,I_stable,I_stable,0.23551020408163262,0.33807051609020067
0.03959183673469388,0.25510204081632654,1.795e-320,1.795e-320,5.1178628008006797e+101,I_stable,I_stable,0.25510204081632654,0.35895123321356215
0.03959183673469388,0.2746938775510204,2.296e-320,2.296e-320,4.5388358714920717e+101,I_stable,I_stable,0.2746938775510204,0.3794344287204513
0.03959183673469388,0.29428571428571426,2.121e-320,2.121e-320,4.6016597623108467e+101,I_stable,I_stable,0.29428571428571426,0.39955529026532965
0.03959183673469388,0.31387755102040815,2.141e-320,2.141e-320,4.928185217695059e+101,I_stable,I_stable,0.31387755102040815,0.41934376641984905
0.03959183673469388,0.33346938775510204,1.781e-320,1.781e-320,5.2093711601810895e+101,I_stable,I_stable,0.33346938775510204,0.4388256240669263
0.03959183673469388,0.35306122448979593,2.1324e-320,2.1324e-320,8.622675706750022e+101,I_stable,I_stable,0.35306122448979593,0.45802324290480784
0.03959183673469388,0.3726530612244898,2.331e-320,2.331e-320,7.289782399879069e+101,I_stable,I_stable,0.3726530612244898,0.4769562233715155
0.03959183673469388,0.39224489795918366,1.7727e-320,1.7727e-320,8.308198356752589e+101,I_stable,I_stable,0.39224489795918366,0.49564185930152915
0.03959183673469388,0.41183673469387755,1.689e-320,1.689e-320,1.138027921966844e+102,I_stable,I_stable,0.41183673469387755,0.5140955106577026
0.03959183673469388,0.43142857142857144,2.0306e-320,2.0306e-320,1.1083334854267169e+102,I_stable,I_stable,0.43142857142857144,0.5323309012057498
0.03959183673469388,0.4510204081632653,1.627e-320,1.627e-320,1.1112195317743621e+102,I_stable,I_stable,0.4510204081632653,0.5503603589627031
0.03959183673469388,0.47061224489795916,1.4886e-320,1.4886e-320,1.52718057466576e+102,I_stable,I_stable,0.47061224489795916,0.5681950124246583
0.03959183673469388,0.49020408163265305,1.5277e-320,1.5277e-320,1.743110241857318e+102,I_stable,I_stable,0.49020408163265305,0.5858449522056745
0.03959183673469388,0.509795918367347,0.0,0.0,1.5342731196310957e+102,I_stable,I_stable,0.509795918367347,0.6033193653210811
0.03959183673469388,0.5293877551020408,0.0,0.0,1.8343994783259647e+102,I_stable,I_stable,0.5293877551020408,0.6206266476163069
0.03959183673469388,0.5489795918367347,0.0,0.0,2.503093493462914e+102,I_stable,I_stable,0.5489795918367347,0.6377744985737119
0.03959183673469388,0.5685714285714285,0.0,0.0,2.4995611547460307e+102,I_stable,I_stable,0.5685714285714285,0.654770001788624
0.03959183673469388,0.5881632653061224,0.0,0.0,2.8048081787047906e+102,I_stable,I_stable,0.5881632653061224,0.6716196936990277
0.03959183673469388,0.6077551020408163,0.0,0.0,2.9159949452004515e+102,I_stable,I_stable,0.6077551020408163,0.6883296226168335
0.03959183673469388,0.6273469387755102,0.0,0.0,3.7297707429713025e+102,I_stable,I_stable,0.6273469387755102,0.7049053996971941
0.03959183673469388,0.6469387755102041,0.0,0.0,3.6287024393088884e+102,I_stable,I_stable,0.6469387755102041,0.7213522431638066
0.03959183673469388,0.666530612244898,0.0,0.0,4.927268898309936e+102,I_stable,I_stable,0.666530612244898,0.7376750168593522
0.03959183673469388,0.6861224489795918,0.0,0.0,5.356603390947136e+102,I_stable,I_stable,0.6861224489795918,0.753878263994344
0.03959183673469388,0.7057142857142857,0.0,0.0,5.800866465592797e+102,I_stable,I_stable,0.7057142857142857,0.7699662368122037
0.03959183673469388,0.7253061224489796,0.0,0.0,7.87349220087111e+102,I_stable,I_stable,0.7253061224489796,0.785942922764163
0.03959183673469388,0.7448979591836734,0.0,0.0,8.94325696120523e+102,I_stable,I_stable,0.7448979591836734,0.8018120676876266
0.03959183673469388,0.7644897959183673,0.0,0.0,1.0842500198531383e+103,I_stable,I_stable,0.7644897959183673,0.8175771964006852
0.03959183673469388,0.7840816326530612,0.0,0.0,1.2019617629304023e+103,I_stable,I_stable,0.7840816326530612,0.8332416310595315
0.03959183673469388,0.8036734693877551,0.0,0.0,1.6289008073583077e+103,I_stable,I_stable,0.8036734693877551,0.8488085075715106
0.03959183673469388,0.823265306122449,0.0,0.0,2.0136711359525924e+103,I_stable,I_stable,0.823265306122449,0.8642807903120353
0.03959183673469388,0.8428571428571429,0.0,0.0,2.635680233203201e+103,I_stable,I_stable,0.8428571428571429,0.8796612853567701
0.03959183673469388,0.8624489795918368,0.0,0.0,3.53754364534711e+103,I_stable,I_stable,0.8624489795918368,0.8949526524098372
0.03959183673469388,0.8820408163265305,0.0,0.0,4.6540656677453805e+103,I_stable,I_stable,0.8820408163265305,0.910157415583198
0.03959183673469388,0.9016326530612244,0.0,0.0,7.0140334861726e+103,I_stable,I_stable,0.9016326530612244,0.9252779731608697
0.03959183673469388,0.9212244897959183,0.0,0.0,1.130641505253639e+104,I_stable,I_stable,0.9212244897959183,0.9403166064635249
0.03959183673469388,0.9408163265306122,0.0,0.0,2.0117692669063714e+104,I_stable,I_stable,0.9408163265306122,0.9552754879136958
0.03959183673469388,0.9604081632653061,0.0,0.0,4.5849307024025554e+104,I_stable,I_stable,0.9604081632653061,0.9701566883887878
0.03959183673469388,0.98,0.0,0.0,1.8282704120064888e+105,I_stable,I_stable,0.98,0.9849621839380145
0.05918367346938776,0.02,4.675273224067784e-16,9.72644860229236e-15,952.6114830612894,III_signgd,III_signgd,0.02,0.053182958969449884
0.05918367346938776,0.03959183673469388,3.0153168585147046e-23,9.726448602292351e-15,2189906238553.3506,II_spike,II_spike,0.03959183673469388,0.0887573316607622
0.05918367346938776,0.05918367346938776,6.8517e-320,6.8517e-320,7.614638101417131e+100,I_stable,I_stable,0.05918367346938776,0.11999176412600944
0.05918367346938776,0.07877551020408163,1.5474e-320,1.5474e-320,4.1231930113489484e+101,I_stable,I_stable,0.07877551020408163,0.14869399108610135
0.05918367346938776,0.09836734693877551,4.742e-320,4.742e-320,3.260449007643753e+101,I_stable,I_stable,0.09836734693877551,0.17564598165422904
0.05918367346938776,0.11795918367346939,1.209e-320,1.209e-320,4.710573354290162e+101,I_stable,I_stable,0.11795918367346939,0.20127916346199196
0.05918367346938776,0.13755102040816325,3.0854e-320,3.0854e-320,2.935758860182941e+101,I_stable,I_stable,0.13755102040816325,0.2258644406312193
0.05918367346938776,0.1571428571428571,1.774e-320,1.774e-320,4.871448268175419e+101,I_stable,I_stable,0.1571428571428571,0.24958643848936826
0.05918367346938776,0.176734693877551,3.7253e-320,3.7253e-320,2.7489259284364948e+101,I_stable,I_stable,0.176734693877551,0.27257835044093476
0.05918367346938776,0.1963265306122449,3.889e-320,3.889e-320,2.940660186586073e+101,I_stable,I_stable,0.1963265306122449,0.29494038580671944
0.05918367346938776,0.21591836734693876,2.0163e-320,2.0163e-320,4.9071044783812864e+101,I_stable,I_stable,0.21591836734693876,0.31675041368227413
0.05918367346938776,0.23551020408163262,1.919e-320,1.919e-320,5.3409486566096375e+101,I_stable,I_stable,0.23551020408163262,0.33807051609020067
0.05918367346938776,0.25510204081632654,2.1517e-320,2.1517e-320,3.801469504967756e+101,I_stable,I_stable,0.25510204081632654,0.35895123321356215
0.05918367346938776,0.2746938775510204,1.662e-320,1.662e-320,6.485995245527885e+101,I_stable,I_stable,0.2746938775510204,0.3794344287204513
0.05918367346938776,0.29428571428571426,1.6596e-320,1.6596e-320,6.408326162930323e+101,I_stable,I_stable,0.29428571428571426,0.39955529026532965
0.05918367346938776,0.31387755102040815,1.698e-320,1.698e-320,6.704508912355779e+101,I_stable,I_stable,0.31387755102040815,0.41934376641984905
0.05918367346938776,0.33346938775510204,2.1867e-320,2.1867e-320,6.938576790592124e+101,I_stable,I_stable,0.33346938775510204,0.4388256240669263
0.05918367346938776,0.35306122448979593,1.683e-320,1.683e-320,6.691189546208752e+101,I_stable,I_stable,0.35306122448979593,0.45802324290480784
0.05918367346938776,0.3726530612244898,1.999e-320,1.999e-320,9.351668918262341e+101,I_stable,I_stable,0.3726530612244898,0.4769562233715155
0.05918367346938776,0.39224489795918366,1.6166e-320,1.6166e-320,1.0480665824921126e+102,I_stable,I_stable,0.39224489795918366,0.49564185930152915
0.05918367346938776,0.41183673469387755,1.509e-320,1.509e-320,9.070555338392955e+101,I_stable,I_stable,0.41183673469387755,0.5140955106577026
0.05918367346938776,0.43142857142857144,1.864e-320,1.864e-320,1.3570604460195403e+102,I_stable,I_stable,0.43142857142857144,0.5323309012057498
0.05918367346938776,0.4510204081632653,1.4575e-320,1.4575e-320,1.3421738980799133e+102,I_stable,I_stable,0.4510204081632653,0.5503603589627031
0.05918367346938776,0.47061224489795916,1.8285e-320,1.8285e-320,1.2494966691519916e+102,I_stable,I_stable,0.47061224489795916,0.5681950124246583
0.05918367346938776,0.49020408163265305,1.907e-320,1.907e-320,1.4383193295151e+102,I_stable,I_stable,0.49020408163265305,0.5858449522056745
0.05918367346938776,0.509795918367347,0.0,0.0,1.7880302152995865e+102,I_stable,I_stable,0.509795918367347,0.6033193653210811
0.05918367346938776,0.5293877551020408,0.0,0.0,2.1150820103560846e+102,I_stable,I_stable,0.5293877551020408,0.6206266476163069
0.05918367346938776,0.5489795918367347,0.0,0.0,2.1170062155924988e+102,I_stable,I_stable,0.5489795918367347,0.6377744985737119
0.05918367346938776,0.5685714285714285,0.0,0.0,2.825591403433634e+102,I_stable,I_stable,0.5685714285714285,0.654770001788624
0.05918367346938776,0.5881632653061224,0.0,0.0,3.1420718490407687e+102,I_stable,I_stable,0.5881632653061224,0.6716196936990277
0.05918367346938776,0.6077551020408163,0.0,0.0,3.23881355478581e+102,I_stable,I_stable,0.6077551020408163,0.6883296226168335
0.05918367346938776,0.6273469387755102,0.0,0.0,3.2551172773326457e+102,I_stable,I_stable,0.6273469387755102,0.7049053996971941
0.05918367346938776,0.6469387755102041,0.0,0.0,3.9674235898024317e+102,I_stable,I_stable,0.6469387755102041,0.7213522431638066
0.05918367346938776,0.666530612244898,0.0,0.0,4.363954908590821e+102,I_stable,I_stable,0.666530612244898,0.7376750168593522
0.05918367346938776,0.6861224489795918,0.0,0.0,5.770232316013284e+102,I_stable,I_stable,0.6861224489795918,0.753878263994344
0.05918367346938776,0.7057142857142857,0.0,0.0,6.207718678078353e+102,I_stable,I_stable,0.7057142857142857,0.7699662368122037
0.05918367346938776,0.7253061224489796,0.0,0.0,7.130557178255224e+102,I_stable,I_stable,0.7253061224489796,0.785942922764163
0.05918367346938776,0.7448979591836734,0.0,0.0,9.45142168739871e+102,I_stable,I_stable,0.7448979591836734,0.8018120676876266
0.05918367346938776,0.7644897959183673,0.0,0.0,9.95992071365349e+102,I_stable,I_stable,0.7644897959183673,0.8175771964006852
0.05918367346938776,0.7840816326530612,0.0,0.0,1.2556567761039873e+103,I_stable,I_stable,0.7840816326530612,0.8332416310595315
0.05918367346938776,0.8036734693877551,0.0,0.0,1.5172320787067407e+103,I_stable,I_stable,0.8036734693877551,0.8488085075715106
0.05918367346938776,0.823265306122449,0.0,0.0,2.0819543311155557e+103,I_stable,I_stable,0.823265306122449,0.8642807903120353
0.05918367346938776,0.8428571428571429,0.0,0.0,2.4893410870064868e+103,I_stable,I_stable,0.8428571428571429,0.8796612853567701
0.05918367346938776,0.8624489795918368,0.0,0.0,3.3645430026747162e+103,I_stable,I_stable,0.8624489795918368,0.8949526524098372
0.05918367346938776,0.8820408163265305,0.0,0.0,4.7449387179657325e+103,I_stable,I_stable,0.8820408163265305,0.910157415583198
0.05918367346938776,0.9016326530612244,0.0,0.0,7.122542108157145e+103,I_stable,I_stable,0.9016326530612244,0.9252779731608697
0.05918367346938776,0.9212244897959183,0.0,0.0,1.0974864664561601e+104,I_stable,I_stable,0.9212244897959183,0.9403166064635249
0.05918367346938776,0.9408163265306122,0.0,0.0,2.027970849441152e+104,I_stable,I_stable,0.9408163265306122,0.9552754879136958
0.05918367346938776,0.9604081632653061,0.0,0.0,4.606935289864113e+104,I_stable,I_stable,0.9604081632653061,0.9701566883887878
0.05918367346938776,0.98,0.0,0.0,1.8319548900748757e+105,I_stable,I_stable,0.98,0.9849621839380145
0.07877551020408163,0.02,2.7816909726015544e-19,8.309169337422283e-15,2001.2430754484344,III_signgd,II_spike,0.02,0.053182958969449884
0.07877551020408163,0.03959183673469388,3.294332233687977e-21,8.309169337422308e-15,20252881.98153587,II_spike,II_spike,0.03959183673469388,0.0887573316607622
0.07877551020408163,0.05918367346938776,1.0092413935961625e-23,8.3091693374223e-15,143938458.58201122,II_spike,II_spike,0.05918367346938776,0.11999176412600944
0.07877551020408163,0.07877551020408163,3.063e-321,3.063e-321,1.7406234075661035e+101,I_stable,I_stable,0.07877551020408163,0.14869399108610135
0.07877551020408163,0.09836734693877551,6.2e-321,6.2e-321,2.7625946758496917e+101,I_stable,I_stable,0.09836734693877551,0.17564598165422904
0.07877551020408163,0.11795918367346939,4.166e-320,4.166e-320,3.751515608531591e+101,I_stable,I_stable,0.11795918367346939,0.20127916346199196
0.07877551020408163,0.13755102040816325,1.3266e-320,1.3266e-320,2.265429239231798e+101,I_stable,I_stable,0.13755102040816325,0.2258644406312193
0.07877551020408163,0.1571428571428571,2.955e-320,2.955e-320,3.699107706036895e+101,I_stable,I_stable,0.1571428571428571,0.24958643848936826
0.07877551020408163,0.176734693877551,1.6205e-320,1.6205e-320,4.9299076687452426e+101,I_stable,I_stable,0.176734693877551,0.27257835044093476
0.07877551020408163,0.1963265306122449,1.68e-320,1.68e-320,4.992586013126122e+101,I_stable,I_stable,0.1963265306122449,0.29494038580671944
0.07877551020408163,0.21591836734693876,1.629e-320,1.629e-320,3.696685076060802e+101,I_stable,I_stable,0.21591836734693876,0.31675041368227413
0.07877551020408163,0.23551020408163262,1.8196e-320,1.8196e-320,4.037899795414439e+101,I_stable,I_stable,0.23551020408163262,0.33807051609020067
0.07877551020408163,0.25510204081632654,1.7826e-320,1.7826e-320,5.719738530840592e+101,I_stable,I_stable,0.25510204081632654,0.35895123321356215
0.07877551020408163,0.2746938775510204,1.968e-320,1.968e-320,4.958639300383492e+101,I_stable,I_stable,0.2746938775510204,0.3794344287204513
0.07877551020408163,0.29428571428571426,2.01e-320,2.01e-320,4.932460667767331e+101,I_stable,I_stable,0.29428571428571426,0.39955529026532965
0.07877551020408163,0.31387755102040815,2.0173e-320,2.0173e-320,9.277919571841712e+101,I_stable,I_stable,0.31387755102040815,0.41934376641984905
0.07877551020408163,0.33346938775510204,1.8893e-320,1.8893e-320,9.383504463406257e+101,I_stable,I_stable,0.33346938775510204,0.4388256240669263
0.07877551020408163,0.35306122448979593,2.071e-320,2.071e-320,8.863065983879219e+101,I_stable,I_stable,0.35306122448979593,0.45802324290480784
0.07877551020408163,0.3726530612244898,1.5914e-320,1.5914e-320,7.417912812270176e+101,I_stable,I_stable,0.3726530612244898,0.4769562233715155
0.07877551020408163,0.39224489795918366,1.8987e-320,1.8987e-320,8.380309890431311e+101,I_stable,I_stable,0.39224489795918366,0.49564185930152915
0.07877551020408163,0.41183673469387755,1.8607e-320,1.8607e-320,1.1392308201161375e+102,I_stable,I_stable,0.41183673469387755,0.5140955106577026
0.07877551020408163,0.43142857142857144,1.4456e-320,1.4456e-320,1.1024628601925082e+102,I_stable,I_stable,0.43142857142857144,0.5323309012057498
0.07877551020408163,0.4510204081632653,1.785e-320,1.785e-320,1.6360604928696395e+102,I_stable,I_stable,0.4510204081632653,0.5503603589627031
0.07877551020408163,0.47061224489795916,1.435e-320,1.435e-320,1.50302162456552e+102,I_stable,I_stable,0.47061224489795916,0.5681950124246583
0.07877551020408163,0.49020408163265305,1.751e-320,1.751e-320,1.7084917824696318e+102,I_stable,I_stable,0.49020408163265305,0.5858449522056745
0.07877551020408163,0.509795918367347,0.0,0.0,2.0985222020199217e+102,I_stable,I_stable,0.509795918367347,0.6033193653210811
0.07877551020408163,0.5293877551020408,0.0,0.0,1.786409064319487e+102,I_stable,I_stable,0.5293877551020408,0.6206266476163069
0.07877551020408163,0.5489795918367347,0.0,0.0,2.4313596234203287e+102,I_stable,I_stable,0.5489795918367347,0.6377744985737119
0.07877551020408163,0.5685714285714285,0.0,0.0,2.4228899677708083e+102,I_stable,I_stable,0.5685714285714285,0.654770001788624
0.07877551020408163,0.5881632653061224,0.0,0.0,2.7148941680178753e+102,I_stable,I_stable,0.5881632653061224,0.6716196936990277
0.07877551020408163,0.6077551020408163,0.0,0.0,3.6141467557210484e+102,I_stable,I_stable,0.6077551020408163,0.6883296226168335
0.07877551020408163,0.6273469387755102,0.0,0.0,3.602758995888666e+102,I_stable,I_stable,0.6273469387755102,0.7049053996971941
0.07877551020408163,0.6469387755102041,0.0,0.0,4.3540696328776215e+102,I_stable,I_stable,0.6469387755102041,0.7213522431638066
0.07877551020408163,0.666530612244898,0.0,0.0,4.753388014117105e+102,I_stable,I_stable,0.666530612244898,0.7376750168593522
0.07877551020408163,0.6861224489795918,0.0,0.0,5.167208679024392e+102,I_stable,I_stable,0.6861224489795918,0.753878263994344
0.07877551020408163,0.7057142857142857,0.0,0.0,6.661908186001418e+102,I_stable,I_stable,0.7057142857142857,0.7699662368122037
0.07877551020408163,0.7253061224489796,0.0,0.0,7.600707882420051e+102,I_stable,I_stable,0.7253061224489796,0.785942922764163
0.07877551020408163,0.7448979591836734,0.0,0.0,8.640278099688858e+102,I_stable,I_stable,0.7448979591836734,0.8018120676876266
0.07877551020408163,0.7644897959183673,0.0,0.0,1.048546921894008e+103,I_stable,I_stable,0.7644897959183673,0.8175771964006852
0.07877551020408163,0.7840816326530612,0.0,0.0,1.3143044400221472e+103,I_stable,I_stable,0.7840816326530612,0.8332416310595315
0.07877551020408163,0.8036734693877551,0.0,0.0,1.579146556339074e+103,I_stable,I_stable,0.8036734693877551,0.8488085075715106
0.07877551020408163,0.823265306122449,0.0,0.0,1.955711566746596e+103,I_stable,I_stable,0.823265306122449,0.8642807903120353
0.07877551020408163,0.8428571428571429,0.0,0.0,2.564586519774929e+103,I_stable,I_stable,0.8428571428571429,0.8796612853567701
0.07877551020408163,0.8624489795918368,0.0,0.0,3.448345844742194e+103,I_stable,I_stable,0.8624489795918368,0.8949526524098372
0.07877551020408163,0.8820408163265305,0.0,0.0,4.842623974822106e+103,I_stable,I_stable,0.8820408163265305,0.910157415583198
0.07877551020408163,0.9016326530612244,0.0,0.0,6.87055731473011e+103,I_stable,I_stable,0.9016326530612244,0.9252779731608697
0.07877551020408163,0.9212244897959183,0.0,0.0,1.111006859263838e+104,I_stable,I_stable,0.9212244897959183,0.9403166064635249
0.07877551020408163,0.9408163265306122,0.0,0.0,1.9838518342629016e+104,I_stable,I_stable,0.9408163265306122,0.9552754879136958
0.07877551020408163,0.9604081632653061,0.0,0.0,4.53749780467637e+104,I_stable,I_stable,0.9604081632653061,0.9701566883887878
0.07877551020408163,0.98,0.0,0.0,1.817155113244784e+105,I_stable,I_stable,0.98,0.9849621839380145
0.09836734693877551,0.02,3.6845136412963593e-19,7.094929729930549e-15,88165892.54378124,III_signgd,II_spike,0.02,0.053182958969449884
0.09836734693877551,0.03959183673469388,1.869419623568422e-22,7.094929729930501e-15,10878023350.3914,III_signgd,II_spike,0.03959183673469388,0.0887573316607622
0.09836734693877551,0.05918367346938776,7.861221859763538e-24,7.094929729930441e-15,121433110039.50978,II_spike,II_spike,0.05918367346938776,0.11999176412600944
0.09836734693877551,0.07877551020408163,5.911340788449471e-34,1.793669361725852e-16,3.991803886961179e+20,II_spike,II_spike,0.07877551020408163,0.14869399108610135
0.09836734693877551,0.09836734693877551,2.5276e-320,2.5276e-320,2.018700141180646e+102,I_stable,I_stable,0.09836734693877551,0.17564598165422904
0.09836734693877551,0.11795918367346939,1.6615e-320,1.6615e-320,3.285377360577998e+101,I_stable,I_stable,0.11795918367346939,0.20127916346199196
0.09836734693877551,0.13755102040816325,3.101e-320,3.101e-320,5.055559152654041e+101,I_stable,I_stable,0.13755102040816325,0.2258644406312193
0.09836734693877551,0.1571428571428571,1.2213e-320,1.2213e-320,7.486911530440121e+101,I_stable,I_stable,0.1571428571428571,0.24958643848936826
0.09836734693877551,0.176734693877551,2.614e-320,2.614e-320,3.887377255364824e+101,I_stable,I_stable,0.176734693877551,0.27257835044093476
0.09836734693877551,0.1963265306122449,1.4066e-320,1.4066e-320,3.9021138159198873e+101,I_stable,I_stable,0.1963265306122449,0.29494038580671944
0.09836734693877551,0.21591836734693876,3.145e-320,3.145e-320,6.193527492215102e+101,I_stable,I_stable,0.21591836734693876,0.31675041368227413
0.09836734693877551,0.23551020408163262,1.699e-320,1.699e-320,6.474301021688555e+101,I_stable,I_stable,0.23551020408163262,0.33807051609020067
0.09836734693877551,0.25510204081632654,1.3523e-320,1.3523e-320,4.457742433079796e+101,I_stable,I_stable,0.25510204081632654,0.35895123321356215
0.09836734693877551,0.2746938775510204,1.645e-320,1.645e-320,7.398985703487003e+101,I_stable,I_stable,0.2746938775510204,0.3794344287204513
0.09836734693877551,0.29428571428571426,1.4323e-320,1.4323e-320,7.141766422676342e+101,I_stable,I_stable,0.29428571428571426,0.39955529026532965
0.09836734693877551,0.31387755102040815,1.72e-320,1.72e-320,7.326417133787266e+101,I_stable,I_stable,0.31387755102040815,0.41934376641984905
0.09836734693877551,0.33346938775510204,1.4778e-320,1.4778e-320,7.454165286990469e+101,I_stable,I_stable,0.33346938775510204,0.4388256240669263
0.09836734693877551,0.35306122448979593,1.7707e-320,1.7707e-320,7.08507944448746e+101,I_stable,I_stable,0.35306122448979593,0.45802324290480784
0.09836734693877551,0.3726530612244898,1.9634e-320,1.9634e-320,9.777111634246392e+101,I_stable,I_stable,0.3726530612244898,0.4769562233715155
0.09836734693877551,0.39224489795918366,1.5113e-320,1.5113e-320,1.0837845361268038e+102,I_stable,I_stable,0.39224489795918366,0.49564185930152915
0.09836734693877551,0.41183673469387755,1.469e-320,1.469e-320,1.4478828365446204e+102,I_stable,I_stable,0.41183673469387755,0.5140955106577026
0.09836734693877551,0.43142857142857144,1.778e-320,1.778e-320,1.3784763752825443e+102,I_stable,I_stable,0.43142857142857144,0.5323309012057498
0.09836734693877551,0.4510204081632653,1.3824e-320,1.3824e-320,1.3533617746586835e+102,I_stable,I_stable,0.4510204081632653,0.5503603589627031
0.09836734693877551,0.47061224489795916,1.7727e-320,1.7727e-320,1.8248129859633513e+102,I_stable,I_stable,0.47061224489795916,0.5681950124246583
0.09836734693877551,0.49020408163265305,1.373e-320,1.373e-320,1.4331866145205346e+102,I_stable,I_stable,0.49020408163265305,0.5858449522056745
0.09836734693877551,0.509795918367347,0.0,0.0,1.7728762493833333e+102,I_stable,I_stable,0.509795918367347,0.6033193653210811
0.09836734693877551,0.5293877551020408,0.0,0.0,2.0888545678048584e+102,I_stable,I_stable,0.5293877551020408,0.6206266476163069
0.09836734693877551,0.5489795918367347,0.0,0.0,2.083247561746623e+102,I_stable,I_stable,0.5489795918367347,0.6377744985737119
0.09836734693877551,0.5685714285714285,0.0,0.0,2.771916301673627e+102,I_stable,I_stable,0.5685714285714285,0.654770001788624
0.09836734693877551,0.5881632653061224,0.0,0.0,3.0746615973078517e+102,I_stable,I_stable,0.5881632653061224,0.6716196936990277
0.09836734693877551,0.6077551020408163,0.0,0.0,3.162353618590453e+102,I_stable,I_stable,0.6077551020408163,0.6883296226168335
0.09836734693877551,0.6273469387755102,0.0,0.0,4.0058719094067033e+102,I_stable,I_stable,0.6273469387755102,0.7049053996971941
0.09836734693877551,0.6469387755102041,0.0,0.0,3.860739982335505e+102,I_stable,I_stable,0.6469387755102041,0.7213522431638066
0.09836734693877551,0.666530612244898,0.0,0.0,5.196987189238076e+102,I_stable,I_stable,0.666530612244898,0.7376750168593522
0.09836734693877551,0.6861224489795918,0.0,0.0,5.607483307020195e+102,I_stable,I_stable,0.6861224489795918,0.753878263994344
0.09836734693877551,0.7057142857142857,0.0,0.0,6.02874698416192e+102,I_stable,I_stable,0.7057142857142857,0.7699662368122037
0.09836734693877551,0.7253061224489796,0.0,0.0,8.130122868248738e+102,I_stable,I_stable,0.7253061224489796,0.785942922764163
0.09836734693877551,0.7448979591836734,0.0,0.0,9.179819084466687e+102,I_stable,I_stable,0.7448979591836734,0.8018120676876266
0.09836734693877551,0.7644897959183673,0.0,0.0,1.1066776438178418e+103,I_stable,I_stable,0.7644897959183673,0.8175771964006852
0.09836734693877551,0.7840816326530612,0.0,0.0,1.3784474112846088e+103,I_stable,I_stable,0.7840816326530612,0.8332416310595315
0.09836734693877551,0.8036734693877551,0.0,0.0,1.6466973059548357e+103,I_stable,I_stable,0.8036734693877551,0.8488085075715106
0.09836734693877551,0.823265306122449,0.0,0.0,2.027596506732185e+103,I_stable,I_stable,0.823265306122449,0.8642807903120353
0.09836734693877551,0.8428571428571429,0.0,0.0,2.6455527885924024e+103,I_stable,I_stable,0.8428571428571429,0.8796612853567701
0.09836734693877551,0.8624489795918368,0.0,0.0,3.54012360865272e+103,I_stable,I_stable,0.8624489795918368,0.8949526524098372
0.09836734693877551,0.8820408163265305,0.0,0.0,4.9457604347575095e+103,I_stable,I_stable,0.8820408163265305,0.910157415583198
0.09836734693877551,0.9016326530612244,0.0,0.0,6.987702452119064e+103,I_stable,I_stable,0.9016326530612244,0.9252779731608697
0.09836734693877551,0.9212244897959183,0.0,0.0,1.1248212251417942e+104,I_stable,I_stable,0.9212244897959183,0.9403166064635249
0.09836734693877551,0.9408163265306122,0.0,0.0,2.000780558500026e+104,I_stable,I_stable,0.9408163265306122,0.9552754879136958
0.09836734693877551,0.9604081632653061,0.0,0.0,4.5617121045509464e+104,I_stable,I_stable,0.9604081632653061,0.9701566883887878
0.09836734693877551,0.98,0.0,0.0,1.8203496349099662e+105,I_stable,I_stable,0.98,0.9849621839380145
0.11795918367346939,0.02,2.3291388590744414e-15,6.054397966704749e-15,36.39258920865437,III_signgd,III_signgd,0.02,0.053182958969449884
0.11795918367346939,0.03959183673469388,4.9129342310338166e-30,6.493208594784676e-15,1.2155363351348865e+21,III_signgd,II_spike,0.03959183673469388,0.0887573316607622
0.11795918367346939,0.05918367346938776,1.212398540145156e-34,3.5008767200569957e-14,1.4354071522071612e+27,II_spike,II_spike,0.05918367346938776,0.11999176412600944
0.11795918367346939,0.07877551020408163,1.6019972843364818e-31,2.5014899738213646e-16,1.6168073095342228e+22,II_spike,II_spike,0.07877551020408163,0.14869399108610135
0.11795918367346939,0.09836734693877551,1.3286805186620488e-36,6.474071810084085e-14,2.4044047839033232e+24,II_spike,II_spike,0.09836734693877551,0.17564598165422904
0.11795918367346939,0.11795918367346939,1.1823e-320,1.1823e-320,2.368014722263368e+102,I_stable,I_stable,0.11795918367346939,0.20127916346199196
0.11795918367346939,0.13755102040816325,6.93e-321,6.93e-321,4.571615707981797e+101,I_stable,I_stable,0.13755102040816325,0.2258644406312193
0.11795918367346939,0.1571428571428571,1.901e-320,1.901e-320,6.421110527227694e+101,I_stable,I_stable,0.1571428571428571,0.24958643848936826
0.11795918367346939,0.176734693877551,1.096e-320,1.096e-320,7.690294365198262e+101,I_stable,I_stable,0.176734693877551,0.27257835044093476
0.11795918367346939,0.1963265306122449,1.173e-320,1.173e-320,7.192181104408427e+101,I_stable,I_stable,0.1963265306122449,0.29494038580671944
0.11795918367346939,0.21591836734693876,1.3547e-320,1.3547e-320,5.004435162705728e+101,I_stable,I_stable,0.21591836734693876,0.31675041368227413
0.11795918367346939,0.23551020408163262,2.9036e-320,2.9036e-320,5.202357789038484e+101,I_stable,I_stable,0.23551020408163262,0.33807051609020067
0.11795918367346939,0.25510204081632654,1.597e-320,1.597e-320,7.0771325599547e+101,I_stable,I_stable,0.25510204081632654,0.35895123321356215
0.11795918367346939,0.2746938775510204,1.283e-320,1.283e-320,5.933155001804691e+101,I_stable,I_stable,0.2746938775510204,0.3794344287204513
0.11795918367346939,0.29428571428571426,1.759e-320,1.759e-320,5.738174065221014e+101,I_stable,I_stable,0.29428571428571426,0.39955529026532965
0.11795918367346939,0.31387755102040815,1.3073e-320,1.3073e-320,1.0537620065621874e+102,I_stable,I_stable,0.31387755102040815,0.41934376641984905
0.11795918367346939,0.33346938775510204,1.8043e-320,1.8043e-320,1.0443997144808732e+102,I_stable,I_stable,0.33346938775510204,0.4388256240669263
0.11795918367346939,0.35306122448979593,1.353e-320,1.353e-320,9.69014400824122e+101,I_stable,I_stable,0.35306122448979593,0.45802324290480784
0.11795918367346939,0.3726530612244898,1.662e-320,1.662e-320,1.3084909520788236e+102,I_stable,I_stable,0.3726530612244898,0.4769562233715155
0.11795918367346939,0.39224489795918366,1.316e-320,1.316e-320,1.4212587450468812e+102,I_stable,I_stable,0.39224489795918366,0.49564185930152915
0.11795918367346939,0.41183673469387755,1.71e-320,1.71e-320,1.1959333652308747e+102,I_stable,I_stable,0.41183673469387755,0.5140955106577026
0.11795918367346939,0.43142857142857144,1.4007e-320,1.4007e-320,1.1455578102310783e+102,I_stable,I_stable,0.43142857142857144,0.5323309012057498
0.11795918367346939,0.4510204081632653,1.696e-320,1.696e-320,1.684703798068387e+102,I_stable,I_stable,0.4510204081632653,0.5503603589627031
0.11795918367346939,0.47061224489795916,1.4e-320,1.4e-320,1.535263117956225e+102,I_stable,I_stable,0.47061224489795916,0.5681950124246583
0.11795918367346939,0.49020408163265305,1.691e-320,1.691e-320,1.7331506846486102e+102,I_stable,I_stable,0.49020408163265305,0.5858449522056745
0.11795918367346939,0.509795918367347,0.0,0.0,2.1155855267782644e+102,I_stable,I_stable,0.509795918367347,0.6033193653210811
0.11795918367346939,0.5293877551020408,0.0,0.0,2.4613089667556986e+102,I_stable,I_stable,0.5293877551020408,0.6206266476163069
0.11795918367346939,0.5489795918367347,0.0,0.0,2.4260792911525777e+102,I_stable,I_stable,0.5489795918367347,0.6377744985737119
0.11795918367346939,0.5685714285714285,0.0,0.0,2.4070320428195316e+102,I_stable,I_stable,0.5685714285714285,0.654770001788624
0.11795918367346939,0.5881632653061224,0.0,0.0,2.6876413949425255e+102,I_stable,I_stable,0.5881632653061224,0.6716196936990277
0.11795918367346939,0.6077551020408163,0.0,0.0,3.5679089895506837e+102,I_stable,I_stable,0.6077551020408163,0.6883296226168335
0.11795918367346939,0.6273469387755102,0.0,0.0,3.54513072525422e+102,I_stable,I_stable,0.6273469387755102,0.7049053996971941
0.11795918367346939,0.6469387755102041,0.0,0.0,4.2761838110298424e+102,I_stable,I_stable,0.6469387755102041,0.7213522431638066
0.11795918367346939,0.666530612244898,0.0,0.0,4.659519010044121e+102,I_stable,I_stable,0.666530612244898,0.7376750168593522
0.11795918367346939,0.6861224489795918,0.0,0.0,6.1073236733743835e+102,I_stable,I_stable,0.6861224489795918,0.753878263994344
0.11795918367346939,0.7057142857142857,0.0,0.0,6.514533329628251e+102,I_stable,I_stable,0.7057142857142857,0.7699662368122037
0.11795918367346939,0.7253061224489796,0.0,0.0,7.425869472257917e+102,I_stable,I_stable,0.7253061224489796,0.785942922764163
0.11795918367346939,0.7448979591836734,0.0,0.0,9.776750504977457e+102,I_stable,I_stable,0.7448979591836734,0.8018120676876266
0.11795918367346939,0.7644897959183673,0.0,0.0,1.0237143575043956e+103,I_stable,I_stable,0.7644897959183673,0.8175771964006852
0.11795918367346939,0.7840816326530612,0.0,0.0,1.2830485480734973e+103,I_stable,I_stable,0.7840816326530612,0.8332416310595315
0.11795918367346939,0.8036734693877551,0.0,0.0,1.720709568825634e+103,I_stable,I_stable,0.8036734693877551,0.8488085075715106
0.11795918367346939,0.823265306122449,0.0,0.0,2.1056729805666994e+103,I_stable,I_stable,0.823265306122449,0.8642807903120353
0.11795918367346939,0.8428571428571429,0.0,0.0,2.731852704806366e+103,I_stable,I_stable,0.8428571428571429,0.8796612853567701
0.11795918367346939,0.8624489795918368,0.0,0.0,3.3780896520737815e+103,I_stable,I_stable,0.8624489795918368,0.8949526524098372
0.11795918367346939,0.8820408163265305,0.0,0.0,4.7499538521085375e+103,I_stable,I_stable,0.8820408163265305,0.910157415583198
0.11795918367346939,0.9016326530612244,0.0,0.0,7.1110402127009955e+103,I_stable,I_stable,0.9016326530612244,0.9252779731608697
0.11795918367346939,0.9212244897959183,0.0,0.0,1.1400469757316245e+104,I_stable,I_stable,0.9212244897959183,0.9403166064635249
0.11795918367346939,0.9408163265306122,0.0,0.0,2.0185990266175324e+104,I_stable,I_stable,0.9408163265306122,0.9552754879136958
0.11795918367346939,0.9604081632653061,0.0,0.0,4.5854280739685744e+104,I_stable,I_stable,0.9604081632653061,0.9701566883887878
0.11795918367346939,0.98,0.0,0.0,1.825175486441984e+105,I_stable,I_stable,0.98,0.9849621839380145
0.13755102040816325,0.02,3.801647995548298e-23,4.694094949462473e-21,4019274019516.3784,III_signgd,I_stable,0.02,0.053182958969449884
0.13755102040816325,0.03959183673469388,2.785672100419151e-20,6.173709342206769e-14,7496422.076005315,III_signgd,II_spike,0.03959183673469388,0.0887573316607622
0.13755102040816325,0.05918367346938776,1.129898373621371e-32,1.489230472031235e-14,1.6562311014306072e+25,III_signgd,II_spike,0.05918367346938776,0.11999176412600944
0.13755102040816325,0.07877551020408163,2.5281191751819502e-33,6.238471345844214e-16,2.403893807790929e+26,II_spike,II_spike,0.07877551020408163,0.14869399108610135
0.13755102040816325,0.09836734693877551,2.721911509069317e-35,1.8598145900736317e-26,2.9360699227226575e+26,II_spike,I_stable,0.09836734693877551,0.17564598165422904
0.13755102040816325,0.11795918367346939,3.1001090321209702e-46,3.319265347098913e-15,1.7183521739396575e+30,II_spike,II_spike,0.11795918367346939,0.20127916346199196
0.13755102040816325,0.13755102040816325,1.9115e-320,1.9115e-320,1.642949102528785e+102,I_stable,I_stable,0.13755102040816325,0.2258644406312193
0.13755102040816325,0.1571428571428571,7.66e-321,7.66e-321,5.990348907486275e+101,I_stable,I_stable,0.1571428571428571,0.24958643848936826
0.13755102040816325,0.176734693877551,8.567e-321,8.567e-321,6.82209444098356e+101,I_stable,I_stable,0.176734693877551,0.27257835044093476
0.13755102040816325,0.1963265306122449,9.526e-321,9.526e-321,6.186276631695932e+101,I_stable,I_stable,0.1963265306122449,0.29494038580671944
0.13755102040816325,0.21591836734693876,2.323e-320,2.323e-320,9.086963517804546e+101,I_stable,I_stable,0.21591836734693876,0.31675041368227413
0.13755102040816325,0.23551020408163262,1.2376e-320,1.2376e-320,8.938807222989354e+101,I_stable,I_stable,0.23551020408163262,0.33807051609020067
0.13755102040816325,0.25510204081632654,1.063e-320,1.063e-320,5.859443541965762e+101,I_stable,I_stable,0.25510204081632654,0.35895123321356215
0.13755102040816325,0.2746938775510204,1.4614e-320,1.4614e-320,9.339282260618615e+101,I_stable,I_stable,0.2746938775510204,0.3794344287204513
0.13755102040816325,0.29428571428571426,1.415e-320,1.415e-320,8.715002416026357e+101,I_stable,I_stable,0.29428571428571426,0.39955529026532965
0.13755102040816325,0.31387755102040815,1.4496e-320,1.4496e-320,8.685617194440812e+101,I_stable,I_stable,0.31387755102040815,0.41934376641984905
0.13755102040816325,0.33346938775510204,1.2737e-320,1.2737e-320,8.621719569854648e+101,I_stable,I_stable,0.33346938775510204,0.4388256240669263
0.13755102040816325,0.35306122448979593,1.715e-320,1.715e-320,8.022386542477569e+101,I_stable,I_stable,0.35306122448979593,0.45802324290480784
0.13755102040816325,0.3726530612244898,1.7045e-320,1.7045e-320,1.0866477836321698e+102,I_stable,I_stable,0.3726530612244898,0.4769562233715155
0.13755102040816325,0.39224489795918366,1.58e-320,1.58e-320,1.1854918210759537e+102,I_stable,I_stable,0.39224489795918366,0.49564185930152915
0.13755102040816325,0.41183673469387755,1.355e-320,1.355e-320,1.5612409352004286e+102,I_stable,I_stable,0.41183673469387755,0.5140955106577026
0.13755102040816325,0.43142857142857144,1.63e-320,1.63e-320,1.4678584832154807e+102,I_stable,I_stable,0.43142857142857144,0.5323309012057498
0.13755102040816325,0.4510204081632653,1.331e-320,1.331e-320,1.4255939438105574e+102,I_stable,I_stable,0.4510204081632653,0.5503603589627031
0.13755102040816325,0.47061224489795916,1.247e-320,1.247e-320,1.9032681962933106e+102,I_stable,I_stable,0.47061224489795916,0.5681950124246583
0.13755102040816325,0.49020408163265305,1.3404e-320,1.3404e-320,2.1167650764766508e+102,I_stable,I_stable,0.49020408163265305,0.5858449522056745
0.13755102040816325,0.509795918367347,0.0,0.0,1.8192313277026886e+102,I_stable,I_stable,0.509795918367347,0.6033193653210811
0.13755102040816325,0.5293877551020408,0.0,0.0,2.1285680849830558e+102,I_stable,I_stable,0.5293877551020408,0.6206266476163069
0.13755102040816325,0.5489795918367347,0.0,0.0,2.84819121424234e+102,I_stable,I_stable,0.5489795918367347,0.6377744985737119
0.13755102040816325,0.5685714285714285,0.0,0.0,2.792413866615155e+102,I_stable,I_stable,0.5685714285714285,0.654770001788624
0.13755102040816325,0.5881632653061224,0.0,0.0,3.0831921894268777e+102,I_stable,I_stable,0.5881632653061224,0.6716196936990277
0.13755102040816325,0.6077551020408163,0.0,0.0,3.1570100992684363e+102,I_stable,I_stable,0.6077551020408163,0.6883296226168335
0.13755102040816325,0.6273469387755102,0.0,0.0,3.9845075195463875e+102,I_stable,I_stable,0.6273469387755102,0.7049053996971941
0.13755102040816325,0.6469387755102041,0.0,0.0,4.759487150225684e+102,I_stable,I_stable,0.6469387755102041,0.7213522431638066
0.13755102040816325,0.666530612244898,0.0,0.0,5.138987537706162e+102,I_stable,I_stable,0.666530612244898,0.7376750168593522
0.13755102040816325,0.6861224489795918,0.0,0.0,5.5321854140973e+102,I_stable,I_stable,0.6861224489795918,0.753878263994344
0.13755102040816325,0.7057142857142857,0.0,0.0,7.065476068494098e+102,I_stable,I_stable,0.7057142857142857,0.7699662368122037
0.13755102040816325,0.7253061224489796,0.0,0.0,7.994073979117253e+102,I_stable,I_stable,0.7253061224489796,0.785942922764163
0.13755102040816325,0.7448979591836734,0.0,0.0,9.014367319107225e+102,I_stable,I_stable,0.7448979591836734,0.8018120676876266
0.13755102040816325,0.7644897959183673,0.0,0.0,1.0858738541291489e+103,I_stable,I_stable,0.7644897959183673,0.8175771964006852
0.13755102040816325,0.7840816326530612,0.0,0.0,1.35181595541758e+103,I_stable,I_stable,0.7840816326530612,0.8332416310595315
0.13755102040816325,0.8036734693877551,0.0,0.0,1.6150242678629733e+103,I_stable,I_stable,0.8036734693877551,0.8488085075715106
0.13755102040816325,0.823265306122449,0.0,0.0,1.988109437705784e+103,I_stable,I_stable,0.823265306122449,0.8642807903120353
0.13755102040816325,0.8428571428571429,0.0,0.0,2.594938953455534e+103,I_stable,I_stable,0.8428571428571429,0.8796612853567701
0.13755102040816325,0.8624489795918368,0.0,0.0,3.47462259656584e+103,I_stable,I_stable,0.8624489795918368,0.8949526524098372
0.13755102040816325,0.8820408163265305,0.0,0.0,4.861316657441275e+103,I_stable,I_stable,0.8820408163265305,0.910157415583198
0.13755102040816325,0.9016326530612244,0.0,0.0,7.241298713113308e+103,I_stable,I_stable,0.9016326530612244,0.9252779731608697
0.13755102040816325,0.9212244897959183,0.0,0.0,1.1090482837556486e+104,I_stable,I_stable,0.9212244897959183,0.9403166064635249
0.13755102040816325,0.9408163265306122,0.0,0.0,2.0383318367919986e+104,I_stable,I_stable,0.9408163265306122,0.9552754879136958
0.13755102040816325,0.9604081632653061,0.0,0.0,4.610798405096123e+104,I_stable,I_stable,0.9604081632653061,0.9701566883887878
0.13755102040816325,0.98,0.0,0.0,1.828983558212096e+105,I_stable,I_stable,0.98,0.9849621839380145
0.1571428571428571,0.02,6.0127197803792395e-21,1.1815110997740517e-18,1717968569.2851639,III_signgd,I_stable,0.02,0.053182958969449884
0.1571428571428571,0.03959183673469388,3.7619395941986463e-20,1.8130173217386062e-17,247854.80441604872,III_signgd,II_spike,0.03959183673469388,0.0887573316607622
0.1571428571428571,0.05918367346938776,1.3510140211137297e-30,3.815589747495133e-14,1.1581399496192168e+22,III_signgd,II_spike,0.05918367346938776,0.11999176412600944
0.1571428571428571,0.07877551020408163,5.3373339074741065e-34,2.6786041814483863e-15,1.4389280448144916e+27,III_signgd,II_spike,0.07877551020408163,0.14869399108610135
0.1571428571428571,0.09836734693877551,3.7668902485219755e-33,1.6087290957329646e-15,1.1876509688841174e+23,II_spike,II_spike,0.09836734693877551,0.17564598165422904
0.1571428571428571,0.11795918367346939,4.046264339535202e-34,7.568306287830289e-18,1.0897856179843395e+27,II_spike,I_stable,0.11795918367346939,0.20127916346199196
0.1571428571428571,0.13755102040816325,3.386351524685766e-39,4.907995220116085e-19,1.177370659826001e+28,II_spike,I_stable,0.13755102040816325,0.2258644406312193
0.1571428571428571,0.1571428571428571,5.08e-321,5.08e-321,1.0229506912696762e+102,I_stable,I_stable,0.1571428571428571,0.24958643848936826
0.1571428571428571,0.176734693877551,7.095e-321,7.095e-321,6.558052953064549e+101,I_stable,I_stable,0.176734693877551,0.27257835044093476
0.1571428571428571,0.1963265306122449,7.96e-321,7.96e-321,1.2784941993001056e+102,I_stable,I_stable,0.1963265306122449,0.29494038580671944
0.1571428571428571,0.21591836734693876,9.1e-321,9.1e-321,8.068125546640435e+101,I_stable,I_stable,0.21591836734693876,0.31675041368227413
0.1571428571428571,0.23551020408163262,2.2025e-320,2.2025e-320,7.77779725915842e+101,I_stable,I_stable,0.23551020408163262,0.33807051609020067
0.1571428571428571,0.25510204081632654,1.1947e-320,1.1947e-320,9.962264940015597e+101,I_stable,I_stable,0.25510204081632654,0.35895123321356215
0.1571428571428571,0.2746938775510204,9.78e-321,9.78e-321,7.952357153862728e+101,I_stable,I_stable,0.2746938775510204,0.3794344287204513
0.1571428571428571,0.29428571428571426,1.379e-320,1.379e-320,7.38321470101533e+101,I_stable,I_stable,0.29428571428571426,0.39955529026532965
0.1571428571428571,0.31387755102040815,1.1146e-320,1.1146e-320,1.3100406518499656e+102,I_stable,I_stable,0.31387755102040815,0.41934376641984905
0.1571428571428571,0.33346938775510204,1.502e-320,1.502e-320,1.260861335028539e+102,I_stable,I_stable,0.33346938775510204,0.4388256240669263
0.1571428571428571,0.35306122448979593,1.1853e-320,1.1853e-320,1.1405227633456205e+102,I_stable,I_stable,0.35306122448979593,0.45802324290480784
0.1571428571428571,0.3726530612244898,1.459e-320,1.459e-320,1.5062984740957845e+102,I_stable,I_stable,0.3726530612244898,0.4769562233715155
0.1571428571428571,0.39224489795918366,1.2263e-320,1.2263e-320,1.605502490603347e+102,I_stable,I_stable,0.39224489795918366,0.49564185930152915
0.1571428571428571,0.41183673469387755,1.173e-320,1.173e-320,1.3281458224827232e+102,I_stable,I_stable,0.41183673469387755,0.5140955106577026
0.1571428571428571,0.43142857142857144,1.481e-320,1.481e-320,1.2531427319039222e+102,I_stable,I_stable,0.43142857142857144,0.5323309012057498
0.1571428571428571,0.4510204081632653,1.185e-320,1.185e-320,1.8191150571355225e+102,I_stable,I_stable,0.4510204081632653,0.5503603589627031
0.1571428571428571,0.47061224489795916,1.503e-320,1.503e-320,1.6379221349073035e+102,I_stable,I_stable,0.47061224489795916,0.5681950124246583
0.1571428571428571,0.49020408163265305,1.1927e-320,1.1927e-320,1.8296495173598707e+102,I_stable,I_stable,0.49020408163265305,0.5858449522056745
0.1571428571428571,0.509795918367347,0.0,0.0,2.2128390911130512e+102,I_stable,I_stable,0.509795918367347,0.6033193653210811
0.1571428571428571,0.5293877551020408,0.0,0.0,2.552962913414669e+102,I_stable,I_stable,0.5293877551020408,0.6206266476163069
0.1571428571428571,0.5489795918367347,0.0,0.0,2.4974572141504866e+102,I_stable,I_stable,0.5489795918367347,0.6377744985737119
0.1571428571428571,0.5685714285714285,0.0,0.0,3.264124639032177e+102,I_stable,I_stable,0.5685714285714285,0.654770001788624
0.1571428571428571,0.5881632653061224,0.0,0.0,3.562336120125292e+102,I_stable,I_stable,0.5881632653061224,0.6716196936990277
0.1571428571428571,0.6077551020408163,0.0,0.0,3.6067717657266724e+102,I_stable,I_stable,0.6077551020408163,0.6883296226168335
0.1571428571428571,0.6273469387755102,0.0,0.0,4.503644362128155e+102,I_stable,I_stable,0.6273469387755102,0.7049053996971941
0.1571428571428571,0.6469387755102041,0.0,0.0,4.2848752761727074e+102,I_stable,I_stable,0.6469387755102041,0.7213522431638066
0.1571428571428571,0.666530612244898,0.0,0.0,5.698053361950643e+102,I_stable,I_stable,0.666530612244898,0.7376750168593522
0.1571428571428571,0.6861224489795918,0.0,0.0,6.07848515432862e+102,I_stable,I_stable,0.6861224489795918,0.753878263994344
0.1571428571428571,0.7057142857142857,0.0,0.0,6.4648244048563065e+102,I_stable,I_stable,0.7057142857142857,0.7699662368122037
0.1571428571428571,0.7253061224489796,0.0,0.0,8.635551854151377e+102,I_stable,I_stable,0.7253061224489796,0.785942922764163
0.1571428571428571,0.7448979591836734,0.0,0.0,9.660085577164077e+102,I_stable,I_stable,0.7448979591836734,0.8018120676876266
0.1571428571428571,0.7644897959183673,0.0,0.0,1.155194319049279e+103,I_stable,I_stable,0.7644897959183673,0.8175771964006852
0.1571428571428571,0.7840816326530612,0.0,0.0,1.4282275657913113e+103,I_stable,I_stable,0.7840816326530612,0.8332416310595315
0.1571428571428571,0.8036734693877551,0.0,0.0,1.6942622886466254e+103,I_stable,I_stable,0.8036734693877551,0.8488085075715106
0.1571428571428571,0.823265306122449,0.0,0.0,2.072592314999875e+103,I_stable,I_stable,0.823265306122449,0.8642807903120353
0.1571428571428571,0.8428571428571429,0.0,0.0,2.6893103049429196e+103,I_stable,I_stable,0.8428571428571429,0.8796612853567701
0.1571428571428571,0.8624489795918368,0.0,0.0,3.5795651940135986e+103,I_stable,I_stable,0.8624489795918368,0.8949526524098372
0.1571428571428571,0.8820408163265305,0.0,0.0,4.9811286049940865e+103,I_stable,I_stable,0.8820408163265305,0.910157415583198
0.1571428571428571,0.9016326530612244,0.0,0.0,7.011674335013456e+103,I_stable,I_stable,0.9016326530612244,0.9252779731608697
0.1571428571428571,0.9212244897959183,0.0,0.0,1.1253605041368974e+104,I_stable,I_stable,0.9212244897959183,0.9403166064635249
0.1571428571428571,0.9408163265306122,0.0,0.0,2.059111697764567e+104,I_stable,I_stable,0.9408163265306122,0.9552754879136958
0.1571428571428571,0.9604081632653061,0.0,0.0,4.640129601079432e+104,I_stable,I_stable,0.9604081632653061,0.9701566883887878
0.1571428571428571,0.98,0.0,0.0,1.8335365138509397e+105,I_stable,I_stable,0.98,0.9849621839380145
0.176734693877551,0.02,1.5905973425418362e-21,3.0528113163536503e-17,19989729488.32121,III_signgd,II_spike,0.02,0.053182958969449884
0.176734693877551,0.03959183673469388,5.197714925458529e-21,1.1143256551564887e-18,3771033478.7946587,III_signgd,I_stable,0.03959183673469388,0.0887573316607622
0.176734693877551,0.05918367346938776,5.851192065317014e-23,5.474541049370529e-17,3659562656119.534,III_signgd,II_spike,0.05918367346938776,0.11999176412600944
0.176734693877551,0.07877551020408163,9.067485097745392e-34,2.2644069129764004e-15,9.066437506788479e+26,III_signgd,II_spike,0.07877551020408163,0.14869399108610135
0.176734693877551,0.09836734693877551,5.124077233883328e-34,1.0422655279720063e-14,1.2328104515237892e+23,III_signgd,II_spike,0.09836734693877551,0.17564598165422904
0.176734693877551,0.11795918367346939,5.922362321192752e-26,6.033272588265895e-17,451065927387862.94,II_spike,II_spike,0.11795918367346939,0.20127916346199196
0.176734693877551,0.13755102040816325,2.0577480247218921e-25,9.581039268379759e-17,313260799836.60187,II_spike,II_spike,0.13755102040816325,0.2258644406312193
0.176734693877551,0.1571428571428571,2.3859187030303746e-39,3.185725980045474e-22,3.815006023944493e+22,II_spike,I_stable,0.1571428571428571,0.24958643848936826
0.176734693877551,0.176734693877551,1.714e-321,1.714e-321,5.2732840147055623e+101,I_stable,I_stable,0.176734693877551,0.27257835044093476
0.176734693877551,0.1963265306122449,5.894e-321,5.894e-321,1.2651581221840436e+102,I_stable,I_stable,0.1963265306122449,0.29494038580671944
0.176734693877551,0.21591836734693876,1.5356e-320,1.5356e-320,7.614256437090515e+101,I_stable,I_stable,0.21591836734693876,0.31675041368227413
0.176734693877551,0.23551020408163262,8.597e-321,8.597e-321,1.4658196144987147e+102,I_stable,I_stable,0.23551020408163262,0.33807051609020067
0.176734693877551,0.25510204081632654,8.103e-321,8.103e-321,8.923932205985439e+101,I_stable,I_stable,0.25510204081632654,0.35895123321356215
0.176734693877551,0.2746938775510204,1.1087e-320,1.1087e-320,1.3400734362944686e+102,I_stable,I_stable,0.2746938775510204,0.3794344287204513
0.176734693877551,0.29428571428571426,1.125e-320,1.125e-320,1.1902149149442245e+102,I_stable,I_stable,0.29428571428571426,0.39955529026532965
0.176734693877551,0.31387755102040815,1.159e-320,1.159e-320,1.1387163874210701e+102,I_stable,I_stable,0.31387755102040815,0.41934376641984905
0.176734693877551,0.33346938775510204,1.0267e-320,1.0267e-320,1.0914137816979198e+102,I_stable,I_stable,0.33346938775510204,0.4388256240669263
0.176734693877551,0.35306122448979593,1.4516e-320,1.4516e-320,9.854361023166819e+101,I_stable,I_stable,0.35306122448979593,0.45802324290480784
0.176734693877551,0.3726530612244898,1.1037e-320,1.1037e-320,1.3004502875237297e+102,I_stable,I_stable,0.3726530612244898,0.4769562233715155
0.176734693877551,0.39224489795918366,1.395e-320,1.395e-320,1.3867704664180426e+102,I_stable,I_stable,0.39224489795918366,0.49564185930152915
0.176734693877551,0.41183673469387755,1.1734e-320,1.1734e-320,1.790152661424239e+102,I_stable,I_stable,0.41183673469387755,0.5140955106577026
0.176734693877551,0.43142857142857144,1.1196e-320,1.1196e-320,1.653528392097488e+102,I_stable,I_stable,0.43142857142857144,0.5323309012057498
0.176734693877551,0.4510204081632653,1.421e-320,1.421e-320,1.5806677226165473e+102,I_stable,I_stable,0.4510204081632653,0.5503603589627031
0.176734693877551,0.47061224489795916,1.1413e-320,1.1413e-320,2.0809291792795298e+102,I_stable,I_stable,0.47061224489795916,0.5681950124246583
0.176734693877551,0.49020408163265305,1.433e-320,1.433e-320,2.2855074063009223e+102,I_stable,I_stable,0.49020408163265305,0.5858449522056745
0.176734693877551,0.509795918367347,0.0,0.0,1.9425313766203909e+102,I_stable,I_stable,0.509795918367347,0.6033193653210811
0.176734693877551,0.5293877551020408,0.0,0.0,2.2496515780893127e+102,I_stable,I_stable,0.5293877551020408,0.6206266476163069
0.176734693877551,0.5489795918367347,0.0,0.0,2.9831687822095946e+102,I_stable,I_stable,0.5489795918367347,0.6377744985737119
0.176734693877551,0.5685714285714285,0.0,0.0,2.90132307699237e+102,I_stable,I_stable,0.5685714285714285,0.654770001788624
0.176734693877551,0.5881632653061224,0.0,0.0,3.179821474896681e+102,I_stable,I_stable,0.5881632653061224,0.6716196936990277
0.176734693877551,0.6077551020408163,0.0,0.0,4.15005921287074e+102,I_stable,I_stable,0.6077551020408163,0.6883296226168335
0.176734693877551,0.6273469387755102,0.0,0.0,4.0593116148890534e+102,I_stable,I_stable,0.6273469387755102,0.7049053996971941
0.176734693877551,0.6469387755102041,0.0,0.0,4.824462456590096e+102,I_stable,I_stable,0.6469387755102041,0.7213522431638066
0.176734693877551,0.666530612244898,0.0,0.0,5.183883042047964e+102,I_stable,I_stable,0.666530612244898,0.7376750168593522
0.176734693877551,0.6861224489795918,0.0,0.0,5.557642019844043e+102,I_stable,I_stable,0.6861224489795918,0.753878263994344
0.176734693877551,0.7057142857142857,0.0,0.0,7.074205254416944e+102,I_stable,I_stable,0.7057142857142857,0.7699662368122037
0.176734693877551,0.7253061224489796,0.0,0.0,7.973324005080653e+102,I_stable,I_stable,0.7253061224489796,0.785942922764163
0.176734693877551,0.7448979591836734,0.0,0.0,8.968948364398289e+102,I_stable,I_stable,0.7448979591836734,0.8018120676876266
0.176734693877551,0.7644897959183673,0.0,0.0,1.0779553879768627e+103,I_stable,I_stable,0.7644897959183673,0.8175771964006852
0.176734693877551,0.7840816326530612,0.0,0.0,1.339503807625118e+103,I_stable,I_stable,0.7840816326530612,0.8332416310595315
0.176734693877551,0.8036734693877551,0.0,0.0,1.597750323278284e+103,I_stable,I_stable,0.8036734693877551,0.8488085075715106
0.176734693877551,0.823265306122449,0.0,0.0,2.1660284221267544e+103,I_stable,I_stable,0.823265306122449,0.8642807903120353
0.176734693877551,0.8428571428571429,0.0,0.0,2.7914375280475634e+103,I_stable,I_stable,0.8428571428571429,0.8796612853567701
0.176734693877551,0.8624489795918368,0.0,0.0,3.694540225053756e+103,I_stable,I_stable,0.8624489795918368,0.8949526524098372
0.176734693877551,0.8820408163265305,0.0,0.0,4.798377351975845e+103,I_stable,I_stable,0.8820408163265305,0.910157415583198
0.176734693877551,0.9016326530612244,0.0,0.0,7.151582750082979e+103,I_stable,I_stable,0.9016326530612244,0.9252779731608697
0.176734693877551,0.9212244897959183,0.0,0.0,1.142192606995858e+104,I_stable,I_stable,0.9212244897959183,0.9403166064635249
0.176734693877551,0.9408163265306122,0.0,0.0,2.0178460853667166e+104,I_stable,I_stable,0.9408163265306122,0.9552754879136958
0.176734693877551,0.9604081632653061,0.0,0.0,4.5747847347688675e+104,I_stable,I_stable,0.9604081632653061,0.9701566883887878
0.176734693877551,0.98,0.0,0.0,1.8379349598948276e+105,I_stable,I_stable,0.98,0.9849621839380145
0.1963265306122449,0.02,1.0661450323900429e-16,1.934718934342547e-16,1372.9614811326232,III_signgd,III_signgd,0.02,0.053182958969449884
0.1963265306122449,0.03959183673469388,1.9130191376801754e-24,9.433537572049496e-14,435721339582083.1,III_signgd,II_spike,0.03959183673469388,0.0887573316607622
0.1963265306122449,0.05918367346938776,1.038204323850982e-18,6.624435860531458e-14,1730387.0469284258,III_signgd,II_spike,0.05918367346938776,0.11999176412600944
0.1963265306122449,0.07877551020408163,8.53455805564818e-18,7.679214711038385e-17,8792602.198966024,III_signgd,II_spike,0.07877551020408163,0.14869399108610135
0.1963265306122449,0.09836734693877551,8.133816729061139e-22,3.6764247538756334e-14,259100801347.14746,III_signgd,II_spike,0.09836734693877551,0.17564598165422904
0.1963265306122449,0.11795918367346939,2.2642435813712013e-27,2.1944905786813016e-15,1.0723835934113594e+17,II_spike,II_spike,0.11795918367346939,0.20127916346199196
0.1963265306122449,0.13755102040816325,2.0767129576312405e-33,4.539726230780277e-15,5.65145890088972e+24,II_spike,II_spike,0.13755102040816325,0.2258644406312193
0.1963265306122449,0.1571428571428571,9.5658704293153e-33,1.5373589822085744e-14,8.092769091662101e+24,II_spike,II_spike,0.1571428571428571,0.24958643848936826
0.1963265306122449,0.176734693877551,1.745066044568085e-40,6.700255481079543e-15,2.2371084104011344e+27,II_spike,II_spike,0.176734693877551,0.27257835044093476
0.1963265306122449,0.1963265306122449,9e-322,9e-322,1.0574744102816319e+102,I_stable,I_stable,0.1963265306122449,0.29494038580671944
0.1963265306122449,0.21591836734693876,5.845e-321,5.845e-321,1.6682457442287803e+102,I_stable,I_stable,0.21591836734693876,0.31675041368227413
0.1963265306122449,0.23551020408163262,1.3913e-320,1.3913e-320,1.4242830665027625e+102,I_stable,I_stable,0.23551020408163262,0.33807051609020067
0.1963265306122449,0.25510204081632654,8.676e-321,8.676e-321,1.6629384030418595e+102,I_stable,I_stable,0.25510204081632654,0.35895123321356215
0.1963265306122449,0.2746938775510204,7.233e-321,7.233e-321,1.2338719247977057e+102,I_stable,I_stable,0.2746938775510204,0.3794344287204513
0.1963265306122449,0.29428571428571426,1.0524e-320,1.0524e-320,1.0793823236542505e+102,I_stable,I_stable,0.29428571428571426,0.39955529026532965
0.1963265306122449,0.31387755102040815,8.8e-321,8.8e-321,1.0214105963321101e+102,I_stable,I_stable,0.31387755102040815,0.41934376641984905
0.1963265306122449,0.33346938775510204,1.204e-320,1.204e-320,1.6831523208166576e+102,I_stable,I_stable,0.33346938775510204,0.4388256240669263
0.1963265306122449,0.35306122448979593,9.694e-321,9.694e-321,1.4694573794770296e+102,I_stable,I_stable,0.35306122448979593,0.45802324290480784
0.1963265306122449,0.3726530612244898,1.248e-320,1.248e-320,1.1485577402217013e+102,I_stable,I_stable,0.3726530612244898,0.4769562233715155
0.1963265306122449,0.39224489795918366,1.054e-320,1.054e-320,1.2226333196291265e+102,I_stable,I_stable,0.39224489795918366,0.49564185930152915
0.1963265306122449,0.41183673469387755,1.0296e-320,1.0296e-320,1.5773280182363113e+102,I_stable,I_stable,0.41183673469387755,0.5140955106577026
0.1963265306122449,0.43142857142857144,1.3157e-320,1.3157e-320,1.4577848006001054e+102,I_stable,I_stable,0.43142857142857144,0.5323309012057498
0.1963265306122449,0.4510204081632653,1.0726e-320,1.0726e-320,2.077492855216142e+102,I_stable,I_stable,0.4510204081632653,0.5503603589627031
0.1963265306122449,0.47061224489795916,1.389e-320,1.389e-320,1.8398910039631397e+102,I_stable,I_stable,0.47061224489795916,0.5681950124246583
0.1963265306122449,0.49020408163265305,1.094e-320,1.094e-320,2.0249201930347938e+102,I_stable,I_stable,0.49020408163265305,0.5858449522056745
0.1963265306122449,0.509795918367347,0.0,0.0,2.4168085052116925e+102,I_stable,I_stable,0.509795918367347,0.6033193653210811
0.1963265306122449,0.5293877551020408,0.0,0.0,2.754416620808546e+102,I_stable,I_stable,0.5293877551020408,0.6206266476163069
0.1963265306122449,0.5489795918367347,0.0,0.0,2.666366189482611e+102,I_stable,I_stable,0.5489795918367347,0.6377744985737119
0.1963265306122449,0.5685714285714285,0.0,0.0,3.451508290756649e+102,I_stable,I_stable,0.5685714285714285,0.654770001788624
0.1963265306122449,0.5881632653061224,0.0,0.0,3.73341506856776e+102,I_stable,I_stable,0.5881632653061224,0.6716196936990277
0.1963265306122449,0.6077551020408163,0.0,0.0,3.750191171745176e+102,I_stable,I_stable,0.6077551020408163,0.6883296226168335
0.1963265306122449,0.6273469387755102,0.0,0.0,4.650215601858185e+102,I_stable,I_stable,0.6273469387755102,0.7049053996971941
0.1963265306122449,0.6469387755102041,0.0,0.0,4.394990099155541e+102,I_stable,I_stable,0.6469387755102041,0.7213522431638066
0.1963265306122449,0.666530612244898,0.0,0.0,5.8109380289872415e+102,I_stable,I_stable,0.666530612244898,0.7376750168593522
0.1963265306122449,0.6861224489795918,0.0,0.0,6.167498653151755e+102,I_stable,I_stable,0.6861224489795918,0.753878263994344
0.1963265306122449,0.7057142857142857,0.0,0.0,6.529566216830394e+102,I_stable,I_stable,0.7057142857142857,0.7699662368122037
0.1963265306122449,0.7253061224489796,0.0,0.0,8.683005783646956e+102,I_stable,I_stable,0.7253061224489796,0.785942922764163
0.1963265306122449,0.7448979591836734,0.0,0.0,9.684952221730662e+102,I_stable,I_stable,0.7448979591836734,0.8018120676876266
0.1963265306122449,0.7644897959183673,0.0,0.0,1.1542002405582129e+103,I_stable,I_stable,0.7644897959183673,0.8175771964006852
0.1963265306122449,0.7840816326530612,0.0,0.0,1.4229802821332068e+103,I_stable,I_stable,0.7840816326530612,0.8332416310595315
0.1963265306122449,0.8036734693877551,0.0,0.0,1.6850168579473827e+103,I_stable,I_stable,0.8036734693877551,0.8488085075715106
0.1963265306122449,0.823265306122449,0.0,0.0,2.0569066804628906e+103,I_stable,I_stable,0.823265306122449,0.8642807903120353
0.1963265306122449,0.8428571428571429,0.0,0.0,2.664845795996976e+103,I_stable,I_stable,0.8428571428571429,0.8796612853567701
0.1963265306122449,0.8624489795918368,0.0,0.0,3.544161691569023e+103,I_stable,I_stable,0.8624489795918368,0.8949526524098372
0.1963265306122449,0.8820408163265305,0.0,0.0,4.928655327925062e+103,I_stable,I_stable,0.8820408163265305,0.910157415583198
0.1963265306122449,0.9016326530612244,0.0,0.0,7.304571281244774e+103,I_stable,I_stable,0.9016326530612244,0.9252779731608697
0.1963265306122449,0.9212244897959183,0.0,0.0,1.1601487020579143e+104,I_stable,I_stable,0.9212244897959183,0.9403166064635249
0.1963265306122449,0.9408163265306122,0.0,0.0,2.039618916154213e+104,I_stable,I_stable,0.9408163265306122,0.9552754879136958
0.1963265306122449,0.9604081632653061,0.0,0.0,4.6052759425409087e+104,I_stable,I_stable,0.9604081632653061,0.9701566883887878
0.1963265306122449,0.98,0.0,0.0,1.8247362189014105e+105,I_stable,I_stable,0.98,0.9849621839380145
0.21591836734693876,0.02,2.0170767770193986e-16,7.344687525017765e-16,4717.817169075822,III_signgd,III_signgd,0.02,0.053182958969449884
0.21591836734693876,0.03959183673469388,2.571136521136836e-22,1.0061264185398872e-13,151036428383.4156,III_signgd,II_spike,0.03959183673469388,0.0887573316607622
0.21591836734693876,0.05918367346938776,7.059318496868145e-22,9.130129666589183e-19,76730090536.72948,III_signgd,I_stable,0.05918367346938776,0.11999176412600944
0.21591836734693876,0.07877551020408163,3.920895929856321e-23,5.5050781073383036e-14,11613264529.567755,III_signgd,II_spike,0.07877551020408163,0.14869399108610135
0.21591836734693876,0.09836734693877551,3.542137789194411e-22,8.052310597833343e-17,3567669125.3165526,III_signgd,II_spike,0.09836734693877551,0.17564598165422904
0.21591836734693876,0.11795918367346939,3.1992231514586966e-20,2.3815309963276757e-16,23736507.447728593,III_signgd,II_spike,0.11795918367346939,0.20127916346199196
0.21591836734693876,0.13755102040816325,8.061030600096455e-33,6.562379997977197e-17,6.9295991532390175e+25,II_spike,II_spike,0.13755102040816325,0.2258644406312193
0.21591836734693876,0.1571428571428571,3.8605443180423086e-33,1.4194830929515552e-15,7.276681733927581e+24,II_spike,II_spike,0.1571428571428571,0.24958643848936826
0.21591836734693876,0.176734693877551,1.0973200298521054e-33,7.649313991553852e-17,2.3703334988276527e+25,II_spike,II_spike,0.176734693877551,0.27257835044093476
0.21591836734693876,0.1963265306122449,2.3394994975008086e-47,2.242542300668653e-15,5.288255719227014e+28,II_spike,II_spike,0.1963265306122449,0.29494038580671944
0.21591836734693876,0.21591836734693876,2.31e-321,2.31e-321,1.0936733631635994e+102,I_stable,I_stable,0.21591836734693876,0.31675041368227413
0.21591836734693876,0.23551020408163262,5.726e-321,5.726e-321,1.4905444803051276e+102,I_stable,I_stable,0.23551020408163262,0.33807051609020067
0.21591836734693876,0.25510204081632654,5.52e-321,5.52e-321,1.661580623159885e+102,I_stable,I_stable,0.25510204081632654,0.35895123321356215
0.21591836734693876,0.2746938775510204,8.113e-321,8.113e-321,1.1935961070247776e+102,I_stable,I_stable,0.2746938775510204,0.3794344287204513
0.21591836734693876,0.29428571428571426,8.384e-321,8.384e-321,1.8813192740454424e+102,I_stable,I_stable,0.29428571428571426,0.39955529026532965
0.21591836734693876,0.31387755102040815,9.09e-321,9.09e-321,1.6954644044081975e+102,I_stable,I_stable,0.31387755102040815,0.41934376641984905
0.21591836734693876,0.33346938775510204,8.18e-321,8.18e-321,1.5466929263720598e+102,I_stable,I_stable,0.33346938775510204,0.4388256240669263
0.21591836734693876,0.35306122448979593,1.1976e-320,1.1976e-320,1.338724338632135e+102,I_stable,I_stable,0.35306122448979593,0.45802324290480784
0.21591836734693876,0.3726530612244898,9.204e-321,9.204e-321,1.7036345458813704e+102,I_stable,I_stable,0.3726530612244898,0.4769562233715155
0.21591836734693876,0.39224489795918366,1.1793e-320,1.1793e-320,1.760245370840637e+102,I_stable,I_stable,0.39224489795918366,0.49564185930152915
0.21591836734693876,0.41183673469387755,1.2253e-320,1.2253e-320,1.4185589657177845e+102,I_stable,I_stable,0.41183673469387755,0.5140955106577026
0.21591836734693876,0.43142857142857144,9.733e-321,9.733e-321,1.9930915340551815e+102,I_stable,I_stable,0.43142857142857144,0.5323309012057498
0.21591836734693876,0.4510204081632653,1.2564e-320,1.2564e-320,1.8640479609049817e+102,I_stable,I_stable,0.4510204081632653,0.5503603589627031
0.21591836734693876,0.47061224489795916,1.073e-320,1.073e-320,2.4072552499626654e+102,I_stable,I_stable,0.47061224489795916,0.5681950124246583
0.21591836734693876,0.49020408163265305,1.295e-320,1.295e-320,2.5990356473841874e+102,I_stable,I_stable,0.49020408163265305,0.5858449522056745
0.21591836734693876,0.509795918367347,0.0,0.0,2.1746507780985835e+102,I_stable,I_stable,0.509795918367347,0.6033193653210811
0.21591836734693876,0.5293877551020408,0.0,0.0,2.483304672119893e+102,I_stable,I_stable,0.5293877551020408,0.6206266476163069
0.21591836734693876,0.5489795918367347,0.0,0.0,3.251555739741958e+102,I_stable,I_stable,0.5489795918367347,0.6377744985737119
0.21591836734693876,0.5685714285714285,0.0,0.0,3.126786686259353e+102,I_stable,I_stable,0.5685714285714285,0.654770001788624
0.21591836734693876,0.5881632653061224,0.0,0.0,3.391457400548503e+102,I_stable,I_stable,0.5881632653061224,0.6716196936990277
0.21591836734693876,0.6077551020408163,0.0,0.0,4.3836996138003983e+102,I_stable,I_stable,0.6077551020408163,0.6883296226168335
0.21591836734693876,0.6273469387755102,0.0,0.0,4.251741368403233e+102,I_stable,I_stable,0.6273469387755102,0.7049053996971941
0.21591836734693876,0.6469387755102041,0.0,0.0,5.013063375717047e+102,I_stable,I_stable,0.6469387755102041,0.7213522431638066
0.21591836734693876,0.666530612244898,0.0,0.0,5.351645103611156e+102,I_stable,I_stable,0.666530612244898,0.7376750168593522
0.21591836734693876,0.6861224489795918,0.0,0.0,6.881228194224575e+102,I_stable,I_stable,0.6861224489795918,0.753878263994344
0.21591836734693876,0.7057142857142857,0.0,0.0,7.213478767752157e+102,I_stable,I_stable,0.7057142857142857,0.7699662368122037
0.21591836734693876,0.7253061224489796,0.0,0.0,8.091174378105743e+102,I_stable,I_stable,0.7253061224489796,0.785942922764163
0.21591836734693876,0.7448979591836734,0.0,0.0,1.0498761240800611e+103,I_stable,I_stable,0.7448979591836734,0.8018120676876266
0.21591836734693876,0.7644897959183673,0.0,0.0,1.240408621877811e+103,I_stable,I_stable,0.7644897959183673,0.8175771964006852
0.21591836734693876,0.7840816326530612,0.0,0.0,1.3427135664162535e+103,I_stable,I_stable,0.7840816326530612,0.8332416310595315
0.21591836734693876,0.8036734693877551,0.0,0.0,1.7812520927339506e+103,I_stable,I_stable,0.8036734693877551,0.8488085075715106
0.21591836734693876,0.823265306122449,0.0,0.0,2.1594131822577655e+103,I_stable,I_stable,0.823265306122449,0.8642807903120353
0.21591836734693876,0.8428571428571429,0.0,0.0,2.7764124789093283e+103,I_stable,I_stable,0.8428571428571429,0.8796612853567701
0.21591836734693876,0.8624489795918368,0.0,0.0,3.669806187342718e+103,I_stable,I_stable,0.8624489795918368,0.8949526524098372
0.21591836734693876,0.8820408163265305,0.0,0.0,5.0696209672102065e+103,I_stable,I_stable,0.8820408163265305,0.910157415583198
0.21591836734693876,0.9016326530612244,0.0,0.0,7.093471077831228e+103,I_stable,I_stable,0.9016326530612244,0.9252779731608697
0.21591836734693876,0.9212244897959183,0.0,0.0,1.1325590318298567e+104,I_stable,I_stable,0.9212244897959183,0.9403166064635249
0.21591836734693876,0.9408163265306122,0.0,0.0,2.0634612714095867e+104,I_stable,I_stable,0.9408163265306122,0.9552754879136958
0.21591836734693876,0.9604081632653061,0.0,0.0,4.635168943404099e+104,I_stable,I_stable,0.9604081632653061,0.9701566883887878
0.21591836734693876,0.98,0.0,0.0,1.8293535774782866e+105,I_stable,I_stable,0.98,0.9849621839380145
0.23551020408163262,0.02,6.006619143451562e-22,2.013200324155433e-15,28825567966.18372,III_signgd,II_spike,0.02,0.053182958969449884
0.23551020408163262,0.03959183673469388,1.01833835785294e-18,1.0624943187300357e-13,12176787.390103376,III_signgd,II_spike,0.03959183673469388,0.0887573316607622
0.23551020408163262,0.05918367346938776,7.34600854597842e-27,5.02385400329367e-21,1.9537875635450168e+18,III_signgd,I_stable,0.05918367346938776,0.11999176412600944
0.23551020408163262,0.07877551020408163,9.904053745354027e-29,3.584019437774046e-18,1.8276849149052168e+19,III_signgd,I_stable,0.07877551020408163,0.14869399108610135
0.23551020408163262,0.09836734693877551,6.2750744150564e-18,2.393824263942153e-17,83468.12571592587,III_signgd,II_spike,0.09836734693877551,0.17564598165422904
0.23551020408163262,0.11795918367346939,3.22831483570213e-21,4.103301517645404e-14,1075494.862107428,III_signgd,II_spike,0.11795918367346939,0.20127916346199196
0.23551020408163262,0.13755102040816325,6.035510661783384e-23,1.7274576467909522e-16,25432716.882890157,III_signgd,II_spike,0.13755102040816325,0.2258644406312193
0.23551020408163262,0.1571428571428571,5.413391544224046e-32,7.796320732203669e-16,3.384966861810426e+23,II_spike,II_spike,0.1571428571428571,0.24958643848936826
0.23551020408163262,0.176734693877551,2.1145557281637493e-36,2.701021994528493e-15,6.802097664261162e+26,II_spike,II_spike,0.176734693877551,0.27257835044093476
0.23551020408163262,0.1963265306122449,1.5222620584912783e-32,1.135330846168544e-15,1.4164504489792996e+22,II_spike,II_spike,0.1963265306122449,0.29494038580671944
0.23551020408163262,0.21591836734693876,5.5347593516415e-50,6.942180234508185e-16,5.946866777841078e+33,II_spike,II_spike,0.21591836734693876,0.31675041368227413
0.23551020408163262,0.23551020408163262,2.7e-321,2.7e-321,2.384747730258031e+102,I_stable,I_stable,0.23551020408163262,0.33807051609020067
0.23551020408163262,0.25510204081632654,4.85e-321,4.85e-321,1.7860452317289002e+102,I_stable,I_stable,0.25510204081632654,0.35895123321356215
0.23551020408163262,0.2746938775510204,5.44e-321,5.44e-321,2.3376605898111807e+102,I_stable,I_stable,0.2746938775510204,0.3794344287204513
0.23551020408163262,0.29428571428571426,8.02e-321,8.02e-321,1.868714220782875e+102,I_stable,I_stable,0.29428571428571426,0.39955529026532965
0.23551020408163262,0.31387755102040815,6.956e-321,6.956e-321,1.6445262278108435e+102,I_stable,I_stable,0.31387755102040815,0.41934376641984905
0.23551020408163262,0.33346938775510204,9.71e-321,9.71e-321,1.4739762059877656e+102,I_stable,I_stable,0.33346938775510204,0.4388256240669263
0.23551020408163262,0.35306122448979593,7.866e-321,7.866e-321,2.119661666469548e+102,I_stable,I_stable,0.35306122448979593,0.45802324290480784
0.23551020408163262,0.3726530612244898,1.0064e-320,1.0064e-320,1.5872303048171293e+102,I_stable,I_stable,0.3726530612244898,0.4769562233715155
0.23551020408163262,0.39224489795918366,8.83e-321,8.83e-321,1.6282965525140812e+102,I_stable,I_stable,0.39224489795918366,0.49564185930152915
0.23551020408163262,0.41183673469387755,8.794e-321,8.794e-321,2.0337332995839412e+102,I_stable,I_stable,0.41183673469387755,0.5140955106577026
0.23551020408163262,0.43142857142857144,1.1314e-320,1.1314e-320,1.8267573560803003e+102,I_stable,I_stable,0.43142857142857144,0.5323309012057498
0.23551020408163262,0.4510204081632653,9.407e-321,9.407e-321,2.5386658128227897e+102,I_stable,I_stable,0.4510204081632653,0.5503603589627031
0.23551020408163262,0.47061224489795916,1.232e-320,1.232e-320,2.1980162777754234e+102,I_stable,I_stable,0.47061224489795916,0.5681950124246583
0.23551020408163262,0.49020408163265305,9.743e-321,9.743e-321,2.3715520050336215e+102,I_stable,I_stable,0.49020408163265305,0.5858449522056745
0.23551020408163262,0.509795918367347,0.0,0.0,2.7796681454617554e+102,I_stable,I_stable,0.509795918367347,0.6033193653210811
0.23551020408163262,0.5293877551020408,0.0,0.0,3.1172511469552634e+102,I_stable,I_stable,0.5293877551020408,0.6206266476163069
0.23551020408163262,0.5489795918367347,0.0,0.0,2.972409505815352e+102,I_stable,I_stable,0.5489795918367347,0.6377744985737119
0.23551020408163262,0.5685714285714285,0.0,0.0,3.7966191605308135e+102,I_stable,I_stable,0.5685714285714285,0.654770001788624
0.23551020408163262,0.5881632653061224,0.0,0.0,4.057258671665964e+102,I_stable,I_stable,0.5881632653061224,0.6716196936990277
0.23551020408163262,0.6077551020408163,0.0,0.0,4.031103209685804e+102,I_stable,I_stable,0.6077551020408163,0.6883296226168335
0.23551020408163262,0.6273469387755102,0.0,0.0,4.948131297390895e+102,I_stable,I_stable,0.6273469387755102,0.7049053996971941
0.23551020408163262,0.6469387755102041,0.0,0.0,4.633937684739858e+102,I_stable,I_stable,0.6469387755102041,0.7213522431638066
0.23551020408163262,0.666530612244898,0.0,0.0,6.076041469416555e+102,I_stable,I_stable,0.666530612244898,0.7376750168593522
0.23551020408163262,0.6861224489795918,0.0,0.0,6.398590289191149e+102,I_stable,I_stable,0.6861224489795918,0.753878263994344
0.23551020408163262,0.7057142857142857,0.0,0.0,8.011996699159897e+102,I_stable,I_stable,0.7057142857142857,0.7699662368122037
0.23551020408163262,0.7253061224489796,0.0,0.0,8.896211416345156e+102,I_stable,I_stable,0.7253061224489796,0.785942922764163
0.23551020408163262,0.7448979591836734,0.0,0.0,9.865805040936833e+102,I_stable,I_stable,0.7448979591836734,0.8018120676876266
0.23551020408163262,0.7644897959183673,0.0,0.0,1.1702755824903925e+103,I_stable,I_stable,0.7644897959183673,0.8175771964006852
0.23551020408163262,0.7840816326530612,0.0,0.0,1.4359190704940457e+103,I_stable,I_stable,0.7840816326530612,0.8332416310595315
0.23551020408163262,0.8036734693877551,0.0,0.0,1.6934305155396621e+103,I_stable,I_stable,0.8036734693877551,0.8488085075715106
0.23551020408163262,0.823265306122449,0.0,0.0,2.2717501734202786e+103,I_stable,I_stable,0.823265306122449,0.8642807903120353
0.23551020408163262,0.8428571428571429,0.0,0.0,2.6628949460380124e+103,I_stable,I_stable,0.8428571428571429,0.8796612853567701
0.23551020408163262,0.8624489795918368,0.0,0.0,3.533860764019308e+103,I_stable,I_stable,0.8624489795918368,0.8949526524098372
0.23551020408163262,0.8820408163265305,0.0,0.0,4.904927823867902e+103,I_stable,I_stable,0.8820408163265305,0.910157415583198
0.23551020408163262,0.9016326530612244,0.0,0.0,7.260481070537462e+103,I_stable,I_stable,0.9016326530612244,0.9252779731608697
0.23551020408163262,0.9212244897959183,0.0,0.0,1.1524110411516908e+104,I_stable,I_stable,0.9212244897959183,0.9403166064635249
0.23551020408163262,0.9408163265306122,0.0,0.0,2.025949617016268e+104,I_stable,I_stable,0.9408163265306122,0.9552754879136958
0.23551020408163262,0.9604081632653061,0.0,0.0,4.668903602551128e+104,I_stable,I_stable,0.9604081632653061,0.9701566883887878
0.23551020408163262,0.98,0.0,0.0,1.8355544191009356e+105,I_stable,I_stable,0.98,0.9849621839380145
0.25510204081632654,0.02,1.1781030430078044e-15,3.127009744088565e-13,75.20929619014294,III_signgd,III_signgd,0.02,0.053182958969449884
0.25510204081632654,0.03959183673469388,8.520762148460726e-23,1.1149159078545093e-13,771583964334.9303,III_signgd,II_spike,0.03959183673469388,0.0887573316607622
0.25510204081632654,0.05918367346938776,2.1788762811893237e-21,2.3525029809477745e-20,10061316595.478369,III_signgd,I_stable,0.05918367346938776,0.11999176412600944
0.25510204081632654,0.07877551020408163,1.5924316077184265e-32,4.192914154182168e-15,6.655328816489461e+24,III_signgd,II_spike,0.07877551020408163,0.14869399108610135
0.25510204081632654,0.09836734693877551,1.369854159782117e-18,4.83984195929086e-14,661656.3058026098,III_signgd,II_spike,0.09836734693877551,0.17564598165422904
0.25510204081632654,0.11795918367346939,7.82373699277475e-18,2.4520194659982616e-17,56989.23472105772,III_signgd,II_spike,0.11795918367346939,0.20127916346199196
0.25510204081632654,0.13755102040816325,1.339699234379229e-22,3.740925418980653e-14,122222662.5499538,III_signgd,II_spike,0.13755102040816325,0.2258644406312193
0.25510204081632654,0.1571428571428571,7.003484264746686e-21,1.2746385832705518e-16,59172710.83697985,III_signgd,II_spike,0.1571428571428571,0.24958643848936826
0.25510204081632654,0.176734693877551,2.156824895772243e-27,2.4485361673973975e-16,7.051798597182533e+17,II_spike,II_spike,0.176734693877551,0.27257835044093476
0.25510204081632654,0.1963265306122449,7.824059150878478e-34,7.443539418144768e-17,9.233271423334495e+26,II_spike,II_spike,0.1963265306122449,0.29494038580671944
0.25510204081632654,0.21591836734693876,5.109435364406823e-33,1.8922592693918277e-17,3.735010488407709e+24,II_spike,II_spike,0.21591836734693876,0.31675041368227413
0.25510204081632654,0.23551020408163262,1.894144452403067e-60,6.123162516101262e-16,1.4432025531032377e+29,II_spike,II_spike,0.23551020408163262,0.33807051609020067
0.25510204081632654,0.25510204081632654,1.443e-321,1.443e-321,2.2031468154196103e+102,I_stable,I_stable,0.25510204081632654,0.35895123321356215
0.25510204081632654,0.2746938775510204,4.713e-321,4.713e-321,2.579707688360289e+102,I_stable,I_stable,0.2746938775510204,0.3794344287204513
0.25510204081632654,0.29428571428571426,4.67e-321,4.67e-321,1.968721566920197e+102,I_stable,I_stable,0.29428571428571426,0.39955529026532965
0.25510204081632654,0.31387755102040815,6.78e-321,6.78e-321,1.6753627081651823e+102,I_stable,I_stable,0.31387755102040815,0.41934376641984905
0.25510204081632654,0.33346938775510204,6.156e-321,6.156e-321,2.5363466922829443e+102,I_stable,I_stable,0.33346938775510204,0.4388256240669263
0.25510204081632654,0.35306122448979593,8.034e-321,8.034e-321,2.067633917380946e+102,I_stable,I_stable,0.35306122448979593,0.45802324290480784
0.25510204081632654,0.3726530612244898,7.61e-321,7.61e-321,1.5266910237256693e+102,I_stable,I_stable,0.3726530612244898,0.4769562233715155
0.25510204081632654,0.39224489795918366,9.535e-321,9.535e-321,2.474110502385053e+102,I_stable,I_stable,0.39224489795918366,0.49564185930152915
0.25510204081632654,0.41183673469387755,8.37e-321,8.37e-321,1.9191192630907658e+102,I_stable,I_stable,0.41183673469387755,0.5140955106577026
0.25510204081632654,0.43142857142857144,8.38e-321,8.38e-321,2.608683908358079e+102,I_stable,I_stable,0.43142857142857144,0.5323309012057498
0.25510204081632654,0.4510204081632653,1.098e-320,1.098e-320,2.369507213582952e+102,I_stable,I_stable,0.4510204081632653,0.5503603589627031
0.25510204081632654,0.47061224489795916,9.437e-321,9.437e-321,2.045010998305487e+102,I_stable,I_stable,0.47061224489795916,0.5681950124246583
0.25510204081632654,0.49020408163265305,1.1477e-320,1.1477e-320,2.2010039503058365e+102,I_stable,I_stable,0.49020408163265305,0.5858449522056745
0.25510204081632654,0.509795918367347,0.0,0.0,2.5755219710970134e+102,I_stable,I_stable,0.509795918367347,0.6033193653210811
0.25510204081632654,0.5293877551020408,0.0,0.0,2.8871041550408107e+102,I_stable,I_stable,0.5293877551020408,0.6206266476163069
0.25510204081632654,0.5489795918367347,0.0,0.0,2.7529607903328005e+102,I_stable,I_stable,0.5489795918367347,0.6377744985737119
0.25510204081632654,0.5685714285714285,0.0,0.0,3.5175543043457155e+102,I_stable,I_stable,0.5685714285714285,0.654770001788624
0.25510204081632654,0.5881632653061224,0.0,0.0,3.7621002579124103e+102,I_stable,I_stable,0.5881632653061224,0.6716196936990277
0.25510204081632654,0.6077551020408163,0.0,0.0,3.743105971539688e+102,I_stable,I_stable,0.6077551020408163,0.6883296226168335
0.25510204081632654,0.6273469387755102,0.0,0.0,4.602067707900339e+102,I_stable,I_stable,0.6273469387755102,0.7049053996971941
0.25510204081632654,0.6469387755102041,0.0,0.0,5.369734936962631e+102,I_stable,I_stable,0.6469387755102041,0.7213522431638066
0.25510204081632654,0.666530612244898,0.0,0.0,5.674739605689719e+102,I_stable,I_stable,0.666530612244898,0.7376750168593522
0.25510204081632654,0.6861224489795918,0.0,0.0,7.233356443550918e+102,I_stable,I_stable,0.6861224489795918,0.753878263994344
0.25510204081632654,0.7057142857142857,0.0,0.0,7.519752119974309e+102,I_stable,I_stable,0.7057142857142857,0.7699662368122037
0.25510204081632654,0.7253061224489796,0.0,0.0,8.375101152224458e+102,I_stable,I_stable,0.7253061224489796,0.785942922764163
0.25510204081632654,0.7448979591836734,0.0,0.0,1.0793409422256572e+103,I_stable,I_stable,0.7448979591836734,0.8018120676876266
0.25510204081632654,0.7644897959183673,0.0,0.0,1.267538415891305e+103,I_stable,I_stable,0.7644897959183673,0.8175771964006852
0.25510204081632654,0.7840816326530612,0.0,0.0,1.3650816812649783e+103,I_stable,I_stable,0.7840816326530612,0.8332416310595315
0.25510204081632654,0.8036734693877551,0.0,0.0,1.8020338592293443e+103,I_stable,I_stable,0.8036734693877551,0.8488085075715106
0.25510204081632654,0.823265306122449,0.0,0.0,2.1745671812446264e+103,I_stable,I_stable,0.823265306122449,0.8642807903120353
0.25510204081632654,0.8428571428571429,0.0,0.0,2.787105208828636e+103,I_stable,I_stable,0.8428571428571429,0.8796612853567701
0.25510204081632654,0.8624489795918368,0.0,0.0,3.672010161696557e+103,I_stable,I_stable,0.8624489795918368,0.8949526524098372
0.25510204081632654,0.8820408163265305,0.0,0.0,5.0593657862561175e+103,I_stable,I_stable,0.8820408163265305,0.910157415583198
0.25510204081632654,0.9016326530612244,0.0,0.0,7.442128512459635e+103,I_stable,I_stable,0.9016326530612244,0.9252779731608697
0.25510204081632654,0.9212244897959183,0.0,0.0,1.1737254194919095e+104,I_stable,I_stable,0.9212244897959183,0.9403166064635249
0.25510204081632654,0.9408163265306122,0.0,0.0,2.0521277669660257e+104,I_stable,I_stable,0.9408163265306122,0.9552754879136958
0.25510204081632654,0.9604081632653061,0.0,0.0,4.611735454197473e+104,I_stable,I_stable,0.9604081632653061,0.9701566883887878
0.25510204081632654,0.98,0.0,0.0,1.8406684721894522e+105,I_stable,I_stable,0.98,0.9849621839380145
0.2746938775510204,0.02,1.0396995600156279e-17,6.611635895320846e-15,17823.61192590988,III_signgd,II_spike,0.02,0.053182958969449884
0.2746938775510204,0.03959183673469388,1.103563754007947e-19,1.1648035068511222e-13,24775667.74524308,III_signgd,II_spike,0.03959183673469388,0.0887573316607622
0.2746938775510204,0.05918367346938776,2.226469619819199e-20,1.0402151692844664e-18,260416300.58337662,III_signgd,I_stable,0.05918367346938776,0.11999176412600944
0.2746938775510204,0.07877551020408163,2.3730926262070496e-29,7.737662632196967e-22,8.940083617125035e+21,III_signgd,I_stable,0.07877551020408163,0.14869399108610135
0.2746938775510204,0.09836734693877551,1.6009194946722406e-24,9.579912200330517e-19,734931702630373.6,III_signgd,I_stable,0.09836734693877551,0.17564598165422904
0.2746938775510204,0.11795918367346939,5.720664681500271e-19,4.2023452946196414e-14,2557873.7320131306,III_signgd,II_spike,0.11795918367346939,0.20127916346199196
0.2746938775510204,0.13755102040816325,4.948899041272028e-18,2.2474795981910287e-17,111425.70268285373,III_signgd,II_spike,0.13755102040816325,0.2258644406312193
0.2746938775510204,0.1571428571428571,3.832175962324828e-24,3.4146736247635863e-14,123750619913571.5,III_signgd,II_spike,0.1571428571428571,0.24958643848936826
0.2746938775510204,0.176734693877551,7.809302712855e-21,9.431270020146469e-17,87961177.63087025,III_signgd,II_spike,0.176734693877551,0.27257835044093476
0.2746938775510204,0.1963265306122449,2.6054750429902335e-22,1.6235548991511777e-16,350112197.7072029,II_spike,II_spike,0.1963265306122449,0.29494038580671944
0.2746938775510204,0.21591836734693876,1.4072659109602721e-27,2.6031479319837175e-14,221987398083.43033,II_spike,II_spike,0.21591836734693876,0.31675041368227413
0.2746938775510204,0.23551020408163262,3.384832367003672e-34,6.372833822467722e-15,8.930494989226331e+24,II_spike,II_spike,0.23551020408163262,0.33807051609020067
0.2746938775510204,0.25510204081632654,7.107364116707977e-50,2.598720243562234e-20,1.0075612990930208e+27,II_spike,I_stable,0.25510204081632654,0.35895123321356215
0.2746938775510204,0.2746938775510204,1.843e-321,1.843e-321,1.0418828857673958e+102,I_stable,I_stable,0.2746938775510204,0.3794344287204513
0.2746938775510204,0.29428571428571426,4.96e-321,4.96e-321,2.2300115363410415e+102,I_stable,I_stable,0.29428571428571426,0.39955529026532965
0.2746938775510204,0.31387755102040815,5.62e-321,5.62e-321,3.23157900379661e+102,I_stable,I_stable,0.31387755102040815,0.41934376641984905
0.2746938775510204,0.33346938775510204,6.077e-321,6.077e-321,2.648964096880472e+102,I_stable,I_stable,0.33346938775510204,0.4388256240669263
0.2746938775510204,0.35306122448979593,5.93e-321,5.93e-321,2.1040928319531952e+102,I_stable,I_stable,0.35306122448979593,0.45802324290480784
0.2746938775510204,0.3726530612244898,8.014e-321,8.014e-321,2.4954771188859565e+102,I_stable,I_stable,0.3726530612244898,0.4769562233715155
0.2746938775510204,0.39224489795918366,6.83e-321,6.83e-321,2.43115303200854e+102,I_stable,I_stable,0.39224489795918366,0.49564185930152915
0.2746938775510204,0.41183673469387755,7.347e-321,7.347e-321,1.863776970047437e+102,I_stable,I_stable,0.41183673469387755,0.5140955106577026
0.2746938775510204,0.43142857142857144,9.66e-321,9.66e-321,2.509786631668257e+102,I_stable,I_stable,0.43142857142857144,0.5323309012057498
0.2746938775510204,0.4510204081632653,8.034e-321,8.034e-321,2.263108604013666e+102,I_stable,I_stable,0.4510204081632653,0.5503603589627031
0.2746938775510204,0.47061224489795916,1.0746e-320,1.0746e-320,2.831415809126588e+102,I_stable,I_stable,0.47061224489795916,0.5681950124246583
0.2746938775510204,0.49020408163265305,8.577e-321,8.577e-321,2.973661810407418e+102,I_stable,I_stable,0.49020408163265305,0.5858449522056745
0.2746938775510204,0.509795918367347,0.0,0.0,3.402088665247371e+102,I_stable,I_stable,0.509795918367347,0.6033193653210811
0.2746938775510204,0.5293877551020408,0.0,0.0,2.7157533077112163e+102,I_stable,I_stable,0.5293877551020408,0.6206266476163069
0.2746938775510204,0.5489795918367347,0.0,0.0,3.4901022007936143e+102,I_stable,I_stable,0.5489795918367347,0.6377744985737119
0.2746938775510204,0.5685714285714285,0.0,0.0,3.3011249273046426e+102,I_stable,I_stable,0.5685714285714285,0.654770001788624
0.2746938775510204,0.5881632653061224,0.0,0.0,3.5294648071048413e+102,I_stable,I_stable,0.5881632653061224,0.6716196936990277
0.2746938775510204,0.6077551020408163,0.0,0.0,4.506825258904566e+102,I_stable,I_stable,0.6077551020408163,0.6883296226168335
0.2746938775510204,0.6273469387755102,0.0,0.0,4.3219661895452937e+102,I_stable,I_stable,0.6273469387755102,0.7049053996971941
0.2746938775510204,0.6469387755102041,0.0,0.0,5.047043910888415e+102,I_stable,I_stable,0.6469387755102041,0.7213522431638066
0.2746938775510204,0.666530612244898,0.0,0.0,6.544560686442794e+102,I_stable,I_stable,0.666530612244898,0.7376750168593522
0.2746938775510204,0.6861224489795918,0.0,0.0,6.820485913417459e+102,I_stable,I_stable,0.6861224489795918,0.753878263994344
0.2746938775510204,0.7057142857142857,0.0,0.0,8.457671855444889e+102,I_stable,I_stable,0.7057142857142857,0.7699662368122037
0.2746938775510204,0.7253061224489796,0.0,0.0,9.309641373945432e+102,I_stable,I_stable,0.7253061224489796,0.785942922764163
0.2746938775510204,0.7448979591836734,0.0,0.0,1.0244132754402998e+103,I_stable,I_stable,0.7448979591836734,0.8018120676876266
0.2746938775510204,0.7644897959183673,0.0,0.0,1.206599917709437e+103,I_stable,I_stable,0.7644897959183673,0.8175771964006852
0.2746938775510204,0.7840816326530612,0.0,0.0,1.4709753519243547e+103,I_stable,I_stable,0.7840816326530612,0.8332416310595315
0.2746938775510204,0.8036734693877551,0.0,0.0,1.7252111028644366e+103,I_stable,I_stable,0.8036734693877551,0.8488085075715106
0.2746938775510204,0.823265306122449,0.0,0.0,2.301606141422464e+103,I_stable,I_stable,0.823265306122449,0.8642807903120353
0.2746938775510204,0.8428571428571429,0.0,0.0,2.925369223485655e+103,I_stable,I_stable,0.8428571428571429,0.8796612853567701
0.2746938775510204,0.8624489795918368,0.0,0.0,3.8239064814759275e+103,I_stable,I_stable,0.8624489795918368,0.8949526524098372
0.2746938775510204,0.8820408163265305,0.0,0.0,5.2287676466295334e+103,I_stable,I_stable,0.8820408163265305,0.910157415583198
0.2746938775510204,0.9016326530612244,0.0,0.0,7.249844299354e+103,I_stable,I_stable,0.9016326530612244,0.9252779731608697
0.2746938775510204,0.9212244897959183,0.0,0.0,1.1488062235884917e+104,I_stable,I_stable,0.9212244897959183,0.9403166064635249
0.2746938775510204,0.9408163265306122,0.0,0.0,2.0796122964115386e+104,I_stable,I_stable,0.9408163265306122,0.9552754879136958
0.2746938775510204,0.9604081632653061,0.0,0.0,4.647874052372372e+104,I_stable,I_stable,0.9604081632653061,0.9701566883887878
0.2746938775510204,0.98,0.0,0.0,1.8473693577140465e+105,I_stable,I_stable,0.98,0.9849621839380145
0.29428571428571426,0.02,2.7702563247765064e-17,3.089400807013252e-15,85955.462413853,III_signgd,III_signgd,0.02,0.053182958969449884
0.29428571428571426,0.03959183673469388,1.7576474966830078e-21,2.50931188220279e-18,300802131473.63055,III_signgd,I_stable,0.03959183673469388,0.0887573316607622
0.29428571428571426,0.05918367346938776,1.4016316823348562e-20,6.495599905216556e-18,400825266.5715509,III_signgd,I_stable,0.05918367346938776,0.11999176412600944
0.29428571428571426,0.07877551020408163,2.11930243990992e-22,5.697755395080869e-14,270049135728.12015,III_signgd,II_spike,0.07877551020408163,0.14869399108610135
0.29428571428571426,0.09836734693877551,5.663671472018773e-25,4.733139045560835e-14,2618777017030388.0,III_signgd,II_spike,0.09836734693877551,0.17564598165422904
0.29428571428571426,0.11795918367346939,2.4191616881708612e-21,4.11950579892341e-14,9889717115.276857,III_signgd,II_spike,0.11795918367346939,0.20127916346199196
0.29428571428571426,0.13755102040816325,4.39454219112495e-20,7.192873439842039e-18,818665525.4798712,III_signgd,I_stable,0.13755102040816325,0.2258644406312193
0.29428571428571426,0.1571428571428571,9.358048211164303e-25,1.9221006447922383e-17,5066133027786.188,III_signgd,II_spike,0.1571428571428571,0.24958643848936826
0.29428571428571426,0.176734693877551,6.189447998125435e-20,3.110090873835137e-14,1037082.5523322735,III_signgd,II_spike,0.176734693877551,0.27257835044093476
0.29428571428571426,0.1963265306122449,6.981488120105684e-20,6.961780710184254e-17,11451501.712202087,II_spike,II_spike,0.1963265306122449,0.29494038580671944
0.29428571428571426,0.21591836734693876,1.611654807737784e-22,1.1294384470753767e-16,44685564797.03676,II_spike,II_spike,0.21591836734693876,0.31675041368227413
0.29428571428571426,0.23551020408163262,3.974386856156509e-23,2.5351231974687728e-14,89866372.50929688,II_spike,II_spike,0.23551020408163262,0.33807051609020067
0.29428571428571426,0.25510204081632654,9.560597893217527e-36,2.6955763591261777e-16,1.5864591542650343e+20,II_spike,II_spike,0.25510204081632654,0.35895123321356215
0.29428571428571426,0.2746938775510204,4.8153019440160925e-53,1.780113118436278e-14,3.259424890732319e+28,II_spike,II_spike,0.2746938775510204,0.3794344287204513
0.29428571428571426,0.29428571428571426,1.843e-321,1.843e-321,1.8602738587406202e+102,I_stable,I_stable,0.29428571428571426,0.39955529026532965
0.29428571428571426,0.31387755102040815,3.686e-321,3.686e-321,3.7549776885166124e+102,I_stable,I_stable,0.31387755102040815,0.41934376641984905
0.29428571428571426,0.33346938775510204,4.51e-321,4.51e-321,2.9344826563375223e+102,I_stable,I_stable,0.33346938775510204,0.4388256240669263
0.29428571428571426,0.35306122448979593,4.73e-321,4.73e-321,2.2500550415470227e+102,I_stable,I_stable,0.35306122448979593,0.45802324290480784
0.29428571428571426,0.3726530612244898,7.62e-321,7.62e-321,2.598495746637926e+102,I_stable,I_stable,0.3726530612244898,0.4769562233715155
0.29428571428571426,0.39224489795918366,6.196e-321,6.196e-321,2.4794328044306843e+102,I_stable,I_stable,0.39224489795918366,0.49564185930152915
0.29428571428571426,0.41183673469387755,6.57e-321,6.57e-321,2.91439579383432e+102,I_stable,I_stable,0.41183673469387755,0.5140955106577026
0.29428571428571426,0.43142857142857144,8.784e-321,8.784e-321,2.4856057864259144e+102,I_stable,I_stable,0.43142857142857144,0.5323309012057498
0.29428571428571426,0.4510204081632653,7.604e-321,7.604e-321,2.2183678564455693e+102,I_stable,I_stable,0.4510204081632653,0.5503603589627031
0.29428571428571426,0.47061224489795916,7.495e-321,7.495e-321,2.753135110813431e+102,I_stable,I_stable,0.47061224489795916,0.5681950124246583
0.29428571428571426,0.49020408163265305,1.0025e-320,1.0025e-320,2.8717360771894375e+102,I_stable,I_stable,0.49020408163265305,0.5858449522056745
0.29428571428571426,0.509795918367347,0.0,0.0,3.2689076826749563e+102,I_stable,I_stable,0.509795918367347,0.6033193653210811
0.29428571428571426,0.5293877551020408,0.0,0.0,3.571723733602984e+102,I_stable,I_stable,0.5293877551020408,0.6206266476163069
0.29428571428571426,0.5489795918367347,0.0,0.0,3.3297615876615546e+102,I_stable,I_stable,0.5489795918367347,0.6377744985737119
0.29428571428571426,0.5685714285714285,0.0,0.0,4.168151857631704e+102,I_stable,I_stable,0.5685714285714285,0.654770001788624
0.29428571428571426,0.5881632653061224,0.0,0.0,4.375323457981636e+102,I_stable,I_stable,0.5881632653061224,0.6716196936990277
0.29428571428571426,0.6077551020408163,0.0,0.0,4.279359976526177e+102,I_stable,I_stable,0.6077551020408163,0.6883296226168335
0.29428571428571426,0.6273469387755102,0.0,0.0,5.179021679053125e+102,I_stable,I_stable,0.6273469387755102,0.7049053996971941
0.29428571428571426,0.6469387755102041,0.0,0.0,5.957526831542401e+102,I_stable,I_stable,0.6469387755102041,0.7213522431638066
0.29428571428571426,0.666530612244898,0.0,0.0,6.213750525249697e+102,I_stable,I_stable,0.666530612244898,0.7376750168593522
0.29428571428571426,0.6861224489795918,0.0,0.0,6.482849469001649e+102,I_stable,I_stable,0.6861224489795918,0.753878263994344
0.29428571428571426,0.7057142857142857,0.0,0.0,8.049698925430132e+102,I_stable,I_stable,0.7057142857142857,0.7699662368122037
0.29428571428571426,0.7253061224489796,0.0,0.0,8.873458154551243e+102,I_stable,I_stable,0.7253061224489796,0.785942922764163
0.29428571428571426,0.7448979591836734,0.0,0.0,1.133026843028585e+103,I_stable,I_stable,0.7448979591836734,0.8018120676876266
0.29428571428571426,0.7644897959183673,0.0,0.0,1.3198817163200506e+103,I_stable,I_stable,0.7644897959183673,0.8175771964006852
0.29428571428571426,0.7840816326530612,0.0,0.0,1.4101013710926371e+103,I_stable,I_stable,0.7840816326530612,0.8332416310595315
0.29428571428571426,0.8036734693877551,0.0,0.0,1.848777905800255e+103,I_stable,I_stable,0.8036734693877551,0.8488085075715106
0.29428571428571426,0.823265306122449,0.0,0.0,2.2175068642523827e+103,I_stable,I_stable,0.823265306122449,0.8642807903120353
0.29428571428571426,0.8428571428571429,0.0,0.0,2.8262532719684537e+103,I_stable,I_stable,0.8428571428571429,0.8796612853567701
0.29428571428571426,0.8624489795918368,0.0,0.0,3.7061587329900736e+103,I_stable,I_stable,0.8624489795918368,0.8949526524098372
0.29428571428571426,0.8820408163265305,0.0,0.0,5.08452232692588e+103,I_stable,I_stable,0.8820408163265305,0.910157415583198
0.29428571428571426,0.9016326530612244,0.0,0.0,7.452776896474103e+103,I_stable,I_stable,0.9016326530612244,0.9252779731608697
0.29428571428571426,0.9212244897959183,0.0,0.0,1.1728950794098262e+104,I_stable,I_stable,0.9212244897959183,0.9403166064635249
0.29428571428571426,0.9408163265306122,0.0,0.0,2.0456824275096295e+104,I_stable,I_stable,0.9408163265306122,0.9552754879136958
0.29428571428571426,0.9604081632653061,0.0,0.0,4.687815400548591e+104,I_stable,I_stable,0.9604081632653061,0.9701566883887878
0.29428571428571426,0.98,0.0,0.0,1.8344700274837283e+105,I_stable,I_stable,0.98,0.9849621839380145
0.31387755102040815,0.02,7.915554132335594e-16,1.6108681231551246e-12,1007.5077005769247,III_signgd,III_signgd,0.02,0.053182958969449884
0.31387755102040815,0.03959183673469388,6.176221700231217e-19,1.2555778752604867e-13,4958868.3627596395,III_signgd,II_spike,0.03959183673469388,0.0887573316607622
0.31387755102040815,0.05918367346938776,2.40591850450115e-19,2.160492871563922e-17,4178111.774545352,III_signgd,II_spike,0.05918367346938776,0.11999176412600944
0.31387755102040815,0.07877551020408163,2.0824425253860865e-22,5.5781886025923993e-14,266301892374.78653,III_signgd,II_spike,0.07877551020408163,0.14869399108610135
0.31387755102040815,0.09836734693877551,4.758241680509384e-30,4.597068307964289e-14,8.47906983850661e+22,III_signgd,II_spike,0.09836734693877551,0.17564598165422904
0.31387755102040815,0.11795918367346939,1.427380336337143e-23,3.985654229922529e-14,23358395726725.2,III_signgd,II_spike,0.11795918367346939,0.20127916346199196
0.31387755102040815,0.13755102040816325,3.000718977997166e-19,3.564597564206829e-14,6252569.205846087,III_signgd,II_spike,0.13755102040816325,0.2258644406312193
0.31387755102040815,0.1571428571428571,6.884958775643974e-20,6.5545889466674505e-18,80203653.46326572,III_signgd,I_stable,0.1571428571428571,0.24958643848936826
0.31387755102040815,0.176734693877551,6.967216852635548e-19,3.0146329279852604e-14,3713219.1418498014,III_signgd,II_spike,0.176734693877551,0.27257835044093476
0.31387755102040815,0.1963265306122449,4.343620092664926e-22,2.8212853549525743e-14,188598047.23203814,III_signgd,II_spike,0.1963265306122449,0.29494038580671944
0.31387755102040815,0.21591836734693876,6.19417641890583e-22,2.659723016136161e-14,2069611286.947563,II_spike,II_spike,0.21591836734693876,0.31675041368227413
0.31387755102040815,0.23551020408163262,4.6705533112365355e-27,2.5197745414862974e-14,2161530995961986.2,II_spike,II_spike,0.23551020408163262,0.33807051609020067
0.31387755102040815,0.25510204081632654,5.356452177026874e-31,1.1847164096306053e-16,1101168135086068.1,II_spike,II_spike,0.25510204081632654,0.35895123321356215
0.31387755102040815,0.2746938775510204,4.307816326668703e-35,2.273790790652251e-14,1.1807755819072242e+19,II_spike,II_spike,0.2746938775510204,0.3794344287204513
0.31387755102040815,0.29428571428571426,7.997541188562403e-60,2.432006672333217e-16,1.1139058902761769e+28,II_spike,II_spike,0.29428571428571426,0.39955529026532965
0.31387755102040815,0.31387755102040815,2.164e-321,2.164e-321,1.4809702400522808e+102,I_stable,I_stable,0.31387755102040815,0.41934376641984905
0.31387755102040815,0.33346938775510204,3.45e-321,3.45e-321,3.497040402766556e+102,I_stable,I_stable,0.33346938775510204,0.4388256240669263
0.31387755102040815,0.35306122448979593,5.504e-321,5.504e-321,2.5543631068120375e+102,I_stable,I_stable,0.35306122448979593,0.45802324290480784
0.31387755102040815,0.3726530612244898,4.66e-321,4.66e-321,2.8446708877284014e+102,I_stable,I_stable,0.3726530612244898,0.4769562233715155
0.31387755102040815,0.39224489795918366,6.4e-321,6.4e-321,2.63951918606288e+102,I_stable,I_stable,0.39224489795918366,0.49564185930152915
0.31387755102040815,0.41183673469387755,7.17e-321,7.17e-321,3.0355323747398133e+102,I_stable,I_stable,0.41183673469387755,0.5140955106577026
0.31387755102040815,0.43142857142857144,6.57e-321,6.57e-321,2.5442130266901674e+102,I_stable,I_stable,0.43142857142857144,0.5323309012057498
0.31387755102040815,0.4510204081632653,8.043e-321,8.043e-321,3.334205045783918e+102,I_stable,I_stable,0.4510204081632653,0.5503603589627031
0.31387755102040815,0.47061224489795916,7.115e-321,7.115e-321,2.747537229669278e+102,I_stable,I_stable,0.47061224489795916,0.5681950124246583
0.31387755102040815,0.49020408163265305,9.224e-321,9.224e-321,2.840153084258204e+102,I_stable,I_stable,0.49020408163265305,0.5858449522056745
0.31387755102040815,0.509795918367347,0.0,0.0,3.2079075035876334e+102,I_stable,I_stable,0.509795918367347,0.6033193653210811
0.31387755102040815,0.5293877551020408,0.0,0.0,3.4851179549476546e+102,I_stable,I_stable,0.5293877551020408,0.6206266476163069
0.31387755102040815,0.5489795918367347,0.0,0.0,4.3621470689977663e+102,I_stable,I_stable,0.5489795918367347,0.6377744985737119
0.31387755102040815,0.5685714285714285,0.0,0.0,4.0311909744246496e+102,I_stable,I_stable,0.5685714285714285,0.654770001788624
0.31387755102040815,0.5881632653061224,0.0,0.0,4.217468929240116e+102,I_stable,I_stable,0.5881632653061224,0.6716196936990277
0.31387755102040815,0.6077551020408163,0.0,0.0,5.280580849958445e+102,I_stable,I_stable,0.6077551020408163,0.6883296226168335
0.31387755102040815,0.6273469387755102,0.0,0.0,4.97483369377891e+102,I_stable,I_stable,0.6273469387755102,0.7049053996971941
0.31387755102040815,0.6469387755102041,0.0,0.0,5.715793045655554e+102,I_stable,I_stable,0.6469387755102041,0.7213522431638066
0.31387755102040815,0.666530612244898,0.0,0.0,5.958596716067261e+102,I_stable,I_stable,0.666530612244898,0.7376750168593522
0.31387755102040815,0.6861224489795918,0.0,0.0,7.502330979114723e+102,I_stable,I_stable,0.6861224489795918,0.753878263994344
0.31387755102040815,0.7057142857142857,0.0,0.0,7.717270725801738e+102,I_stable,I_stable,0.7057142857142857,0.7699662368122037
0.31387755102040815,0.7253061224489796,0.0,0.0,9.99469922233658e+102,I_stable,I_stable,0.7253061224489796,0.785942922764163
0.31387755102040815,0.7448979591836734,0.0,0.0,1.0882320014010814e+103,I_stable,I_stable,0.7448979591836734,0.8018120676876266
0.31387755102040815,0.7644897959183673,0.0,0.0,1.2689881733988557e+103,I_stable,I_stable,0.7644897959183673,0.8175771964006852
0.31387755102040815,0.7840816326530612,0.0,0.0,1.5337782439163611e+103,I_stable,I_stable,0.7840816326530612,0.8332416310595315
0.31387755102040815,0.8036734693877551,0.0,0.0,1.783799284597324e+103,I_stable,I_stable,0.8036734693877551,0.8488085075715106
0.31387755102040815,0.823265306122449,0.0,0.0,2.363673922074491e+103,I_stable,I_stable,0.823265306122449,0.8642807903120353
0.31387755102040815,0.8428571428571429,0.0,0.0,2.983612430778655e+103,I_stable,I_stable,0.8428571428571429,0.8796612853567701
0.31387755102040815,0.8624489795918368,0.0,0.0,3.877476731647898e+103,I_stable,I_stable,0.8624489795918368,0.8949526524098372
0.31387755102040815,0.8820408163265305,0.0,0.0,5.277784995189334e+103,I_stable,I_stable,0.8820408163265305,0.910157415583198
0.31387755102040815,0.9016326530612244,0.0,0.0,7.286685675486548e+103,I_stable,I_stable,0.9016326530612244,0.9252779731608697
0.31387755102040815,0.9212244897959183,0.0,0.0,1.1504515377662962e+104,I_stable,I_stable,0.9212244897959183,0.9403166064635249
0.31387755102040815,0.9408163265306122,0.0,0.0,2.076904838048174e+104,I_stable,I_stable,0.9408163265306122,0.9552754879136958
0.31387755102040815,0.9604081632653061,0.0,0.0,4.633631993902877e+104,I_stable,I_stable,0.9604081632653061,0.9701566883887878
0.31387755102040815,0.98,0.0,0.0,1.8411368964507454e+105,I_stable,I_stable,0.98,0.9849621839380145
0.33346938775510204,0.02,6.071685270006367e-20,1.808858601507176e-12,2219161472.2128167,III_signgd,II_spike,0.02,0.053182958969449884
0.33346938775510204,0.03959183673469388,2.735399053743113e-22,8.378620975720328e-16,360034104840.1057,III_signgd,II_spike,0.03959183673469388,0.0887573316607622
0.33346938775510204,0.05918367346938776,2.3934804373678514e-18,1.832605375323628e-12,5484136.8906156,III_signgd,II_spike,0.05918367346938776,0.11999176412600944
0.33346938775510204,0.07877551020408163,3.320555649357375e-21,3.11233103149326e-18,10353631769.571001,III_signgd,I_stable,0.07877551020408163,0.14869399108610135
0.33346938775510204,0.09836734693877551,8.557704297004965e-26,3.927652077146252e-20,2.615664650666732e+16,III_signgd,I_stable,0.09836734693877551,0.17564598165422904
0.33346938775510204,0.11795918367346939,1.4153277242625908e-24,3.8147169016684154e-14,481176895068056.9,III_signgd,II_spike,0.11795918367346939,0.20127916346199196
0.33346938775510204,0.13755102040816325,6.869255884145531e-23,3.402229463617576e-14,2120403961664.7925,III_signgd,II_spike,0.13755102040816325,0.2258644406312193
0.33346938775510204,0.1571428571428571,1.990968001789538e-24,3.1027426525031927e-14,406407708029210.94,III_signgd,II_spike,0.1571428571428571,0.24958643848936826
0.33346938775510204,0.176734693877551,4.945017058416906e-19,5.577065780711434e-18,48167156.95450633,III_signgd,I_stable,0.176734693877551,0.27257835044093476
0.33346938775510204,0.1963265306122449,5.892219196812817e-19,2.6937872769238973e-14,176887232.28333774,III_signgd,II_spike,0.1963265306122449,0.29494038580671944
0.33346938775510204,0.21591836734693876,5.24824260836851e-19,2.2716587888570757e-17,9881110.929381244,III_signgd,II_spike,0.21591836734693876,0.31675041368227413
0.33346938775510204,0.23551020408163262,1.6762179169568236e-20,3.730513498712863e-17,2259467.127479062,II_spike,II_spike,0.23551020408163262,0.33807051609020067
0.33346938775510204,0.25510204081632654,8.33159680572138e-22,5.679999052362241e-17,306305051992.98596,II_spike,II_spike,0.25510204081632654,0.35895123321356215
0.33346938775510204,0.2746938775510204,8.595281992311672e-32,2.2212752936947017e-14,6.548391255399167e+23,II_spike,II_spike,0.2746938775510204,0.3794344287204513
0.33346938775510204,0.29428571428571426,1.0564008752743317e-33,2.134934474135218e-14,6862304416933219.0,II_spike,II_spike,0.29428571428571426,0.39955529026532965
0.33346938775510204,0.31387755102040815,6.0881708997621835e-59,2.052954407361112e-14,1.011824764740554e+26,II_spike,II_spike,0.31387755102040815,0.41934376641984905
0.33346938775510204,0.33346938775510204,2.564e-321,2.564e-321,2.7168272201099505e+102,I_stable,I_stable,0.33346938775510204,0.4388256240669263
0.33346938775510204,0.35306122448979593,3.31e-321,3.31e-321,5.253332401686573e+102,I_stable,I_stable,0.35306122448979593,0.45802324290480784
0.33346938775510204,0.3726530612244898,4.83e-321,4.83e-321,3.3075243848428593e+102,I_stable,I_stable,0.3726530612244898,0.4769562233715155
0.33346938775510204,0.39224489795918366,4.32e-321,4.32e-321,2.956208046749511e+102,I_stable,I_stable,0.39224489795918366,0.49564185930152915
0.33346938775510204,0.41183673469387755,4.93e-321,4.93e-321,3.302345242527101e+102,I_stable,I_stable,0.41183673469387755,0.5140955106577026
0.33346938775510204,0.43142857142857144,6.843e-321,6.843e-321,2.7050407458895054e+102,I_stable,I_stable,0.43142857142857144,0.5323309012057498
0.33346938775510204,0.4510204081632653,5.78e-321,5.78e-321,3.480538187945983e+102,I_stable,I_stable,0.4510204081632653,0.5503603589627031
0.33346938775510204,0.47061224489795916,8.034e-321,8.034e-321,2.824710162216182e+102,I_stable,I_stable,0.47061224489795916,0.5681950124246583
0.33346938775510204,0.49020408163265305,6.49e-321,6.49e-321,4.11940620527659e+102,I_stable,I_stable,0.49020408163265305,0.5858449522056745
0.33346938775510204,0.509795918367347,0.0,0.0,3.2246198612387966e+102,I_stable,I_stable,0.509795918367347,0.6033193653210811
0.33346938775510204,0.5293877551020408,0.0,0.0,3.473358472477357e+102,I_stable,I_stable,0.5293877551020408,0.6206266476163069
0.33346938775510204,0.5489795918367347,0.0,0.0,4.3187217763970283e+102,I_stable,I_stable,0.5489795918367347,0.6377744985737119
0.33346938775510204,0.5685714285714285,0.0,0.0,3.966585202065426e+102,I_stable,I_stable,0.5685714285714285,0.654770001788624
0.33346938775510204,0.5881632653061224,0.0,0.0,4.1321980322319184e+102,I_stable,I_stable,0.5881632653061224,0.6716196936990277
0.33346938775510204,0.6077551020408163,0.0,0.0,5.151952604611602e+102,I_stable,I_stable,0.6077551020408163,0.6883296226168335
0.33346938775510204,0.6273469387755102,0.0,0.0,6.110862192936577e+102,I_stable,I_stable,0.6273469387755102,0.7049053996971941
0.33346938775510204,0.6469387755102041,0.0,0.0,5.548094976611546e+102,I_stable,I_stable,0.6469387755102041,0.7213522431638066
0.33346938775510204,0.666530612244898,0.0,0.0,7.07096839704842e+102,I_stable,I_stable,0.666530612244898,0.7376750168593522
0.33346938775510204,0.6861224489795918,0.0,0.0,7.261020429550304e+102,I_stable,I_stable,0.6861224489795918,0.753878263994344
0.33346938775510204,0.7057142857142857,0.0,0.0,8.884720082602484e+102,I_stable,I_stable,0.7057142857142857,0.7699662368122037
0.33346938775510204,0.7253061224489796,0.0,0.0,9.66717541323097e+102,I_stable,I_stable,0.7253061224489796,0.785942922764163
0.33346938775510204,0.7448979591836734,0.0,0.0,1.0522111729949436e+103,I_stable,I_stable,0.7448979591836734,0.8018120676876266
0.33346938775510204,0.7644897959183673,0.0,0.0,1.2279682422393879e+103,I_stable,I_stable,0.7644897959183673,0.8175771964006852
0.33346938775510204,0.7840816326530612,0.0,0.0,1.485123127174916e+103,I_stable,I_stable,0.7840816326530612,0.8332416310595315
0.33346938775510204,0.8036734693877551,0.0,0.0,1.9295204835666523e+103,I_stable,I_stable,0.8036734693877551,0.8488085075715106
0.33346938775510204,0.823265306122449,0.0,0.0,2.2944695646536932e+103,I_stable,I_stable,0.823265306122449,0.8642807903120353
0.33346938775510204,0.8428571428571429,0.0,0.0,2.901864997703591e+103,I_stable,I_stable,0.8428571428571429,0.8796612853567701
0.33346938775510204,0.8624489795918368,0.0,0.0,3.777313324227729e+103,I_stable,I_stable,0.8624489795918368,0.8949526524098372
0.33346938775510204,0.8820408163265305,0.0,0.0,5.154657696395063e+103,I_stable,I_stable,0.8820408163265305,0.910157415583198
0.33346938775510204,0.9016326530612244,0.0,0.0,7.514413653107863e+103,I_stable,I_stable,0.9016326530612244,0.9252779731608697
0.33346938775510204,0.9212244897959183,0.0,0.0,1.1770227484262219e+104,I_stable,I_stable,0.9212244897959183,0.9403166064635249
0.33346938775510204,0.9408163265306122,0.0,0.0,2.1097875408394303e+104,I_stable,I_stable,0.9408163265306122,0.9552754879136958
0.33346938775510204,0.9604081632653061,0.0,0.0,4.6793212918059145e+104,I_stable,I_stable,0.9604081632653061,0.9701566883887878
0.33346938775510204,0.98,0.0,0.0,1.8484340596420814e+105,I_stable,I_stable,0.98,0.9849621839380145
0.35306122448979593,0.02,1.7419095120550983e-14,6.572446257524099e-12,23.235291856432266,III_signgd,III_signgd,0.02,0.053182958969449884
0.35306122448979593,0.03959183673469388,2.001997889336231e-22,1.3077646162642142e-13,1318211168276097.8,III_signgd,II_spike,0.03959183673469388,0.0887573316607622
0.35306122448979593,0.05918367346938776,4.344698050215236e-22,1.0512745294424185e-16,21639220048492.9,III_signgd,II_spike,0.05918367346938776,0.11999176412600944
0.35306122448979593,0.07877551020408163,1.4788574239270757e-16,1.2713724235074645e-13,11769.44733068357,III_signgd,III_signgd,0.07877551020408163,0.14869399108610135
0.35306122448979593,0.09836734693877551,6.96162921118277e-24,5.276704861199222e-19,48660965586408.8,III_signgd,I_stable,0.09836734693877551,0.17564598165422904
0.35306122448979593,0.11795918367346939,5.671716421277877e-27,1.3118934782447267e-21,1.53058372878688e+18,III_signgd,I_stable,0.11795918367346939,0.20127916346199196
0.35306122448979593,0.13755102040816325,1.7108203238995813e-29,1.1837168610552248e-20,1.101525510313404e+22,III_signgd,I_stable,0.13755102040816325,0.2258644406312193
0.35306122448979593,0.1571428571428571,3.498286478237149e-20,1.566323846808646e-19,277299988.739026,III_signgd,I_stable,0.1571428571428571,0.24958643848936826
0.35306122448979593,0.176734693877551,1.141496804745635e-29,4.893246962934526e-22,1.9113551897940663e+22,III_signgd,I_stable,0.176734693877551,0.27257835044093476
0.35306122448979593,0.1963265306122449,2.440221349922535e-23,1.0363595006794957e-17,6314566932990.395,III_signgd,I_stable,0.1963265306122449,0.29494038580671944
0.35306122448979593,0.21591836734693876,3.6350370275536584e-24,2.9273623493559e-14,3.991200290817203e+17,III_signgd,II_spike,0.21591836734693876,0.31675041368227413
0.35306122448979593,0.23551020408163262,1.2456385258390983e-20,1.8196418169853045e-14,863853412.7818551,III_signgd,II_spike,0.23551020408163262,0.33807051609020067
0.35306122448979593,0.25510204081632654,7.202163532067457e-22,1.0966350142849445e-16,38686896779.91937,II_spike,II_spike,0.25510204081632654,0.35895123321356215
0.35306122448979593,0.2746938775510204,7.039106609050311e-24,1.686109488555034e-14,3.627161616840087e+16,II_spike,II_spike,0.2746938775510204,0.3794344287204513
0.35306122448979593,0.29428571428571426,3.6519655971301965e-29,2.373079229518684e-14,1.7425826632111729e+18,II_spike,II_spike,0.29428571428571426,0.39955529026532965
0.35306122448979593,0.31387755102040815,7.425055538707547e-38,2.3613500774920084e-14,1.1723622874967276e+19,II_spike,II_spike,0.31387755102040815,0.41934376641984905
0.35306122448979593,0.33346938775510204,3.247244238813358e-61,2.110886491777705e-14,1.047906813568452e+28,II_spike,II_spike,0.33346938775510204,0.4388256240669263
0.35306122448979593,0.35306122448979593,2.09e-321,2.09e-321,2.1206220104676938e+102,I_stable,I_stable,0.35306122448979593,0.45802324290480784
0.35306122448979593,0.3726530612244898,3.636e-321,3.636e-321,4.1436318793472355e+102,I_stable,I_stable,0.3726530612244898,0.4769562233715155
0.35306122448979593,0.39224489795918366,3.547e-321,3.547e-321,3.519888769291379e+102,I_stable,I_stable,0.39224489795918366,0.49564185930152915
0.35306122448979593,0.41183673469387755,4.343e-321,4.343e-321,3.782895821666821e+102,I_stable,I_stable,0.41183673469387755,0.5140955106577026
0.35306122448979593,0.43142857142857144,5.697e-321,5.697e-321,4.575537766249548e+102,I_stable,I_stable,0.43142857142857144,0.5323309012057498
0.35306122448979593,0.4510204081632653,5.28e-321,5.28e-321,3.774385678283417e+102,I_stable,I_stable,0.4510204081632653,0.5503603589627031
0.35306122448979593,0.47061224489795916,5.474e-321,5.474e-321,4.3786704858426835e+102,I_stable,I_stable,0.47061224489795916,0.5681950124246583
0.35306122448979593,0.49020408163265305,7.623e-321,7.623e-321,4.3095204494631124e+102,I_stable,I_stable,0.49020408163265305,0.5858449522056745
0.35306122448979593,0.509795918367347,0.0,0.0,4.663200036104941e+102,I_stable,I_stable,0.509795918367347,0.6033193653210811
0.35306122448979593,0.5293877551020408,0.0,0.0,3.5464723245234785e+102,I_stable,I_stable,0.5293877551020408,0.6206266476163069
0.35306122448979593,0.5489795918367347,0.0,0.0,4.3675750306855617e+102,I_stable,I_stable,0.5489795918367347,0.6377744985737119
0.35306122448979593,0.5685714285714285,0.0,0.0,3.9811354797352036e+102,I_stable,I_stable,0.5685714285714285,0.654770001788624
0.35306122448979593,0.5881632653061224,0.0,0.0,5.371998665647628e+102,I_stable,I_stable,0.5881632653061224,0.6716196936990277
0.35306122448979593,0.6077551020408163,0.0,0.0,5.108718989899457e+102,I_stable,I_stable,0.6077551020408163,0.6883296226168335
0.35306122448979593,0.6273469387755102,0.0,0.0,6.031411430848549e+102,I_stable,I_stable,0.6273469387755102,0.7049053996971941
0.35306122448979593,0.6469387755102041,0.0,0.0,6.78283199009465e+102,I_stable,I_stable,0.6469387755102041,0.7213522431638066
0.35306122448979593,0.666530612244898,0.0,0.0,6.932879797719593e+102,I_stable,I_stable,0.666530612244898,0.7376750168593522
0.35306122448979593,0.6861224489795918,0.0,0.0,7.102121926410344e+102,I_stable,I_stable,0.6861224489795918,0.753878263994344
0.35306122448979593,0.7057142857142857,0.0,0.0,8.67456552465726e+102,I_stable,I_stable,0.7057142857142857,0.7699662368122037
0.35306122448979593,0.7253061224489796,0.0,0.0,9.423438298487461e+102,I_stable,I_stable,0.7253061224489796,0.785942922764163
0.35306122448979593,0.7448979591836734,0.0,0.0,1.187658020448145e+103,I_stable,I_stable,0.7448979591836734,0.8018120676876266
0.35306122448979593,0.7644897959183673,0.0,0.0,1.3672203419683311e+103,I_stable,I_stable,0.7644897959183673,0.8175771964006852
0.35306122448979593,0.7840816326530612,0.0,0.0,1.6335911144625742e+103,I_stable,I_stable,0.7840816326530612,0.8332416310595315
0.35306122448979593,0.8036734693877551,0.0,0.0,1.8796413680174037e+103,I_stable,I_stable,0.8036734693877551,0.8488085075715106
0.35306122448979593,0.823265306122449,0.0,0.0,2.4647718112876337e+103,I_stable,I_stable,0.823265306122449,0.8642807903120353
0.35306122448979593,0.8428571428571429,0.0,0.0,3.0841284083812504e+103,I_stable,I_stable,0.8428571428571429,0.8796612853567701
0.35306122448979593,0.8624489795918368,0.0,0.0,3.9767793792340875e+103,I_stable,I_stable,0.8624489795918368,0.8949526524098372
0.35306122448979593,0.8820408163265305,0.0,0.0,5.373810650895033e+103,I_stable,I_stable,0.8820408163265305,0.910157415583198
0.35306122448979593,0.9016326530612244,0.0,0.0,7.764545287469429e+103,I_stable,I_stable,0.9016326530612244,0.9252779731608697
0.35306122448979593,0.9212244897959183,0.0,0.0,1.206101462948357e+104,I_stable,I_stable,0.9212244897959183,0.9403166064635249
0.35306122448979593,0.9408163265306122,0.0,0.0,2.0817625087707317e+104,I_stable,I_stable,0.9408163265306122,0.9552754879136958
0.35306122448979593,0.9604081632653061,0.0,0.0,4.724404481816475e+104,I_stable,I_stable,0.9604081632653061,0.9701566883887878
0.35306122448979593,0.98,0.0,0.0,1.8563557774270868e+105,I_stable,I_stable,0.98,0.9849621839380145
0.3726530612244898,0.02,1.5931576981798534e-23,3.7465053141243296e-14,1285233117671180.0,III_signgd,II_spike,0.02,0.053182958969449884
0.3726530612244898,0.03959183673469388,7.66888465428737e-20,3.1643569526838965e-12,4005911894.1412935,III_signgd,II_spike,0.03959183673469388,0.0887573316607622
0.3726530612244898,0.05918367346938776,3.293151065478928e-25,3.409679070078882e-13,1.0900277942764778e+17,III_signgd,II_spike,0.05918367346938776,0.11999176412600944
0.3726530612244898,0.07877551020408163,7.537060734946476e-17,1.6278134631690293e-13,19976.99016773368,III_signgd,III_signgd,0.07877551020408163,0.14869399108610135
0.3726530612244898,0.09836734693877551,1.2417975648999285e-27,3.992489639113965e-14,4.1869647134608404e+18,III_signgd,II_spike,0.09836734693877551,0.17564598165422904
0.3726530612244898,0.11795918367346939,2.0048150053120074e-35,8.461629667989244e-14,8.78128093184074e+28,III_signgd,II_spike,0.11795918367346939,0.20127916346199196
0.3726530612244898,0.13755102040816325,1.7795941869489644e-28,3.2587847922628825e-14,1.2310738091558169e+19,III_signgd,II_spike,0.13755102040816325,0.2258644406312193
0.3726530612244898,0.1571428571428571,1.386945214186686e-36,9.043651131883557e-21,2.0427275606177836e+31,III_signgd,I_stable,0.1571428571428571,0.24958643848936826
0.3726530612244898,0.176734693877551,5.518802043631896e-33,1.752737286459037e-20,1.5796239800301393e+26,III_signgd,I_stable,0.176734693877551,0.27257835044093476
0.3726530612244898,0.1963265306122449,1.002042361999974e-35,5.81266587570171e-16,5.352639533440617e+31,III_signgd,II_spike,0.1963265306122449,0.29494038580671944
0.3726530612244898,0.21591836734693876,1.4085197496646e-34,5.074577197947985e-15,9.305074194226687e+29,III_signgd,II_spike,0.21591836734693876,0.31675041368227413
0.3726530612244898,0.23551020408163262,4.785806715596334e-39,6.298539325885998e-15,2.596685650401769e+36,III_signgd,II_spike,0.23551020408163262,0.33807051609020067
0.3726530612244898,0.25510204081632654,1.1889795412305165e-34,2.5395680163648468e-14,3.5028714701239067e+28,III_signgd,II_spike,0.25510204081632654,0.35895123321356215
0.3726530612244898,0.2746938775510204,1.407184097175784e-34,9.341835090360006e-16,1.3372947129755294e+28,II_spike,II_spike,0.2746938775510204,0.3794344287204513
0.3726530612244898,0.29428571428571426,6.174959955557023e-33,1.7501244614245062e-15,3.106138212073675e+24,II_spike,II_spike,0.29428571428571426,0.39955529026532965
0.3726530612244898,0.31387755102040815,2.4454107550407426e-32,1.5163188233456356e-19,6.541154514661745e+24,II_spike,I_stable,0.31387755102040815,0.41934376641984905
0.3726530612244898,0.33346938775510204,3.9592989800720575e-33,6.65045862026131e-15,7.203816993432764e+17,II_spike,II_spike,0.33346938775510204,0.4388256240669263
0.3726530612244898,0.35306122448979593,4.181687943522382e-64,8.972096433713256e-17,4.36933011295431e+29,II_spike,II_spike,0.35306122448979593,0.45802324290480784
0.3726530612244898,0.3726530612244898,3.44e-321,3.44e-321,2.8716152875948446e+102,I_stable,I_stable,0.3726530612244898,0.4769562233715155
0.3726530612244898,0.39224489795918366,3.7e-321,3.7e-321,4.520290449393205e+102,I_stable,I_stable,0.39224489795918366,0.49564185930152915
0.3726530612244898,0.41183673469387755,3.493e-321,3.493e-321,4.610949091752189e+102,I_stable,I_stable,0.41183673469387755,0.5140955106577026
0.3726530612244898,0.43142857142857144,3.96e-321,3.96e-321,5.359419873016738e+102,I_stable,I_stable,0.43142857142857144,0.5323309012057498
0.3726530612244898,0.4510204081632653,5.657e-321,5.657e-321,4.282001928260315e+102,I_stable,I_stable,0.4510204081632653,0.5503603589627031
0.3726530612244898,0.47061224489795916,5.074e-321,5.074e-321,4.842136579642104e+102,I_stable,I_stable,0.47061224489795916,0.5681950124246583
0.3726530612244898,0.49020408163265305,6.84e-321,6.84e-321,4.668552327074204e+102,I_stable,I_stable,0.49020408163265305,0.5858449522056745
0.3726530612244898,0.509795918367347,0.0,0.0,4.96288924431873e+102,I_stable,I_stable,0.509795918367347,0.6033193653210811
0.3726530612244898,0.5293877551020408,0.0,0.0,5.113237244133542e+102,I_stable,I_stable,0.5293877551020408,0.6206266476163069
0.3726530612244898,0.5489795918367347,0.0,0.0,4.526600024112532e+102,I_stable,I_stable,0.5489795918367347,0.6377744985737119
0.3726530612244898,0.5685714285714285,0.0,0.0,5.414554452945403e+102,I_stable,I_stable,0.5685714285714285,0.654770001788624
0.3726530612244898,0.5881632653061224,0.0,0.0,5.462233696847088e+102,I_stable,I_stable,0.5881632653061224,0.6716196936990277
0.3726530612244898,0.6077551020408163,0.0,0.0,5.155793045854098e+102,I_stable,I_stable,0.6077551020408163,0.6883296226168335
0.3726530612244898,0.6273469387755102,0.0,0.0,6.049716402743449e+102,I_stable,I_stable,0.6273469387755102,0.7049053996971941
0.3726530612244898,0.6469387755102041,0.0,0.0,6.767301293519165e+102,I_stable,I_stable,0.6469387755102041,0.7213522431638066
0.3726530612244898,0.666530612244898,0.0,0.0,6.885236766882958e+102,I_stable,I_stable,0.666530612244898,0.7376750168593522
0.3726530612244898,0.6861224489795918,0.0,0.0,8.485005114128724e+102,I_stable,I_stable,0.6861224489795918,0.753878263994344
0.3726530612244898,0.7057142857142857,0.0,0.0,8.557235792757718e+102,I_stable,I_stable,0.7057142857142857,0.7699662368122037
0.3726530612244898,0.7253061224489796,0.0,0.0,1.0891206965115567e+103,I_stable,I_stable,0.7253061224489796,0.785942922764163
0.3726530612244898,0.7448979591836734,0.0,0.0,1.1669253894733584e+103,I_stable,I_stable,0.7448979591836734,0.8018120676876266
0.3726530612244898,0.7644897959183673,0.0,0.0,1.341275639705597e+103,I_stable,I_stable,0.7644897959183673,0.8175771964006852
0.3726530612244898,0.7840816326530612,0.0,0.0,1.600762580782541e+103,I_stable,I_stable,0.7840816326530612,0.8332416310595315
0.3726530612244898,0.8036734693877551,0.0,0.0,1.8409620238403917e+103,I_stable,I_stable,0.8036734693877551,0.8488085075715106
0.3726530612244898,0.823265306122449,0.0,0.0,2.4152744693177457e+103,I_stable,I_stable,0.823265306122449,0.8642807903120353
0.3726530612244898,0.8428571428571429,0.0,0.0,3.02248510140367e+103,I_stable,I_stable,0.8428571428571429,0.8796612853567701
0.3726530612244898,0.8624489795918368,0.0,0.0,3.898649466924339e+103,I_stable,I_stable,0.8624489795918368,0.8949526524098372
0.3726530612244898,0.8820408163265305,0.0,0.0,5.273702732790645e+103,I_stable,I_stable,0.8820408163265305,0.910157415583198
0.3726530612244898,0.9016326530612244,0.0,0.0,7.634849744815932e+103,I_stable,I_stable,0.9016326530612244,0.9252779731608697
0.3726530612244898,0.9212244897959183,0.0,0.0,1.1884285114300997e+104,I_stable,I_stable,0.9212244897959183,0.9403166064635249
0.3726530612244898,0.9408163265306122,0.0,0.0,2.1191583704493172e+104,I_stable,I_stable,0.9408163265306122,0.9552754879136958
0.3726530612244898,0.9604081632653061,0.0,0.0,4.6801135968445977e+104,I_stable,I_stable,0.9604081632653061,0.9701566883887878
0.3726530612244898,0.98,0.0,0.0,1.845315852120373e+105,I_stable,I_stable,0.98,0.9849621839380145
0.39224489795918366,0.02,2.0653378254160107e-28,8.020489514192525e-10,1.0253196511881026e+22,III_signgd,II_spike,0.02,0.053182958969449884
0.39224489795918366,0.03959183673469388,4.9445751865154145e-21,3.141490002583784e-12,20314979929667.883,III_signgd,II_spike,0.03959183673469388,0.0887573316607622
0.39224489795918366,0.05918367346938776,6.037974602270725e-21,9.189325596645926e-19,30496244764.82629,III_signgd,I_stable,0.05918367346938776,0.11999176412600944
0.39224489795918366,0.07877551020408163,2.3250991867855777e-27,8.274531433405738e-16,3.75573565809272e+18,III_signgd,II_spike,0.07877551020408163,0.14869399108610135
0.39224489795918366,0.09836734693877551,8.514085675459988e-25,1.083891992251516e-14,63945893811952.516,III_signgd,II_spike,0.09836734693877551,0.17564598165422904
0.39224489795918366,0.11795918367346939,2.5695381490147896e-25,7.175985481471827e-17,505555478435832.06,III_signgd,II_spike,0.11795918367346939,0.20127916346199196
0.39224489795918366,0.13755102040816325,2.400894186378692e-39,2.025978379941219e-14,7.23923074362472e+33,III_signgd,II_spike,0.13755102040816325,0.2258644406312193
0.39224489795918366,0.1571428571428571,6.078605293306422e-41,1.425717078338031e-14,7.907572995982077e+35,III_signgd,II_spike,0.1571428571428571,0.24958643848936826
0.39224489795918366,0.176734693877551,9.34449795767426e-23,1.075570682344774e-16,67019772066.78685,III_signgd,II_spike,0.176734693877551,0.27257835044093476
0.39224489795918366,0.1963265306122449,2.037628983187612e-37,9.377400735680026e-16,1.5959584426090873e+34,III_signgd,II_spike,0.1963265306122449,0.29494038580671944
0.39224489795918366,0.21591836734693876,2.622013007186417e-37,3.5118952211328636e-17,1.7334742032506323e+32,III_signgd,II_spike,0.21591836734693876,0.31675041368227413
0.39224489795918366,0.23551020408163262,3.856444863338718e-34,2.2397282594089828e-15,2.1220623431714945e+29,III_signgd,II_spike,0.23551020408163262,0.33807051609020067
0.39224489795918366,0.25510204081632654,1.145672156048384e-33,1.2339281819839268e-15,2.934496570388526e+28,III_signgd,II_spike,0.25510204081632654,0.35895123321356215
0.39224489795918366,0.2746938775510204,8.275724515884371e-38,1.4278912219884708e-16,4.007808607541011e+34,III_signgd,II_spike,0.2746938775510204,0.3794344287204513
0.39224489795918366,0.29428571428571426,9.970581630308607e-35,1.6152700580392555e-14,4.7367839770694355e+28,II_spike,II_spike,0.29428571428571426,0.39955529026532965
0.39224489795918366,0.31387755102040815,2.1806932820047486e-36,6.456338371242165e-19,1.2358284286861092e+31,II_spike,I_stable,0.31387755102040815,0.41934376641984905
0.39224489795918366,0.33346938775510204,7.0756331698940155e-37,6.053001282027083e-16,4.15543436848119e+32,II_spike,II_spike,0.33346938775510204,0.4388256240669263
0.39224489795918366,0.35306122448979593,1.9381593325478176e-47,5.503588934838135e-19,8.772284939177287e+30,II_spike,I_stable,0.35306122448979593,0.45802324290480784
0.39224489795918366,0.3726530612244898,8.144035140499733e-66,1.940610844420382e-17,5.91461563909394e+32,II_spike,II_spike,0.3726530612244898,0.4769562233715155
0.39224489795918366,0.39224489795918366,3.26e-321,3.26e-321,3.0551679078313415e+102,I_stable,I_stable,0.39224489795918366,0.49564185930152915
0.39224489795918366,0.41183673469387755,3.365e-321,3.365e-321,6.0690960129568795e+102,I_stable,I_stable,0.41183673469387755,0.5140955106577026
0.39224489795918366,0.43142857142857144,3.503e-321,3.503e-321,6.685950028602874e+102,I_stable,I_stable,0.43142857142857144,0.5323309012057498
0.39224489795918366,0.4510204081632653,4.797e-321,4.797e-321,5.124876249493302e+102,I_stable,I_stable,0.4510204081632653,0.5503603589627031
0.39224489795918366,0.47061224489795916,5.41e-321,5.41e-321,5.606290007028513e+102,I_stable,I_stable,0.47061224489795916,0.5681950124246583
0.39224489795918366,0.49020408163265305,4.69e-321,4.69e-321,5.260679334024401e+102,I_stable,I_stable,0.49020408163265305,0.5858449522056745
0.39224489795918366,0.509795918367347,0.0,0.0,5.470351523425427e+102,I_stable,I_stable,0.509795918367347,0.6033193653210811
0.39224489795918366,0.5293877551020408,0.0,0.0,5.534527847959183e+102,I_stable,I_stable,0.5293877551020408,0.6206266476163069
0.39224489795918366,0.5489795918367347,0.0,0.0,4.822988985110636e+102,I_stable,I_stable,0.5489795918367347,0.6377744985737119
0.39224489795918366,0.5685714285714285,0.0,0.0,5.694092587830893e+102,I_stable,I_stable,0.5685714285714285,0.654770001788624
0.39224489795918366,0.5881632653061224,0.0,0.0,5.677875395412941e+102,I_stable,I_stable,0.5881632653061224,0.6716196936990277
0.39224489795918366,0.6077551020408163,0.0,0.0,5.308807408248159e+102,I_stable,I_stable,0.6077551020408163,0.6883296226168335
0.39224489795918366,0.6273469387755102,0.0,0.0,6.1754641537607e+102,I_stable,I_stable,0.6273469387755102,0.7049053996971941
0.39224489795918366,0.6469387755102041,0.0,0.0,6.859054313334153e+102,I_stable,I_stable,0.6469387755102041,0.7213522431638066
0.39224489795918366,0.666530612244898,0.0,0.0,6.938554266585901e+102,I_stable,I_stable,0.666530612244898,0.7376750168593522
0.39224489795918366,0.6861224489795918,0.0,0.0,8.504949097037464e+102,I_stable,I_stable,0.6861224489795918,0.753878263994344
0.39224489795918366,0.7057142857142857,0.0,0.0,1.0167751760455463e+103,I_stable,I_stable,0.7057142857142857,0.7699662368122037
0.39224489795918366,0.7253061224489796,0.0,0.0,1.0828130002552043e+103,I_stable,I_stable,0.7253061224489796,0.785942922764163
0.39224489795918366,0.7448979591836734,0.0,0.0,1.156575514200414e+103,I_stable,I_stable,0.7448979591836734,0.8018120676876266
0.39224489795918366,0.7644897959183673,0.0,0.0,1.3265865408316921e+103,I_stable,I_stable,0.7644897959183673,0.8175771964006852
0.39224489795918366,0.7840816326530612,0.0,0.0,1.5799973320157706e+103,I_stable,I_stable,0.7840816326530612,0.8332416310595315
0.39224489795918366,0.8036734693877551,0.0,0.0,2.0239046730188044e+103,I_stable,I_stable,0.8036734693877551,0.8488085075715106
0.39224489795918366,0.823265306122449,0.0,0.0,2.3782875329363232e+103,I_stable,I_stable,0.823265306122449,0.8642807903120353
0.39224489795918366,0.8428571428571429,0.0,0.0,2.975318358854938e+103,I_stable,I_stable,0.8428571428571429,0.8796612853567701
0.39224489795918366,0.8624489795918368,0.0,0.0,3.837364080661366e+103,I_stable,I_stable,0.8624489795918368,0.8949526524098372
0.39224489795918366,0.8820408163265305,0.0,0.0,5.530806012253748e+103,I_stable,I_stable,0.8820408163265305,0.910157415583198
0.39224489795918366,0.9016326530612244,0.0,0.0,7.521622196173495e+103,I_stable,I_stable,0.9016326530612244,0.9252779731608697
0.39224489795918366,0.9212244897959183,0.0,0.0,1.2217616381994558e+104,I_stable,I_stable,0.9212244897959183,0.9403166064635249
0.39224489795918366,0.9408163265306122,0.0,0.0,2.0953720272297847e+104,I_stable,I_stable,0.9408163265306122,0.9552754879136958
0.39224489795918366,0.9604081632653061,0.0,0.0,4.734466528576083e+104,I_stable,I_stable,0.9604081632653061,0.9701566883887878
0.39224489795918366,0.98,0.0,0.0,1.8538308410802022e+105,I_stable,I_stable,0.98,0.9849621839380145
0.41183673469387755,0.02,5.760568841278432e-28,6.760930934863542e-10,1.422085952023149e+22,III_signgd,II_spike,0.02,0.053182958969449884
0.41183673469387755,0.03959183673469388,7.385694817282655e-20,3.077096784929671e-12,26529885.97061012,III_signgd,II_spike,0.03959183673469388,0.0887573316607622
0.41183673469387755,0.05918367346938776,1.5003808258941052e-25,1.9233678113044486e-12,2.6110298177175117e+17,III_signgd,II_spike,0.05918367346938776,0.11999176412600944
0.41183673469387755,0.07877551020408163,1.7174121366757756e-20,5.621204941381995e-19,10808267419.875471,III_signgd,I_stable,0.07877551020408163,0.14869399108610135
0.41183673469387755,0.09836734693877551,7.999106960196494e-18,1.1400402035583552e-13,683902.7370587906,III_signgd,II_spike,0.09836734693877551,0.17564598165422904
0.41183673469387755,0.11795918367346939,8.929687398902866e-34,8.076766868597968e-14,2.50238567700083e+28,III_signgd,II_spike,0.11795918367346939,0.20127916346199196
0.41183673469387755,0.13755102040816325,5.1768831513737525e-34,6.944521895524533e-17,4.467330051717405e+27,III_signgd,II_spike,0.13755102040816325,0.2258644406312193
0.41183673469387755,0.1571428571428571,6.799355313489492e-43,1.9183050675227317e-15,8.794422636475506e+37,III_signgd,II_spike,0.1571428571428571,0.24958643848936826
0.41183673469387755,0.176734693877551,5.455699710348591e-35,9.832469718451712e-16,3.0455757638883005e+28,III_signgd,II_spike,0.176734693877551,0.27257835044093476
0.41183673469387755,0.1963265306122449,3.4634138800208453e-38,2.60618775971921e-14,1.8970137757637584e+35,III_signgd,II_spike,0.1963265306122449,0.29494038580671944
0.41183673469387755,0.21591836734693876,1.1482599366032984e-37,4.245967396199434e-20,7.0271321195925e+31,III_signgd,I_stable,0.21591836734693876,0.31675041368227413
0.41183673469387755,0.23551020408163262,4.877206574473562e-36,4.1567384978959606e-16,1.991486667760033e+28,III_signgd,II_spike,0.23551020408163262,0.33807051609020067
0.41183673469387755,0.25510204081632654,1.8423353940248305e-33,6.084454303352379e-17,1.0922230867600444e+27,III_signgd,II_spike,0.25510204081632654,0.35895123321356215
0.41183673469387755,0.2746938775510204,2.1349223231174567e-32,1.4450109139240586e-15,2.8936837085530874e+26,III_signgd,II_spike,0.2746938775510204,0.3794344287204513
0.41183673469387755,0.29428571428571426,9.341054310084052e-34,5.882569638570599e-16,3.92701362181412e+28,III_signgd,II_spike,0.29428571428571426,0.39955529026532965
0.41183673469387755,0.31387755102040815,6.444616500573803e-38,1.7622167910711044e-18,2.1698915318867404e+32,II_spike,I_stable,0.31387755102040815,0.41934376641984905
0.41183673469387755,0.33346938775510204,4.5864074732304734e-39,1.877000537846937e-18,3.907495449728708e+33,II_spike,I_stable,0.33346938775510204,0.4388256240669263
0.41183673469387755,0.35306122448979593,9.668468326144487e-36,2.291713326168805e-15,2.685307388822663e+25,II_spike,II_spike,0.35306122448979593,0.45802324290480784
0.41183673469387755,0.3726530612244898,1.6484989255787106e-57,8.476482439532791e-16,3.057953575212885e+28,II_spike,II_spike,0.3726530612244898,0.4769562233715155
0.41183673469387755,0.39224489795918366,7.502184993237419e-78,3.532654446885629e-16,2.968161668607838e+48,II_spike,II_spike,0.39224489795918366,0.49564185930152915
0.41183673469387755,0.41183673469387755,3.355e-321,3.355e-321,4.2557450865356875e+102,I_stable,I_stable,0.41183673469387755,0.5140955106577026
0.41183673469387755,0.43142857142857144,2.614e-321,2.614e-321,5.926442657670098e+102,I_stable,I_stable,0.43142857142857144,0.5323309012057498
0.41183673469387755,0.4510204081632653,3.26e-321,3.26e-321,6.541885742914085e+102,I_stable,I_stable,0.4510204081632653,0.5503603589627031
0.41183673469387755,0.47061224489795916,4.76e-321,4.76e-321,6.856316327146535e+102,I_stable,I_stable,0.47061224489795916,0.5681950124246583
0.41183673469387755,0.49020408163265305,3.99e-321,3.99e-321,6.213030609296888e+102,I_stable,I_stable,0.49020408163265305,0.5858449522056745
0.41183673469387755,0.509795918367347,0.0,0.0,6.282458212446588e+102,I_stable,I_stable,0.509795918367347,0.6033193653210811
0.41183673469387755,0.5293877551020408,0.0,0.0,6.206590285775745e+102,I_stable,I_stable,0.5293877551020408,0.6206266476163069
0.41183673469387755,0.5489795918367347,0.0,0.0,5.30399052101284e+102,I_stable,I_stable,0.5489795918367347,0.6377744985737119
0.41183673469387755,0.5685714285714285,0.0,0.0,6.15657131399313e+102,I_stable,I_stable,0.5685714285714285,0.654770001788624
0.41183673469387755,0.5881632653061224,0.0,0.0,6.051938549296675e+102,I_stable,I_stable,0.5881632653061224,0.6716196936990277
0.41183673469387755,0.6077551020408163,0.0,0.0,7.168365003648368e+102,I_stable,I_stable,0.6077551020408163,0.6883296226168335
0.41183673469387755,0.6273469387755102,0.0,0.0,6.433326713620452e+102,I_stable,I_stable,0.6273469387755102,0.7049053996971941
0.41183673469387755,0.6469387755102041,0.0,0.0,7.079242288024503e+102,I_stable,I_stable,0.6469387755102041,0.7213522431638066
0.41183673469387755,0.666530612244898,0.0,0.0,8.703920932622939e+102,I_stable,I_stable,0.666530612244898,0.7376750168593522
0.41183673469387755,0.6861224489795918,0.0,0.0,8.647433643507732e+102,I_stable,I_stable,0.6861224489795918,0.753878263994344
0.41183673469387755,0.7057142857142857,0.0,0.0,1.0275774720938906e+103,I_stable,I_stable,0.7057142857142857,0.7699662368122037
0.41183673469387755,0.7253061224489796,0.0,0.0,1.0889571602656188e+103,I_stable,I_stable,0.7253061224489796,0.785942922764163
0.41183673469387755,0.7448979591836734,0.0,0.0,1.3415559563417648e+103,I_stable,I_stable,0.7448979591836734,0.8018120676876266
0.41183673469387755,0.7644897959183673,0.0,0.0,1.5137867741420077e+103,I_stable,I_stable,0.7644897959183673,0.8175771964006852
0.41183673469387755,0.7840816326530612,0.0,0.0,1.7747789637240297e+103,I_stable,I_stable,0.7840816326530612,0.8332416310595315
0.41183673469387755,0.8036734693877551,0.0,0.0,2.0085319605877617e+103,I_stable,I_stable,0.8036734693877551,0.8488085075715106
0.41183673469387755,0.823265306122449,0.0,0.0,2.5950946128767446e+103,I_stable,I_stable,0.823265306122449,0.8642807903120353
0.41183673469387755,0.8428571428571429,0.0,0.0,3.20524620828894e+103,I_stable,I_stable,0.8428571428571429,0.8796612853567701
0.41183673469387755,0.8624489795918368,0.0,0.0,4.083803080986727e+103,I_stable,I_stable,0.8624489795918368,0.8949526524098372
0.41183673469387755,0.8820408163265305,0.0,0.0,5.46210997540232e+103,I_stable,I_stable,0.8820408163265305,0.910157415583198
0.41183673469387755,0.9016326530612244,0.0,0.0,7.826860058297511e+103,I_stable,I_stable,0.9016326530612244,0.9252779731608697
0.41183673469387755,0.9212244897959183,0.0,0.0,1.207985785532229e+104,I_stable,I_stable,0.9212244897959183,0.9403166064635249
0.41183673469387755,0.9408163265306122,0.0,0.0,2.1379870549655235e+104,I_stable,I_stable,0.9408163265306122,0.9552754879136958
0.41183673469387755,0.9604081632653061,0.0,0.0,4.79294681904691e+104,I_stable,I_stable,0.9604081632653061,0.9701566883887878
0.41183673469387755,0.98,0.0,0.0,1.863800705471831e+105,I_stable,I_stable,0.98,0.9849621839380145
0.43142857142857144,0.02,5.2914337960307524e-24,6.990072702973374e-11,2.1506020867463786e+17,III_signgd,II_spike,0.02,0.053182958969449884
0.43142857142857144,0.03959183673469388,7.627424559906748e-18,8.572042543800263e-13,3820516.084301081,III_signgd,II_spike,0.03959183673469388,0.0887573316607622
0.43142857142857144,0.05918367346938776,5.262171469316604e-19,1.861918069495333e-12,32431656.951603122,III_signgd,II_spike,0.05918367346938776,0.11999176412600944
0.43142857142857144,0.07877551020408163,1.413905304843731e-15,4.981725472762542e-12,46149.386133260334,III_signgd,III_signgd,0.07877551020408163,0.14869399108610135
0.43142857142857144,0.09836734693877551,4.7793794340798116e-18,7.515498433110183e-17,308783.3672120904,III_signgd,II_spike,0.09836734693877551,0.17564598165422904
0.43142857142857144,0.11795918367346939,4.6472270646604513e-17,6.897257023088277e-14,77365.57679455349,III_signgd,III_signgd,0.11795918367346939,0.20127916346199196
0.43142857142857144,0.13755102040816325,4.410658721728878e-31,1.5056790947438871e-16,2.146359566983066e+24,III_signgd,II_spike,0.13755102040816325,0.2258644406312193
0.43142857142857144,0.1571428571428571,1.996199760212634e-19,1.681685718629899e-14,3921878652.1108837,III_signgd,II_spike,0.1571428571428571,0.24958643848936826
0.43142857142857144,0.176734693877551,2.698689276012305e-30,1.544663069970191e-16,1.646487300350704e+22,III_signgd,II_spike,0.176734693877551,0.27257835044093476
0.43142857142857144,0.1963265306122449,8.820071507279914e-45,6.788797943709029e-16,1.2190041333833835e+43,III_signgd,II_spike,0.1963265306122449,0.29494038580671944
0.43142857142857144,0.21591836734693876,8.456572999633422e-35,5.329242657347441e-16,1.1218266364545922e+29,III_signgd,II_spike,0.21591836734693876,0.31675041368227413
0.43142857142857144,0.23551020408163262,6.411831866328138e-31,9.051817812225182e-15,2.443867126374074e+24,III_signgd,II_spike,0.23551020408163262,0.33807051609020067
0.43142857142857144,0.25510204081632654,1.2051788747275906e-34,5.289425388610739e-15,1.0260454149330964e+30,III_signgd,II_spike,0.25510204081632654,0.35895123321356215
0.43142857142857144,0.2746938775510204,4.964146609126586e-32,1.4426956399610232e-16,1.3241965620202228e+26,III_signgd,II_spike,0.2746938775510204,0.3794344287204513
0.43142857142857144,0.29428571428571426,3.7168843706678955e-33,1.1383878192401443e-16,8.30975215314446e+25,III_signgd,II_spike,0.29428571428571426,0.39955529026532965
0.43142857142857144,0.31387755102040815,2.932321608197266e-38,2.328817578570064e-18,2.5764269579478205e+35,III_signgd,I_stable,0.31387755102040815,0.41934376641984905
0.43142857142857144,0.33346938775510204,1.2172653730205328e-33,1.0381053308626502e-15,6.42389264125356e+27,II_spike,II_spike,0.33346938775510204,0.4388256240669263
0.43142857142857144,0.35306122448979593,4.60494490345225e-39,2.1534451086510176e-14,5.971855591214455e+36,II_spike,II_spike,0.35306122448979593,0.45802324290480784
0.43142857142857144,0.3726530612244898,5.08080797793805e-33,2.054994504714645e-20,4.715451831608391e+26,II_spike,I_stable,0.3726530612244898,0.4769562233715155
0.43142857142857144,0.39224489795918366,7.28979402576229e-50,1.003299510232338e-16,2.384540122697992e+29,II_spike,II_spike,0.39224489795918366,0.49564185930152915
0.43142857142857144,0.41183673469387755,1.227930637931421e-67,1.970083256533388e-15,7.925182119218477e+32,II_spike,II_spike,0.41183673469387755,0.5140955106577026
0.43142857142857144,0.43142857142857144,3.473e-321,3.473e-321,3.995883088065849e+102,I_stable,I_stable,0.43142857142857144,0.5323309012057498
0.43142857142857144,0.4510204081632653,2.495e-321,2.495e-321,9.053277025754184e+102,I_stable,I_stable,0.4510204081632653,0.5503603589627031
0.43142857142857144,0.47061224489795916,3.824e-321,3.824e-321,6.14354005794102e+102,I_stable,I_stable,0.47061224489795916,0.5681950124246583
0.43142857142857144,0.49020408163265305,3.666e-321,3.666e-321,7.759432036930476e+102,I_stable,I_stable,0.49020408163265305,0.5858449522056745
0.43142857142857144,0.509795918367347,0.0,0.0,7.566150266169227e+102,I_stable,I_stable,0.509795918367347,0.6033193653210811
0.43142857142857144,0.5293877551020408,0.0,0.0,7.255937203195294e+102,I_stable,I_stable,0.5293877551020408,0.6206266476163069
0.43142857142857144,0.5489795918367347,0.0,0.0,6.048030255157657e+102,I_stable,I_stable,0.5489795918367347,0.6377744985737119
0.43142857142857144,0.5685714285714285,0.0,0.0,6.87505242938236e+102,I_stable,I_stable,0.5685714285714285,0.654770001788624
0.43142857142857144,0.5881632653061224,0.0,0.0,6.638383492543812e+102,I_stable,I_stable,0.5881632653061224,0.6716196936990277
0.43142857142857144,0.6077551020408163,0.0,0.0,7.743149300345042e+102,I_stable,I_stable,0.6077551020408163,0.6883296226168335
0.43142857142857144,0.6273469387755102,0.0,0.0,6.856440525330506e+102,I_stable,I_stable,0.6273469387755102,0.7049053996971941
0.43142857142857144,0.6469387755102041,0.0,0.0,7.45733542329877e+102,I_stable,I_stable,0.6469387755102041,0.7213522431638066
0.43142857142857144,0.666530612244898,0.0,0.0,9.07336031080228e+102,I_stable,I_stable,0.666530612244898,0.7376750168593522
0.43142857142857144,0.6861224489795918,0.0,0.0,8.93729765982703e+102,I_stable,I_stable,0.6861224489795918,0.753878263994344
0.43142857142857144,0.7057142857142857,0.0,0.0,1.0540662259623155e+103,I_stable,I_stable,0.7057142857142857,0.7699662368122037
0.43142857142857144,0.7253061224489796,0.0,0.0,1.1093107425487751e+103,I_stable,I_stable,0.7253061224489796,0.785942922764163
0.43142857142857144,0.7448979591836734,0.0,0.0,1.3589123820144602e+103,I_stable,I_stable,0.7448979591836734,0.8018120676876266
0.43142857142857144,0.7644897959183673,0.0,0.0,1.5250480659882071e+103,I_stable,I_stable,0.7644897959183673,0.8175771964006852
0.43142857142857144,0.7840816326530612,0.0,0.0,1.780364122584153e+103,I_stable,I_stable,0.7840816326530612,0.8332416310595315
0.43142857142857144,0.8036734693877551,0.0,0.0,2.0077652702425435e+103,I_stable,I_stable,0.8036734693877551,0.8488085075715106
0.43142857142857144,0.823265306122449,0.0,0.0,2.58724881456232e+103,I_stable,I_stable,0.823265306122449,0.8642807903120353
0.43142857142857144,0.8428571428571429,0.0,0.0,3.1868632496519628e+103,I_stable,I_stable,0.8428571428571429,0.8796612853567701
0.43142857142857144,0.8624489795918368,0.0,0.0,4.05357828702638e+103,I_stable,I_stable,0.8624489795918368,0.8949526524098372
0.43142857142857144,0.8820408163265305,0.0,0.0,5.416016103983411e+103,I_stable,I_stable,0.8820408163265305,0.910157415583198
0.43142857142857144,0.9016326530612244,0.0,0.0,7.755080321014579e+103,I_stable,I_stable,0.9016326530612244,0.9252779731608697
0.43142857142857144,0.9212244897959183,0.0,0.0,1.1968946649823061e+104,I_stable,I_stable,0.9212244897959183,0.9403166064635249
0.43142857142857144,0.9408163265306122,0.0,0.0,2.1198933022388588e+104,I_stable,I_stable,0.9408163265306122,0.9552754879136958
0.43142857142857144,0.9604081632653061,0.0,0.0,4.7579968382647926e+104,I_stable,I_stable,0.9604081632653061,0.9701566883887878
0.43142857142857144,0.98,0.0,0.0,1.8546706806612408e+105,I_stable,I_stable,0.98,0.9849621839380145
0.4510204081632653,0.02,1.305412475110435e-29,4.149076223585769e-11,5.282951312314714e+24,III_signgd,II_spike,0.02,0.053182958969449884
0.4510204081632653,0.03959183673469388,1.126332108846221e-20,1.4157341871125152e-11,712116534925.8683,III_signgd,II_spike,0.03959183673469388,0.0887573316607622
0.4510204081632653,0.05918367346938776,7.017350833927135e-17,2.5391785366358244e-16,34193.85095267043,III_signgd,III_signgd,0.05918367346938776,0.11999176412600944
0.4510204081632653,0.07877551020408163,4.103134768714556e-24,1.2417070936195962e-12,1622204920926277.8,III_signgd,II_spike,0.07877551020408163,0.14869399108610135
0.4510204081632653,0.09836734693877551,5.319328079857188e-33,4.969856331972187e-17,8.5592420006517e+26,III_signgd,II_spike,0.09836734693877551,0.17564598165422904
0.4510204081632653,0.11795918367346939,1.3985279343812828e-19,5.1847531715222875e-17,453072343.9320579,III_signgd,II_spike,0.11795918367346939,0.20127916346199196
0.4510204081632653,0.13755102040816325,3.861273701780299e-20,4.2742802612038834e-14,2746713864.8864093,III_signgd,II_spike,0.13755102040816325,0.2258644406312193
0.4510204081632653,0.1571428571428571,6.101679779711818e-19,1.452474739219557e-16,1874234.258055077,III_signgd,II_spike,0.1571428571428571,0.24958643848936826
0.4510204081632653,0.176734693877551,3.072524437581693e-23,5.476391050576862e-17,5614735838807994.0,III_signgd,II_spike,0.176734693877551,0.27257835044093476
0.4510204081632653,0.1963265306122449,7.500933218690476e-34,9.87454980111352e-17,4.008680907496475e+28,III_signgd,II_spike,0.1963265306122449,0.29494038580671944
0.4510204081632653,0.21591836734693876,6.394257266535806e-35,2.4979755731147174e-14,1.815054483372058e+30,III_signgd,II_spike,0.21591836734693876,0.31675041368227413
0.4510204081632653,0.23551020408163262,4.980782862689247e-32,2.3442324865023313e-17,9.08928739880213e+25,III_signgd,II_spike,0.23551020408163262,0.33807051609020067
0.4510204081632653,0.25510204081632654,1.0431912034292563e-34,3.226418258588349e-14,9.01844710078307e+27,III_signgd,II_spike,0.25510204081632654,0.35895123321356215
0.4510204081632653,0.2746938775510204,1.3371056162078464e-22,1.0563175768981368e-16,839340832164.0929,III_signgd,II_spike,0.2746938775510204,0.3794344287204513
0.4510204081632653,0.29428571428571426,3.3106351290144885e-22,3.6406989862515395e-14,151246268855.19534,III_signgd,II_spike,0.29428571428571426,0.39955529026532965
0.4510204081632653,0.31387755102040815,4.8412812063280774e-33,9.76060031066098e-15,4.1210150770549466e+27,III_signgd,II_spike,0.31387755102040815,0.41934376641984905
0.4510204081632653,0.33346938775510204,9.276829624341355e-33,6.694020537924333e-16,1.4613974716177375e+27,III_signgd,II_spike,0.33346938775510204,0.4388256240669263
0.4510204081632653,0.35306122448979593,3.1002831428698033e-43,6.045176792047955e-22,6.918032398250623e+42,II_spike,I_stable,0.35306122448979593,0.45802324290480784
0.4510204081632653,0.3726530612244898,1.5592674686784313e-34,9.476075387729599e-16,5.330878614083971e+29,II_spike,II_spike,0.3726530612244898,0.4769562233715155
0.4510204081632653,0.39224489795918366,5.622544695128153e-35,4.112908740275185e-18,7.703717266006632e+27,II_spike,I_stable,0.39224489795918366,0.49564185930152915
0.4510204081632653,0.41183673469387755,4.430685011047749e-57,4.928360954708064e-16,7.08857506705953e+33,II_spike,II_spike,0.41183673469387755,0.5140955106577026
0.4510204081632653,0.43142857142857144,8.436895888153582e-66,3.798567784434323e-20,7.105221724123397e+33,II_spike,I_stable,0.43142857142857144,0.5323309012057498
0.4510204081632653,0.4510204081632653,2.43e-321,2.43e-321,4.063756672007634e+102,I_stable,I_stable,0.4510204081632653,0.5503603589627031
0.4510204081632653,0.47061224489795916,2.964e-321,2.964e-321,8.718623772098003e+102,I_stable,I_stable,0.47061224489795916,0.5681950124246583
0.4510204081632653,0.49020408163265305,2.945e-321,2.945e-321,7.264063024000096e+102,I_stable,I_stable,0.49020408163265305,0.5858449522056745
0.4510204081632653,0.509795918367347,0.0,0.0,6.891259909921872e+102,I_stable,I_stable,0.509795918367347,0.6033193653210811
0.4510204081632653,0.5293877551020408,0.0,0.0,6.482665706973045e+102,I_stable,I_stable,0.5293877551020408,0.6206266476163069
0.4510204081632653,0.5489795918367347,0.0,0.0,7.199237811187951e+102,I_stable,I_stable,0.5489795918367347,0.6377744985737119
0.4510204081632653,0.5685714285714285,0.0,0.0,7.968908598935887e+102,I_stable,I_stable,0.5685714285714285,0.654770001788624
0.4510204081632653,0.5881632653061224,0.0,0.0,7.523592732077214e+102,I_stable,I_stable,0.5881632653061224,0.6716196936990277
0.4510204081632653,0.6077551020408163,0.0,0.0,6.71222250796555e+102,I_stable,I_stable,0.6077551020408163,0.6883296226168335
0.4510204081632653,0.6273469387755102,0.0,0.0,7.496629730911139e+102,I_stable,I_stable,0.6273469387755102,0.7049053996971941
0.4510204081632653,0.6469387755102041,0.0,0.0,8.036556933482016e+102,I_stable,I_stable,0.6469387755102041,0.7213522431638066
0.4510204081632653,0.666530612244898,0.0,0.0,9.656289046101317e+102,I_stable,I_stable,0.666530612244898,0.7376750168593522
0.4510204081632653,0.6861224489795918,0.0,0.0,9.405817335045776e+102,I_stable,I_stable,0.6861224489795918,0.753878263994344
0.4510204081632653,0.7057142857142857,0.0,0.0,1.0982566680670008e+103,I_stable,I_stable,0.7057142857142857,0.7699662368122037
0.4510204081632653,0.7253061224489796,0.0,0.0,1.1462064473793246e+103,I_stable,I_stable,0.7253061224489796,0.785942922764163
0.4510204081632653,0.7448979591836734,0.0,0.0,1.3938762407193027e+103,I_stable,I_stable,0.7448979591836734,0.8018120676876266
0.4510204081632653,0.7644897959183673,0.0,0.0,1.553818848633714e+103,I_stable,I_stable,0.7644897959183673,0.8175771964006852
0.4510204081632653,0.7840816326530612,0.0,0.0,1.804044544551391e+103,I_stable,I_stable,0.7840816326530612,0.8332416310595315
0.4510204081632653,0.8036734693877551,0.0,0.0,2.0235890029642777e+103,I_stable,I_stable,0.8036734693877551,0.8488085075715106
0.4510204081632653,0.823265306122449,0.0,0.0,2.5972143985084557e+103,I_stable,I_stable,0.823265306122449,0.8642807903120353
0.4510204081632653,0.8428571428571429,0.0,0.0,3.1880814877794496e+103,I_stable,I_stable,0.8428571428571429,0.8796612853567701
0.4510204081632653,0.8624489795918368,0.0,0.0,4.042915074863593e+103,I_stable,I_stable,0.8624489795918368,0.8949526524098372
0.4510204081632653,0.8820408163265305,0.0,0.0,5.741159967624741e+103,I_stable,I_stable,0.8820408163265305,0.910157415583198
0.4510204081632653,0.9016326530612244,0.0,0.0,8.117455919212921e+103,I_stable,I_stable,0.9016326530612244,0.9252779731608697
0.4510204081632653,0.9212244897959183,0.0,0.0,1.2383176743997483e+104,I_stable,I_stable,0.9212244897959183,0.9403166064635249
0.4510204081632653,0.9408163265306122,0.0,0.0,2.169838418908956e+104,I_stable,I_stable,0.9408163265306122,0.9552754879136958
0.4510204081632653,0.9604081632653061,0.0,0.0,4.8226334362075995e+104,I_stable,I_stable,0.9604081632653061,0.9701566883887878
0.4510204081632653,0.98,0.0,0.0,1.8649489082363953e+105,I_stable,I_stable,0.98,0.9849621839380145
0.47061224489795916,0.02,8.775099607412782e-28,5.661622152583972e-11,1.3031980363199225e+23,III_signgd,II_spike,0.02,0.053182958969449884
0.47061224489795916,0.03959183673469388,8.49067657129792e-20,5.903805344610329e-15,4546995593.865378,III_signgd,II_spike,0.03959183673469388,0.0887573316607622
0.47061224489795916,0.05918367346938776,2.3566422768316658e-33,1.8564468886881388e-12,9.307700939311887e+28,III_signgd,II_spike,0.05918367346938776,0.11999176412600944
0.47061224489795916,0.07877551020408163,5.640144175110872e-32,9.362558084474842e-14,1.2774385119668083e+27,III_signgd,II_spike,0.07877551020408163,0.14869399108610135
0.47061224489795916,0.09836734693877551,3.319329395200924e-18,8.73051552850701e-12,362202006.9982461,III_signgd,II_spike,0.09836734693877551,0.17564598165422904
0.47061224489795916,0.11795918367346939,2.4584386436727884e-22,9.394213524381631e-14,2369622554823.2563,III_signgd,II_spike,0.11795918367346939,0.20127916346199196
0.47061224489795916,0.13755102040816325,8.115103778414572e-17,4.733497100286558e-13,10565.887913092072,III_signgd,III_signgd,0.13755102040816325,0.2258644406312193
0.47061224489795916,0.1571428571428571,4.298415839990196e-34,1.36176567072691e-19,5.086022172262269e+28,III_signgd,I_stable,0.1571428571428571,0.24958643848936826
0.47061224489795916,0.176734693877551,3.4614041303343974e-28,4.033413436481833e-15,8.117983879102156e+19,III_signgd,II_spike,0.176734693877551,0.27257835044093476
0.47061224489795916,0.1963265306122449,4.037258184344061e-20,3.2974387425781804e-17,58382132.421246074,III_signgd,II_spike,0.1963265306122449,0.29494038580671944
0.47061224489795916,0.21591836734693876,1.154659891913144e-22,1.344638334210078e-14,6703721545714.739,III_signgd,II_spike,0.21591836734693876,0.31675041368227413
0.47061224489795916,0.23551020408163262,7.332361897077146e-31,1.8974765255821635e-14,1.320243608081923e+24,III_signgd,II_spike,0.23551020408163262,0.33807051609020067
0.47061224489795916,0.25510204081632654,6.759625977571398e-28,6.262878335883838e-17,5.006894585867566e+19,III_signgd,II_spike,0.25510204081632654,0.35895123321356215
0.47061224489795916,0.2746938775510204,2.46663434066396e-32,1.1070853782776586e-17,2.6481304521005016e+26,III_signgd,I_stable,0.2746938775510204,0.3794344287204513
0.47061224489795916,0.29428571428571426,6.724072760182109e-21,3.0749283889455122e-15,842179066.8694792,III_signgd,II_spike,0.29428571428571426,0.39955529026532965
0.47061224489795916,0.31387755102040815,1.3582314944552655e-34,2.924570176771282e-14,7.607598243131883e+29,III_signgd,II_spike,0.31387755102040815,0.41934376641984905
0.47061224489795916,0.33346938775510204,4.424900082800134e-25,5.924760123504986e-21,4135532724836992.5,III_signgd,I_stable,0.33346938775510204,0.4388256240669263
0.47061224489795916,0.35306122448979593,1.2458097074159537e-22,2.8138266694739055e-14,15674573077.050226,III_signgd,II_spike,0.35306122448979593,0.45802324290480784
0.47061224489795916,0.3726530612244898,1.740633734274346e-37,4.543284152860518e-15,1.713491873221626e+34,II_spike,II_spike,0.3726530612244898,0.4769562233715155
0.47061224489795916,0.39224489795918366,1.4130796650242828e-32,7.894681127358857e-18,6.770755861864604e+26,II_spike,I_stable,0.39224489795918366,0.49564185930152915
0.47061224489795916,0.41183673469387755,9.683254701174012e-42,5.161646978919544e-16,5.8023624320626295e+34,II_spike,II_spike,0.41183673469387755,0.5140955106577026
0.47061224489795916,0.43142857142857144,9.087934058375219e-55,3.675401499215651e-14,4.692751862099255e+31,II_spike,II_spike,0.43142857142857144,0.5323309012057498
0.47061224489795916,0.4510204081632653,6.287543454212483e-61,6.506248281467924e-19,1.5331889042803158e+34,II_spike,I_stable,0.4510204081632653,0.5503603589627031
0.47061224489795916,0.47061224489795916,3.19e-321,3.19e-321,6.137091482236245e+102,I_stable,I_stable,0.47061224489795916,0.5681950124246583
0.47061224489795916,0.49020408163265305,2.38e-321,2.38e-321,1.0576740146628207e+103,I_stable,I_stable,0.49020408163265305,0.5858449522056745
0.47061224489795916,0.509795918367347,0.0,0.0,9.427210253149824e+102,I_stable,I_stable,0.509795918367347,0.6033193653210811
0.47061224489795916,0.5293877551020408,0.0,0.0,8.443598553240625e+102,I_stable,I_stable,0.5293877551020408,0.6206266476163069
0.47061224489795916,0.5489795918367347,0.0,0.0,9.007545594579602e+102,I_stable,I_stable,0.5489795918367347,0.6377744985737119
0.47061224489795916,0.5685714285714285,0.0,0.0,7.276124627200446e+102,I_stable,I_stable,0.5685714285714285,0.654770001788624
0.47061224489795916,0.5881632653061224,0.0,0.0,8.860999836141519e+102,I_stable,I_stable,0.5881632653061224,0.6716196936990277
0.47061224489795916,0.6077551020408163,0.0,0.0,7.71807975658988e+102,I_stable,I_stable,0.6077551020408163,0.6883296226168335
0.47061224489795916,0.6273469387755102,0.0,0.0,8.445969128388676e+102,I_stable,I_stable,0.6273469387755102,0.7049053996971941
0.47061224489795916,0.6469387755102041,0.0,0.0,8.89379002822523e+102,I_stable,I_stable,0.6469387755102041,0.7213522431638066
0.47061224489795916,0.666530612244898,0.0,0.0,1.0518948073792152e+103,I_stable,I_stable,0.666530612244898,0.7376750168593522
0.47061224489795916,0.6861224489795918,0.0,0.0,1.0106455890526495e+103,I_stable,I_stable,0.6861224489795918,0.753878263994344
0.47061224489795916,0.7057142857142857,0.0,0.0,1.1660998415456172e+103,I_stable,I_stable,0.7057142857142857,0.7699662368122037
0.47061224489795916,0.7253061224489796,0.0,0.0,1.203610597251781e+103,I_stable,I_stable,0.7253061224489796,0.785942922764163
0.47061224489795916,0.7448979591836734,0.0,0.0,1.4494663108267564e+103,I_stable,I_stable,0.7448979591836734,0.8018120676876266
0.47061224489795916,0.7644897959183673,0.0,0.0,1.6031849990387395e+103,I_stable,I_stable,0.7644897959183673,0.8175771964006852
0.47061224489795916,0.7840816326530612,0.0,0.0,1.847367912962225e+103,I_stable,I_stable,0.7840816326530612,0.8332416310595315
0.47061224489795916,0.8036734693877551,0.0,0.0,2.2977709325318412e+103,I_stable,I_stable,0.8036734693877551,0.8488085075715106
0.47061224489795916,0.823265306122449,0.0,0.0,2.6283799674240496e+103,I_stable,I_stable,0.823265306122449,0.8642807903120353
0.47061224489795916,0.8428571428571429,0.0,0.0,3.2113301556980433e+103,I_stable,I_stable,0.8428571428571429,0.8796612853567701
0.47061224489795916,0.8624489795918368,0.0,0.0,4.366863467911367e+103,I_stable,I_stable,0.8624489795918368,0.8949526524098372
0.47061224489795916,0.8820408163265305,0.0,0.0,5.739968607983387e+103,I_stable,I_stable,0.8820408163265305,0.910157415583198
0.47061224489795916,0.9016326530612244,0.0,0.0,8.095880945443802e+103,I_stable,I_stable,0.9016326530612244,0.9252779731608697
0.47061224489795916,0.9212244897959183,0.0,0.0,1.232954563695697e+104,I_stable,I_stable,0.9212244897959183,0.9403166064635249
0.47061224489795916,0.9408163265306122,0.0,0.0,2.1588314791477924e+104,I_stable,I_stable,0.9408163265306122,0.9552754879136958
0.47061224489795916,0.9604081632653061,0.0,0.0,4.79769472684385e+104,I_stable,I_stable,0.9604081632653061,0.9701566883887878
0.47061224489795916,0.98,0.0,0.0,1.8765858898494957e+105,I_stable,I_stable,0.98,0.9849621839380145
0.49020408163265305,0.02,2.838507254921586e-29,1.4335262793281641e-12,9.72566926453231e+24,III_signgd,II_spike,0.02,0.053182958969449884
0.49020408163265305,0.03959183673469388,7.422508898360085e-30,1.0872997819932979e-10,1.6013121869470298e+26,III_signgd,II_spike,0.03959183673469388,0.0887573316607622
0.49020408163265305,0.05918367346938776,6.267041417656052e-25,1.7112311356091586e-12,2.523412068017639e+16,III_signgd,II_spike,0.05918367346938776,0.11999176412600944
0.49020408163265305,0.07877551020408163,9.4001445410413e-34,3.4518926531508143e-16,5.440917052890149e+27,III_signgd,II_spike,0.07877551020408163,0.14869399108610135
0.49020408163265305,0.09836734693877551,1.9567686716895798e-16,1.1127944638510293e-15,1466100.327782947,III_signgd,III_signgd,0.09836734693877551,0.17564598165422904
0.49020408163265305,0.11795918367346939,4.847348701920787e-15,6.636947580754129e-15,15782.47714373395,III_signgd,III_signgd,0.11795918367346939,0.20127916346199196
0.49020408163265305,0.13755102040816325,1.3924228947914961e-19,2.87855579933156e-17,139789848.92995113,III_signgd,II_spike,0.13755102040816325,0.2258644406312193
0.49020408163265305,0.1571428571428571,4.5428750646117986e-18,1.322203782154418e-16,1662020.1512260742,III_signgd,II_spike,0.1571428571428571,0.24958643848936826
0.49020408163265305,0.176734693877551,9.895028313648758e-37,2.0401016215057343e-16,4.514145715598177e+32,III_signgd,II_spike,0.176734693877551,0.27257835044093476
0.49020408163265305,0.1963265306122449,1.4781585199853635e-22,1.2806148495392333e-15,269017744937.19977,III_signgd,II_spike,0.1963265306122449,0.29494038580671944
0.49020408163265305,0.21591836734693876,6.234238175811134e-28,2.313402917554401e-17,3.2881551758855172e+19,III_signgd,II_spike,0.21591836734693876,0.31675041368227413
0.49020408163265305,0.23551020408163262,4.2042581193245647e-23,5.1426077639917e-16,3548027641745.988,III_signgd,II_spike,0.23551020408163262,0.33807051609020067
0.49020408163265305,0.25510204081632654,7.584824488166096e-22,2.569408088837665e-16,33298966592.375294,III_signgd,II_spike,0.25510204081632654,0.35895123321356215
0.49020408163265305,0.2746938775510204,4.983920394275474e-22,3.7234532221635205e-14,60681309712.84146,III_signgd,II_spike,0.2746938775510204,0.3794344287204513
0.49020408163265305,0.29428571428571426,2.9801195934139425e-32,2.91350064320256e-17,1.709433400011227e+26,III_signgd,II_spike,0.29428571428571426,0.39955529026532965
0.49020408163265305,0.31387755102040815,1.8799301346475906e-19,8.841535879972971e-19,6135342.051704626,III_signgd,I_stable,0.31387755102040815,0.41934376641984905
0.49020408163265305,0.33346938775510204,1.8024020910545997e-34,5.581640592424183e-17,4.152206211856383e+29,III_signgd,II_spike,0.33346938775510204,0.4388256240669263
0.49020408163265305,0.35306122448979593,1.0622824249009346e-34,6.156261033060785e-17,1.0166687727945896e+30,III_signgd,II_spike,0.35306122448979593,0.45802324290480784
0.49020408163265305,0.3726530612244898,2.7470155384470337e-24,1.1722257536750368e-20,2810635838662.4697,III_signgd,I_stable,0.3726530612244898,0.4769562233715155
0.49020408163265305,0.39224489795918366,2.7344137578645037e-49,2.8928526986902988e-15,6.1742513781828416e+50,II_spike,II_spike,0.39224489795918366,0.49564185930152915
0.49020408163265305,0.41183673469387755,1.082664314397874e-33,4.174346838720782e-16,8.977135574157673e+26,II_spike,II_spike,0.41183673469387755,0.5140955106577026
0.49020408163265305,0.43142857142857144,4.601379375678149e-39,3.1627565907326577e-15,1.3975789327475492e+25,II_spike,II_spike,0.43142857142857144,0.5323309012057498
0.49020408163265305,0.4510204081632653,1.3999046479491834e-63,5.71677619330575e-26,3.460631597913586e+33,II_spike,I_stable,0.4510204081632653,0.5503603589627031
0.49020408163265305,0.47061224489795916,9.216495428011331e-62,6.56053279143205e-17,1.6942964488653275e+34,II_spike,II_spike,0.47061224489795916,0.5681950124246583
0.49020408163265305,0.49020408163265305,2.18e-321,2.18e-321,7.704583874631577e+102,I_stable,I_stable,0.49020408163265305,0.5858449522056745
0.49020408163265305,0.509795918367347,0.0,0.0,1.4088145714882255e+103,I_stable,I_stable,0.509795918367347,0.6033193653210811
0.49020408163265305,0.5293877551020408,0.0,0.0,1.1820184121252592e+103,I_stable,I_stable,0.5293877551020408,0.6206266476163069
0.49020408163265305,0.5489795918367347,0.0,0.0,8.875867943724223e+102,I_stable,I_stable,0.5489795918367347,0.6377744985737119
0.49020408163265305,0.5685714285714285,0.0,0.0,9.277745528543317e+102,I_stable,I_stable,0.5685714285714285,0.654770001788624
0.49020408163265305,0.5881632653061224,0.0,0.0,8.366377142819697e+102,I_stable,I_stable,0.5881632653061224,0.6716196936990277
0.49020408163265305,0.6077551020408163,0.0,0.0,9.22809528505149e+102,I_stable,I_stable,0.6077551020408163,0.6883296226168335
0.49020408163265305,0.6273469387755102,0.0,0.0,9.845277038967973e+102,I_stable,I_stable,0.6273469387755102,0.7049053996971941
0.49020408163265305,0.6469387755102041,0.0,0.0,1.0142639973304612e+103,I_stable,I_stable,0.6469387755102041,0.7213522431638066
0.49020408163265305,0.666530612244898,0.0,0.0,9.606847150565646e+102,I_stable,I_stable,0.666530612244898,0.7376750168593522
0.49020408163265305,0.6861224489795918,0.0,0.0,1.1115127756824067e+103,I_stable,I_stable,0.6861224489795918,0.753878263994344
0.49020408163265305,0.7057142857142857,0.0,0.0,1.263451078825643e+103,I_stable,I_stable,0.7057142857142857,0.7699662368122037
0.49020408163265305,0.7253061224489796,0.0,0.0,1.2875043802860584e+103,I_stable,I_stable,0.7253061224489796,0.785942922764163
0.49020408163265305,0.7448979591836734,0.0,0.0,1.5325565238101579e+103,I_stable,I_stable,0.7448979591836734,0.8018120676876266
0.49020408163265305,0.7644897959183673,0.0,0.0,1.6770937941575058e+103,I_stable,I_stable,0.7644897959183673,0.8175771964006852
0.49020408163265305,0.7840816326530612,0.0,0.0,1.9152581886014375e+103,I_stable,I_stable,0.7840816326530612,0.8332416310595315
0.49020408163265305,0.8036734693877551,0.0,0.0,2.3626831343053803e+103,I_stable,I_stable,0.8036734693877551,0.8488085075715106
0.49020408163265305,0.823265306122449,0.0,0.0,2.6830295452122138e+103,I_stable,I_stable,0.823265306122449,0.8642807903120353
0.49020408163265305,0.8428571428571429,0.0,0.0,3.25839469977249e+103,I_stable,I_stable,0.8428571428571429,0.8796612853567701
0.49020408163265305,0.8624489795918368,0.0,0.0,4.409587206883654e+103,I_stable,I_stable,0.8624489795918368,0.8949526524098372
0.49020408163265305,0.8820408163265305,0.0,0.0,5.767324986623786e+103,I_stable,I_stable,0.8820408163265305,0.910157415583198
0.49020408163265305,0.9016326530612244,0.0,0.0,8.107147854629897e+103,I_stable,I_stable,0.9016326530612244,0.9252779731608697
0.49020408163265305,0.9212244897959183,0.0,0.0,1.2310889112305915e+104,I_stable,I_stable,0.9212244897959183,0.9403166064635249
0.49020408163265305,0.9408163265306122,0.0,0.0,2.2179525884165514e+104,I_stable,I_stable,0.9408163265306122,0.9552754879136958
0.49020408163265305,0.9604081632653061,0.0,0.0,4.877127355779711e+104,I_stable,I_stable,0.9604081632653061,0.9701566883887878
0.49020408163265305,0.98,0.0,0.0,1.8703464003084072e+105,I_stable,I_stable,0.98,0.9849621839380145
0.509795918367347,0.02,1.6933256872986027e-32,3.6297993446293943e-11,1.963107370369684e+30,III_signgd,II_spike,0.02,0.053182958969449884
0.509795918367347,0.03959183673469388,2.2902031022827866e-38,5.0587814689592174e-14,2.82948429092366e+36,III_signgd,II_spike,0.03959183673469388,0.0887573316607622
0.509795918367347,0.05918367346938776,6.852613943179586e-24,3.1672895024086384e-11,3.6108552832555e+18,III_signgd,II_spike,0.05918367346938776,0.11999176412600944
0.509795918367347,0.07877551020408163,8.142243335646421e-24,4.9954386800652956e-17,4699892347128459.0,III_signgd,II_spike,0.07877551020408163,0.14869399108610135
0.509795918367347,0.09836734693877551,4.597950395218518e-34,1.6241207627901678e-14,7.627896353200856e+28,III_signgd,II_spike,0.09836734693877551,0.17564598165422904
0.509795918367347,0.11795918367346939,1.571198968994772e-16,6.148564120254465e-12,1967901.6505775496,III_signgd,III_signgd,0.11795918367346939,0.20127916346199196
0.509795918367347,0.13755102040816325,3.7069245178980516e-28,6.712784513123408e-14,2.4504709280255967e+21,III_signgd,II_spike,0.13755102040816325,0.2258644406312193
0.509795918367347,0.1571428571428571,1.3055316936135953e-19,1.3482320032243562e-14,322689826.9120033,III_signgd,II_spike,0.1571428571428571,0.24958643848936826
0.509795918367347,0.176734693877551,1.2130520865585694e-22,2.3557351543270608e-14,11258208716996.764,III_signgd,II_spike,0.176734693877551,0.27257835044093476
0.509795918367347,0.1963265306122449,4.698070547321881e-17,1.9338499361073342e-13,27443.874513890765,III_signgd,III_signgd,0.1963265306122449,0.29494038580671944
0.509795918367347,0.21591836734693876,2.85702486817135e-18,1.3786488835652967e-13,664137807.3306663,III_signgd,II_spike,0.21591836734693876,0.31675041368227413
0.509795918367347,0.23551020408163262,9.736358913533441e-25,1.0498983219864746e-14,495685915258599.9,III_signgd,II_spike,0.23551020408163262,0.33807051609020067
0.509795918367347,0.25510204081632654,5.621878021118726e-19,1.0480136426121575e-14,42328236.3863024,III_signgd,II_spike,0.25510204081632654,0.35895123321356215
0.509795918367347,0.2746938775510204,7.61260330165452e-20,1.612850971324986e-16,24439751.81453841,III_signgd,II_spike,0.2746938775510204,0.3794344287204513
0.509795918367347,0.29428571428571426,2.347668013312828e-36,1.42112374714554e-15,1.8067419607735732e+32,III_signgd,II_spike,0.29428571428571426,0.39955529026532965
0.509795918367347,0.31387755102040815,2.374054475492721e-31,3.2553363832829795e-14,6.237477684549988e+24,III_signgd,II_spike,0.31387755102040815,0.41934376641984905
0.509795918367347,0.33346938775510204,2.478145182500457e-31,3.3070135407841603e-15,6.472893548729178e+24,III_signgd,II_spike,0.33346938775510204,0.4388256240669263
0.509795918367347,0.35306122448979593,4.008935338521949e-34,8.388298557670687e-17,1.0886860299259613e+29,III_signgd,II_spike,0.35306122448979593,0.45802324290480784
0.509795918367347,0.3726530612244898,1.7342304218924496e-32,2.961820946574669e-16,4.356494338511574e+26,III_signgd,II_spike,0.3726530612244898,0.4769562233715155
0.509795918367347,0.39224489795918366,4.082208035153147e-36,8.40216977884358e-15,4.032437370936926e+30,III_signgd,II_spike,0.39224489795918366,0.49564185930152915
0.509795918367347,0.41183673469387755,2.8391542225173915e-39,4.105527585446752e-15,1.5098381065634389e+35,II_spike,II_spike,0.41183673469387755,0.5140955106577026
0.509795918367347,0.43142857142857144,1.0004032205026796e-33,2.8560715981756984e-15,1.2022479784993891e+27,II_spike,II_spike,0.43142857142857144,0.5323309012057498
0.509795918367347,0.4510204081632653,6.639105014483848e-45,6.0834102984282995e-25,1.7881696747402912e+30,II_spike,I_stable,0.4510204081632653,0.5503603589627031
0.509795918367347,0.47061224489795916,6.528339646280631e-75,8.291332060063861e-16,2.4195856199165435e+41,II_spike,II_spike,0.47061224489795916,0.5681950124246583
0.509795918367347,0.49020408163265305,1.5121348112512423e-63,8.078392399659058e-19,3.177524775810214e+38,II_spike,I_stable,0.49020408163265305,0.5858449522056745
0.509795918367347,0.509795918367347,0.0,0.0,7.105263216783295e+102,I_stable,I_stable,0.509795918367347,0.6033193653210811
0.509795918367347,0.5293877551020408,0.0,0.0,1.3195990371753616e+103,I_stable,I_stable,0.5293877551020408,0.6206266476163069
0.509795918367347,0.5489795918367347,0.0,0.0,1.2719460140171877e+103,I_stable,I_stable,0.5489795918367347,0.6377744985737119
0.509795918367347,0.5685714285714285,0.0,0.0,1.2595792807969602e+103,I_stable,I_stable,0.5685714285714285,0.654770001788624
0.509795918367347,0.5881632653061224,0.0,0.0,1.0867570733261248e+103,I_stable,I_stable,0.5881632653061224,0.6716196936990277
0.509795918367347,0.6077551020408163,0.0,0.0,1.1551465249296455e+103,I_stable,I_stable,0.6077551020408163,0.6883296226168335
0.509795918367347,0.6273469387755102,0.0,0.0,1.1944218058225973e+103,I_stable,I_stable,0.6273469387755102,0.7049053996971941
0.509795918367347,0.6469387755102041,0.0,0.0,1.197614782464327e+103,I_stable,I_stable,0.6469387755102041,0.7213522431638066
0.509795918367347,0.666530612244898,0.0,0.0,1.1081217796822252e+103,I_stable,I_stable,0.666530612244898,0.7376750168593522
0.509795918367347,0.6861224489795918,0.0,0.0,1.2562579867154513e+103,I_stable,I_stable,0.6861224489795918,0.753878263994344
0.509795918367347,0.7057142857142857,0.0,0.0,1.402500553094401e+103,I_stable,I_stable,0.7057142857142857,0.7699662368122037
0.509795918367347,0.7253061224489796,0.0,0.0,1.4060324987694484e+103,I_stable,I_stable,0.7253061224489796,0.785942922764163
0.509795918367347,0.7448979591836734,0.0,0.0,1.6503886092976711e+103,I_stable,I_stable,0.7448979591836734,0.8018120676876266
0.509795918367347,0.7644897959183673,0.0,0.0,1.7833876378760532e+103,I_stable,I_stable,0.7644897959183673,0.8175771964006852
0.509795918367347,0.7840816326530612,0.0,0.0,2.013554566687555e+103,I_stable,I_stable,0.7840816326530612,0.8332416310595315
0.509795918367347,0.8036734693877551,0.0,0.0,2.4590459009548048e+103,I_stable,I_stable,0.8036734693877551,0.8488085075715106
0.509795918367347,0.823265306122449,0.0,0.0,2.7683837715960624e+103,I_stable,I_stable,0.823265306122449,0.8642807903120353
0.509795918367347,0.8428571428571429,0.0,0.0,3.335526150661596e+103,I_stable,I_stable,0.8428571428571429,0.8796612853567701
0.509795918367347,0.8624489795918368,0.0,0.0,4.480944461205281e+103,I_stable,I_stable,0.8624489795918368,0.8949526524098372
0.509795918367347,0.8820408163265305,0.0,0.0,5.828645403734105e+103,I_stable,I_stable,0.8820408163265305,0.910157415583198
0.509795918367347,0.9016326530612244,0.0,0.0,8.154091379085012e+103,I_stable,I_stable,0.9016326530612244,0.9252779731608697
0.509795918367347,0.9212244897959183,0.0,0.0,1.28489293565992e+104,I_stable,I_stable,0.9212244897959183,0.9403166064635249
0.509795918367347,0.9408163265306122,0.0,0.0,2.215761597977403e+104,I_stable,I_stable,0.9408163265306122,0.9552754879136958
0.509795918367347,0.9604081632653061,0.0,0.0,4.86307221646921e+104,I_stable,I_stable,0.9604081632653061,0.9701566883887878
0.509795918367347,0.98,0.0,0.0,1.8837505927469419e+105,I_stable,I_stable,0.98,0.9849621839380145
0.5293877551020408,0.02,4.109021344839277e-28,6.044878743079086e-12,4.954067666518819e+21,III_signgd,II_spike,0.02,0.053182958969449884
0.5293877551020408,0.03959183673469388,2.5195202355879433e-28,7.804247130788441e-11,6.0336453567884636e+23,III_signgd,II_spike,0.03959183673469388,0.0887573316607622
0.5293877551020408,0.05918367346938776,3.185978691405669e-28,1.0934236714872368e-10,1.7701171090597603e+23,III_signgd,II_spike,0.05918367346938776,0.11999176412600944
0.5293877551020408,0.07877551020408163,3.009043960062205e-29,7.165951073020904e-13,6.483803782672379e+22,III_signgd,II_spike,0.07877551020408163,0.14869399108610135
0.5293877551020408,0.09836734693877551,6.9035182483031e-23,5.1015283449027766e-17,236999397446730.34,III_signgd,II_spike,0.09836734693877551,0.17564598165422904
0.5293877551020408,0.11795918367346939,1.9809794964992257e-32,1.3674385861019687e-13,5.6726577864358935e+25,III_signgd,II_spike,0.11795918367346939,0.20127916346199196
0.5293877551020408,0.13755102040816325,8.040931675864114e-17,4.331047221997978e-12,16566029.966832418,III_signgd,III_signgd,0.13755102040816325,0.2258644406312193
0.5293877551020408,0.1571428571428571,2.0336250465253725e-32,1.3393408464704798e-14,7.208257331334211e+25,III_signgd,II_spike,0.1571428571428571,0.24958643848936826
0.5293877551020408,0.176734693877551,8.345721907088077e-20,6.046984843639053e-17,2349663363.643174,III_signgd,II_spike,0.176734693877551,0.27257835044093476
0.5293877551020408,0.1963265306122449,1.2077398455422912e-31,1.5257807218143204e-14,6.104484261688579e+24,III_signgd,II_spike,0.1963265306122449,0.29494038580671944
0.5293877551020408,0.21591836734693876,5.587952034531888e-23,2.2463026658915238e-14,831065525635.2616,III_signgd,II_spike,0.21591836734693876,0.31675041368227413
0.5293877551020408,0.23551020408163262,2.4263172900376043e-24,1.1370228466539057e-14,81919761951590.9,III_signgd,II_spike,0.23551020408163262,0.33807051609020067
0.5293877551020408,0.25510204081632654,9.863168454530422e-24,4.0964068237329416e-17,9364212641684.238,III_signgd,II_spike,0.25510204081632654,0.35895123321356215
0.5293877551020408,0.2746938775510204,2.7959243982915952e-18,2.3664389351881393e-14,12946857.35073081,III_signgd,II_spike,0.2746938775510204,0.3794344287204513
0.5293877551020408,0.29428571428571426,2.0856902532204406e-20,6.594439824011459e-19,202444938.2324584,III_signgd,I_stable,0.29428571428571426,0.39955529026532965
0.5293877551020408,0.31387755102040815,9.524191000987023e-23,2.590797783777772e-15,283324900733.31165,III_signgd,II_spike,0.31387755102040815,0.41934376641984905
0.5293877551020408,0.33346938775510204,1.2548816246327308e-32,1.2344099530184722e-14,2.940515805713257e+26,III_signgd,II_spike,0.33346938775510204,0.4388256240669263
0.5293877551020408,0.35306122448979593,1.7758795200732212e-32,4.669186845617628e-15,2.719784471606068e+26,III_signgd,II_spike,0.35306122448979593,0.45802324290480784
0.5293877551020408,0.3726530612244898,2.591138690010827e-33,2.5232414165930304e-17,1.804110393433332e+27,III_signgd,II_spike,0.3726530612244898,0.4769562233715155
0.5293877551020408,0.39224489795918366,1.453628407360821e-34,4.52487907683094e-20,3.2143331574205945e+28,III_signgd,I_stable,0.39224489795918366,0.49564185930152915
0.5293877551020408,0.41183673469387755,1.1006530551051822e-33,8.678038439519829e-15,2.5688595547339884e+28,III_signgd,II_spike,0.41183673469387755,0.5140955106577026
0.5293877551020408,0.43142857142857144,7.22333947813107e-37,9.269729965684201e-15,1.2742811525216397e+33,II_spike,II_spike,0.43142857142857144,0.5323309012057498
0.5293877551020408,0.4510204081632653,1.510073525909476e-34,1.0174215265162713e-15,7.670533069057815e+28,II_spike,II_spike,0.4510204081632653,0.5503603589627031
0.5293877551020408,0.47061224489795916,1.3661641848311006e-49,3.8248974201911323e-16,2.4994540611873574e+31,II_spike,II_spike,0.47061224489795916,0.5681950124246583
0.5293877551020408,0.49020408163265305,4.789053414158164e-52,7.966773704930231e-16,1.2063907281276656e+38,II_spike,II_spike,0.49020408163265305,0.5858449522056745
0.5293877551020408,0.509795918367347,1.034310809075023e-65,2.5218269117234793e-16,7.6084354589341515e+34,II_spike,II_spike,0.509795918367347,0.6033193653210811
0.5293877551020408,0.5293877551020408,0.0,0.0,9.96343419328133e+102,I_stable,I_stable,0.5293877551020408,0.6206266476163069
0.5293877551020408,0.5489795918367347,0.0,0.0,1.4854700910969188e+103,I_stable,I_stable,0.5489795918367347,0.6377744985737119
0.5293877551020408,0.5685714285714285,0.0,0.0,1.3936567666541877e+103,I_stable,I_stable,0.5685714285714285,0.654770001788624
0.5293877551020408,0.5881632653061224,0.0,0.0,1.1552320912395096e+103,I_stable,I_stable,0.5881632653061224,0.6716196936990277
0.5293877551020408,0.6077551020408163,0.0,0.0,1.1911852740749526e+103,I_stable,I_stable,0.6077551020408163,0.6883296226168335
0.5293877551020408,0.6273469387755102,0.0,0.0,1.2034985556674291e+103,I_stable,I_stable,0.6273469387755102,0.7049053996971941
0.5293877551020408,0.6469387755102041,0.0,0.0,1.1856687476153142e+103,I_stable,I_stable,0.6469387755102041,0.7213522431638066
0.5293877551020408,0.666530612244898,0.0,0.0,1.325237416937455e+103,I_stable,I_stable,0.666530612244898,0.7376750168593522
0.5293877551020408,0.6861224489795918,0.0,0.0,1.2134240430879368e+103,I_stable,I_stable,0.6861224489795918,0.753878263994344
0.5293877551020408,0.7057142857142857,0.0,0.0,1.3439619374809283e+103,I_stable,I_stable,0.7057142857142857,0.7699662368122037
0.5293877551020408,0.7253061224489796,0.0,0.0,1.5727968583009508e+103,I_stable,I_stable,0.7253061224489796,0.785942922764163
0.5293877551020408,0.7448979591836734,0.0,0.0,1.5660825896070355e+103,I_stable,I_stable,0.7448979591836734,0.8018120676876266
0.5293877551020408,0.7644897959183673,0.0,0.0,1.930184209226978e+103,I_stable,I_stable,0.7644897959183673,0.8175771964006852
0.5293877551020408,0.7840816326530612,0.0,0.0,2.1497431459891654e+103,I_stable,I_stable,0.7840816326530612,0.8332416310595315
0.5293877551020408,0.8036734693877551,0.0,0.0,2.3255053295904022e+103,I_stable,I_stable,0.8036734693877551,0.8488085075715106
0.5293877551020408,0.823265306122449,0.0,0.0,2.8887057057795302e+103,I_stable,I_stable,0.823265306122449,0.8642807903120353
0.5293877551020408,0.8428571428571429,0.0,0.0,3.447397258917204e+103,I_stable,I_stable,0.8428571428571429,0.8796612853567701
0.5293877551020408,0.8624489795918368,0.0,0.0,4.591543946512306e+103,I_stable,I_stable,0.8624489795918368,0.8949526524098372
0.5293877551020408,0.8820408163265305,0.0,0.0,5.9283433765721766e+103,I_stable,I_stable,0.8820408163265305,0.910157415583198
0.5293877551020408,0.9016326530612244,0.0,0.0,8.240324904096291e+103,I_stable,I_stable,0.9016326530612244,0.9252779731608697
0.5293877551020408,0.9212244897959183,0.0,0.0,1.292406752200316e+104,I_stable,I_stable,0.9212244897959183,0.9403166064635249
0.5293877551020408,0.9408163265306122,0.0,0.0,2.2187823475020155e+104,I_stable,I_stable,0.9408163265306122,0.9552754879136958
0.5293877551020408,0.9604081632653061,0.0,0.0,4.8572786358519e+104,I_stable,I_stable,0.9604081632653061,0.9701566883887878
0.5293877551020408,0.98,0.0,0.0,1.8791408678746532e+105,I_stable,I_stable,0.98,0.9849621839380145
0.5489795918367347,0.02,1.5333353387406187e-27,1.9485301579587082e-12,5.4410349258941045e+22,III_signgd,II_spike,0.02,0.053182958969449884
0.5489795918367347,0.03959183673469388,8.993270570223876e-33,1.4077672992354233e-11,1.1453734306411157e+30,III_signgd,II_spike,0.03959183673469388,0.0887573316607622
0.5489795918367347,0.05918367346938776,3.749738793422507e-29,1.0394000702711865e-19,2.1899023288788627e+24,III_signgd,I_stable,0.05918367346938776,0.11999176412600944
0.5489795918367347,0.07877551020408163,3.722801289405036e-33,5.8239344660037795e-12,3.8131611648455136e+28,III_signgd,II_spike,0.07877551020408163,0.14869399108610135
0.5489795918367347,0.09836734693877551,1.4003494782571146e-31,4.3858323778196715e-13,6.670146641311645e+25,III_signgd,II_spike,0.09836734693877551,0.17564598165422904
0.5489795918367347,0.11795918367346939,8.579666076296376e-25,3.502533864753791e-13,5897556498722902.0,III_signgd,II_spike,0.11795918367346939,0.20127916346199196
0.5489795918367347,0.13755102040816325,2.3923823196919364e-19,1.709485491085006e-15,1984879199175.5303,III_signgd,II_spike,0.13755102040816325,0.2258644406312193
0.5489795918367347,0.1571428571428571,6.143214553979864e-17,5.469217742145244e-15,1833522.1691242463,III_signgd,III_signgd,0.1571428571428571,0.24958643848936826
0.5489795918367347,0.176734693877551,3.1774097269467018e-18,3.1051687977052917e-14,789443.5282616212,III_signgd,II_spike,0.176734693877551,0.27257835044093476
0.5489795918367347,0.1963265306122449,4.259820789975738e-21,1.9433162039865308e-14,986656414722305.8,III_signgd,II_spike,0.1963265306122449,0.29494038580671944
0.5489795918367347,0.21591836734693876,2.148250392369992e-20,2.4815352325137718e-14,260032570.01937672,III_signgd,II_spike,0.21591836734693876,0.31675041368227413
0.5489795918367347,0.23551020408163262,5.836425849845479e-20,6.3257138146141414e-15,3554460910.5719867,III_signgd,II_spike,0.23551020408163262,0.33807051609020067
0.5489795918367347,0.25510204081632654,7.468771181131914e-19,8.908117549446719e-14,6540141695.23945,III_signgd,II_spike,0.25510204081632654,0.35895123321356215
0.5489795918367347,0.2746938775510204,1.1741927971472198e-24,9.086938322747911e-15,173065411917263.84,III_signgd,II_spike,0.2746938775510204,0.3794344287204513
0.5489795918367347,0.29428571428571426,2.246079509059679e-21,6.307592356311922e-15,5706775386.906612,III_signgd,II_spike,0.29428571428571426,0.39955529026532965
0.5489795918367347,0.31387755102040815,4.868810086206533e-22,1.0964754369965515e-16,49198723203.33172,III_signgd,II_spike,0.31387755102040815,0.41934376641984905
0.5489795918367347,0.33346938775510204,2.5305199831946097e-23,4.096840784875718e-16,273293821715127.56,III_signgd,II_spike,0.33346938775510204,0.4388256240669263
0.5489795918367347,0.35306122448979593,1.0109519734652346e-36,2.4033642698946697e-14,2.5332390187854e+32,III_signgd,II_spike,0.35306122448979593,0.45802324290480784
0.5489795918367347,0.3726530612244898,1.297772519676761e-34,4.358107717610739e-15,2.7933813833300646e+29,III_signgd,II_spike,0.3726530612244898,0.4769562233715155
0.5489795918367347,0.39224489795918366,3.879674267338226e-34,1.900829637027972e-14,2.500068206201015e+28,III_signgd,II_spike,0.39224489795918366,0.49564185930152915
0.5489795918367347,0.41183673469387755,6.050004470991877e-41,2.3927233973393263e-14,1.6326183449825023e+39,III_signgd,II_spike,0.41183673469387755,0.5140955106577026
0.5489795918367347,0.43142857142857144,9.460166939991636e-36,4.440355342980732e-17,4.158197635506823e+30,III_signgd,II_spike,0.43142857142857144,0.5323309012057498
0.5489795918367347,0.4510204081632653,1.7110139466449008e-38,3.1239424547770134e-16,7.672756543611575e+34,II_spike,II_spike,0.4510204081632653,0.5503603589627031
0.5489795918367347,0.47061224489795916,4.709556041883558e-37,8.033775046156763e-15,7.3173277435348375e+31,II_spike,II_spike,0.47061224489795916,0.5681950124246583
0.5489795918367347,0.49020408163265305,4.079134279170365e-48,2.9821809674328227e-15,5.191359122178728e+30,II_spike,II_spike,0.49020408163265305,0.5858449522056745
0.5489795918367347,0.509795918367347,1.4994305198942124e-55,3.387352161886588e-18,3.7845330910128873e+37,II_spike,I_stable,0.509795918367347,0.6033193653210811
0.5489795918367347,0.5293877551020408,4.511632718597656e-103,1.2795262583807713e-28,3.926766702673829e+65,II_spike,I_stable,0.5293877551020408,0.6206266476163069
0.5489795918367347,0.5489795918367347,0.0,0.0,1.1554098221981591e+103,I_stable,I_stable,0.5489795918367347,0.6377744985737119
0.5489795918367347,0.5685714285714285,0.0,0.0,1.7025977100410352e+103,I_stable,I_stable,0.5685714285714285,0.654770001788624
0.5489795918367347,0.5881632653061224,0.0,0.0,1.7361968987562253e+103,I_stable,I_stable,0.5881632653061224,0.6716196936990277
0.5489795918367347,0.6077551020408163,0.0,0.0,1.3139802691811679e+103,I_stable,I_stable,0.6077551020408163,0.6883296226168335
0.5489795918367347,0.6273469387755102,0.0,0.0,1.284096294062682e+103,I_stable,I_stable,0.6273469387755102,0.7049053996971941
0.5489795918367347,0.6469387755102041,0.0,0.0,1.5318775812228986e+103,I_stable,I_stable,0.6469387755102041,0.7213522431638066
0.5489795918367347,0.666530612244898,0.0,0.0,1.349378130697946e+103,I_stable,I_stable,0.666530612244898,0.7376750168593522
0.5489795918367347,0.6861224489795918,0.0,0.0,1.4684923848721039e+103,I_stable,I_stable,0.6861224489795918,0.753878263994344
0.5489795918367347,0.7057142857142857,0.0,0.0,1.5827561829088815e+103,I_stable,I_stable,0.7057142857142857,0.7699662368122037
0.5489795918367347,0.7253061224489796,0.0,0.0,1.5414659484294449e+103,I_stable,I_stable,0.7253061224489796,0.785942922764163
0.5489795918367347,0.7448979591836734,0.0,0.0,1.7641327479324815e+103,I_stable,I_stable,0.7448979591836734,0.8018120676876266
0.5489795918367347,0.7644897959183673,0.0,0.0,1.8667183734256084e+103,I_stable,I_stable,0.7644897959183673,0.8175771964006852
0.5489795918367347,0.7840816326530612,0.0,0.0,2.070523547908065e+103,I_stable,I_stable,0.7840816326530612,0.8332416310595315
0.5489795918367347,0.8036734693877551,0.0,0.0,2.4911358663287003e+103,I_stable,I_stable,0.8036734693877551,0.8488085075715106
0.5489795918367347,0.823265306122449,0.0,0.0,3.05429057087998e+103,I_stable,I_stable,0.823265306122449,0.8642807903120353
0.5489795918367347,0.8428571428571429,0.0,0.0,3.6016765151550455e+103,I_stable,I_stable,0.8428571428571429,0.8796612853567701
0.5489795918367347,0.8624489795918368,0.0,0.0,4.748322202232073e+103,I_stable,I_stable,0.8624489795918368,0.8949526524098372
0.5489795918367347,0.8820408163265305,0.0,0.0,6.074070371900309e+103,I_stable,I_stable,0.8820408163265305,0.910157415583198
0.5489795918367347,0.9016326530612244,0.0,0.0,8.37851858900565e+103,I_stable,I_stable,0.9016326530612244,0.9252779731608697
0.5489795918367347,0.9212244897959183,0.0,0.0,1.304786484549697e+104,I_stable,I_stable,0.9212244897959183,0.9403166064635249
0.5489795918367347,0.9408163265306122,0.0,0.0,2.2285422160991784e+104,I_stable,I_stable,0.9408163265306122,0.9552754879136958
0.5489795918367347,0.9604081632653061,0.0,0.0,4.957434920771787e+104,I_stable,I_stable,0.9604081632653061,0.9701566883887878
0.5489795918367347,0.98,0.0,0.0,1.894877347972585e+105,I_stable,I_stable,0.98,0.9849621839380145
0.5685714285714285,0.02,7.892611791714029e-29,3.5609204065096863e-09,7.044300141852342e+25,III_signgd,II_spike,0.02,0.053182958969449884
0.5685714285714285,0.03959183673469388,7.143072526941271e-30,8.784998370139231e-10,9.406647723401408e+26,III_signgd,II_spike,0.03959183673469388,0.0887573316607622
0.5685714285714285,0.05918367346938776,1.4097950213652115e-38,2.343989516544307e-12,6.880256790267245e+39,III_signgd,II_spike,0.05918367346938776,0.11999176412600944
0.5685714285714285,0.07877551020408163,6.979896813072154e-34,1.6231942097484832e-14,3.586338629803822e+29,III_signgd,II_spike,0.07877551020408163,0.14869399108610135
0.5685714285714285,0.09836734693877551,4.7820002468062266e-33,1.3511390091860716e-12,2.205532492519769e+28,III_signgd,II_spike,0.09836734693877551,0.17564598165422904
0.5685714285714285,0.11795918367346939,5.7720797230928e-32,2.6375231148751495e-15,8.072175978116404e+26,III_signgd,II_spike,0.11795918367346939,0.20127916346199196
0.5685714285714285,0.13755102040816325,1.2822669173327921e-18,1.973677444427986e-13,59861016.20169474,III_signgd,II_spike,0.13755102040816325,0.2258644406312193
0.5685714285714285,0.1571428571428571,5.284327764568059e-16,1.2305476236497039e-12,35384.070866074915,III_signgd,III_signgd,0.1571428571428571,0.24958643848936826
0.5685714285714285,0.176734693877551,5.279025468683953e-23,1.8696131345838503e-18,264633613218458.1,III_signgd,I_stable,0.176734693877551,0.27257835044093476
0.5685714285714285,0.1963265306122449,5.344198473692566e-20,2.873693855575607e-18,266640841.8736214,III_signgd,I_stable,0.1963265306122449,0.29494038580671944
0.5685714285714285,0.21591836734693876,2.8891129851585544e-18,1.4417255974645102e-13,25733284.066624366,III_signgd,II_spike,0.21591836734693876,0.31675041368227413
0.5685714285714285,0.23551020408163262,3.419652233896657e-19,8.316738432799206e-15,611519244.7224388,III_signgd,II_spike,0.23551020408163262,0.33807051609020067
0.5685714285714285,0.25510204081632654,3.8138373719881055e-23,1.0356961604733158e-16,877845364076.9468,III_signgd,II_spike,0.25510204081632654,0.35895123321356215
0.5685714285714285,0.2746938775510204,1.8032066371738905e-36,5.3174037191077253e-17,8.90043286627606e+31,III_signgd,II_spike,0.2746938775510204,0.3794344287204513
0.5685714285714285,0.29428571428571426,2.4177439979478294e-21,1.010246963860384e-15,1912269562157.9832,III_signgd,II_spike,0.29428571428571426,0.39955529026532965
0.5685714285714285,0.31387755102040815,4.974562500339107e-34,7.394603884671591e-19,2.077893901866086e+28,III_signgd,I_stable,0.31387755102040815,0.41934376641984905
0.5685714285714285,0.33346938775510204,2.0102315077539055e-34,1.2700900198441063e-21,3.0752038439224636e+28,III_signgd,I_stable,0.33346938775510204,0.4388256240669263
0.5685714285714285,0.35306122448979593,1.1690637411009044e-34,6.1617123293830935e-15,1.139156880874788e+29,III_signgd,II_spike,0.35306122448979593,0.45802324290480784
0.5685714285714285,0.3726530612244898,4.575187095302338e-33,6.592729345269799e-21,1.0924403944904265e+27,III_signgd,I_stable,0.3726530612244898,0.4769562233715155
0.5685714285714285,0.39224489795918366,7.813942267018548e-33,4.3129493716143596e-17,1.2166435302896062e+26,III_signgd,II_spike,0.39224489795918366,0.49564185930152915
0.5685714285714285,0.41183673469387755,1.8893090427257127e-33,2.793420428373042e-23,7.369455711780684e+27,III_signgd,I_stable,0.41183673469387755,0.5140955106577026
0.5685714285714285,0.43142857142857144,3.8727958478585e-34,4.02518399403383e-15,1.7108942555815862e+28,III_signgd,II_spike,0.43142857142857144,0.5323309012057498
0.5685714285714285,0.4510204081632653,2.076354074198466e-37,3.761935827508648e-18,1.618993377574394e+33,III_signgd,I_stable,0.4510204081632653,0.5503603589627031
0.5685714285714285,0.47061224489795916,3.835279756826946e-36,4.0650353158226324e-19,9.769927188020156e+31,III_signgd,I_stable,0.47061224489795916,0.5681950124246583
0.5685714285714285,0.49020408163265305,9.501959836409083e-37,3.998199432270723e-16,1.8007256826878976e+32,II_spike,II_spike,0.49020408163265305,0.5858449522056745
0.5685714285714285,0.509795918367347,8.803409786857354e-53,4.80095321189637e-18,3.710490896884735e+34,II_spike,I_stable,0.509795918367347,0.6033193653210811
0.5685714285714285,0.5293877551020408,2.067716692151652e-51,1.259983791480022e-22,6.471537869101817e+34,II_spike,I_stable,0.5293877551020408,0.6206266476163069
0.5685714285714285,0.5489795918367347,6.175864010097021e-66,3.257389828434958e-14,6.26142135719836e+33,II_spike,II_spike,0.5489795918367347,0.6377744985737119
0.5685714285714285,0.5685714285714285,0.0,0.0,9.504959819592567e+102,I_stable,I_stable,0.5685714285714285,0.654770001788624
0.5685714285714285,0.5881632653061224,0.0,0.0,2.219302977261765e+103,I_stable,I_stable,0.5881632653061224,0.6716196936990277
0.5685714285714285,0.6077551020408163,0.0,0.0,2.0227890290867325e+103,I_stable,I_stable,0.6077551020408163,0.6883296226168335
0.5685714285714285,0.6273469387755102,0.0,0.0,1.8546671204346856e+103,I_stable,I_stable,0.6273469387755102,0.7049053996971941
0.5685714285714285,0.6469387755102041,0.0,0.0,1.6890792700754925e+103,I_stable,I_stable,0.6469387755102041,0.7213522431638066
0.5685714285714285,0.666530612244898,0.0,0.0,1.4454181768415594e+103,I_stable,I_stable,0.666530612244898,0.7376750168593522
0.5685714285714285,0.6861224489795918,0.0,0.0,1.5365036751575072e+103,I_stable,I_stable,0.6861224489795918,0.753878263994344
0.5685714285714285,0.7057142857142857,0.0,0.0,1.6262838399000113e+103,I_stable,I_stable,0.7057142857142857,0.7699662368122037
0.5685714285714285,0.7253061224489796,0.0,0.0,1.831508122246118e+103,I_stable,I_stable,0.7253061224489796,0.785942922764163
0.5685714285714285,0.7448979591836734,0.0,0.0,1.7645249398616481e+103,I_stable,I_stable,0.7448979591836734,0.8018120676876266
0.5685714285714285,0.7644897959183673,0.0,0.0,2.1144574198412665e+103,I_stable,I_stable,0.7644897959183673,0.8175771964006852
0.5685714285714285,0.7840816326530612,0.0,0.0,2.2997716464784586e+103,I_stable,I_stable,0.7840816326530612,0.8332416310595315
0.5685714285714285,0.8036734693877551,0.0,0.0,2.717537937920637e+103,I_stable,I_stable,0.8036734693877551,0.8488085075715106
0.5685714285714285,0.823265306122449,0.0,0.0,2.9744765464201404e+103,I_stable,I_stable,0.823265306122449,0.8642807903120353
0.5685714285714285,0.8428571428571429,0.0,0.0,3.8120731223305014e+103,I_stable,I_stable,0.8428571428571429,0.8796612853567701
0.5685714285714285,0.8624489795918368,0.0,0.0,4.608795876184904e+103,I_stable,I_stable,0.8624489795918368,0.8949526524098372
0.5685714285714285,0.8820408163265305,0.0,0.0,6.276290267908218e+103,I_stable,I_stable,0.8820408163265305,0.910157415583198
0.5685714285714285,0.9016326530612244,0.0,0.0,8.570508961701615e+103,I_stable,I_stable,0.9016326530612244,0.9252779731608697
0.5685714285714285,0.9212244897959183,0.0,0.0,1.3234385825907327e+104,I_stable,I_stable,0.9212244897959183,0.9403166064635249
0.5685714285714285,0.9408163265306122,0.0,0.0,2.2455379508582727e+104,I_stable,I_stable,0.9408163265306122,0.9552754879136958
0.5685714285714285,0.9604081632653061,0.0,0.0,4.9676531288722986e+104,I_stable,I_stable,0.9604081632653061,0.9701566883887878
0.5685714285714285,0.98,0.0,0.0,1.8930367069782988e+105,I_stable,I_stable,0.98,0.9849621839380145
0.5881632653061224,0.02,1.618195988442705e-29,2.6621449494323894e-10,2.699981355896793e+26,III_signgd,II_spike,0.02,0.053182958969449884
0.5881632653061224,0.03959183673469388,1.295588737569034e-26,1.6601913329013282e-10,1.985338110307636e+21,III_signgd,II_spike,0.03959183673469388,0.0887573316607622
0.5881632653061224,0.05918367346938776,3.491990719075837e-28,1.7839650113479392e-12,4.367515811692478e+24,III_signgd,II_spike,0.05918367346938776,0.11999176412600944
0.5881632653061224,0.07877551020408163,1.6944072766787357e-32,7.861980909058682e-12,3.154182431279827e+27,III_signgd,II_spike,0.07877551020408163,0.14869399108610135
0.5881632653061224,0.09836734693877551,1.7844429292721233e-32,3.622878381226639e-13,2.493465486665798e+27,III_signgd,II_spike,0.09836734693877551,0.17564598165422904
0.5881632653061224,0.11795918367346939,6.151672759269458e-14,1.0568827871975975e-10,480.51594989277953,III_signgd,III_signgd,0.11795918367346939,0.20127916346199196
0.5881632653061224,0.13755102040816325,5.051684243576612e-31,1.030688202080692e-13,2.912924203410809e+25,III_signgd,II_spike,0.13755102040816325,0.2258644406312193
0.5881632653061224,0.1571428571428571,8.014124925537472e-29,1.5609033528994406e-13,1.3730172994985484e+20,III_signgd,II_spike,0.1571428571428571,0.24958643848936826
0.5881632653061224,0.176734693877551,2.9274838387757364e-28,4.4183188139942547e-16,2.2796859061140894e+19,III_signgd,II_spike,0.176734693877551,0.27257835044093476
0.5881632653061224,0.1963265306122449,7.785305201934218e-19,5.57553333287969e-13,2696224106.484058,III_signgd,II_spike,0.1963265306122449,0.29494038580671944
0.5881632653061224,0.21591836734693876,9.183444228701569e-25,2.747869427725202e-16,3879101168706662.0,III_signgd,II_spike,0.21591836734693876,0.31675041368227413
0.5881632653061224,0.23551020408163262,7.694890602681855e-18,1.0916633969646408e-13,3712740.19572094,III_signgd,II_spike,0.23551020408163262,0.33807051609020067
0.5881632653061224,0.25510204081632654,1.899512310942953e-36,1.279227579190734e-15,5.6582871019917245e+31,III_signgd,II_spike,0.25510204081632654,0.35895123321356215
0.5881632653061224,0.2746938775510204,1.1201706042386015e-23,9.203630837380501e-15,4243643930783.17,III_signgd,II_spike,0.2746938775510204,0.3794344287204513
0.5881632653061224,0.29428571428571426,3.2446228922667133e-34,2.7860867841919073e-16,2.567389967390952e+28,III_signgd,II_spike,0.29428571428571426,0.39955529026532965
0.5881632653061224,0.31387755102040815,4.86423457935944e-34,8.253786488559544e-18,1.1643887079992934e+28,III_signgd,I_stable,0.31387755102040815,0.41934376641984905
0.5881632653061224,0.33346938775510204,2.4793350963544127e-35,2.0057016199415163e-14,9.902537076622309e+29,III_signgd,II_spike,0.33346938775510204,0.4388256240669263
0.5881632653061224,0.35306122448979593,8.200674523972914e-42,1.432393030003708e-17,1.25153529416543e+40,III_signgd,I_stable,0.35306122448979593,0.45802324290480784
0.5881632653061224,0.3726530612244898,2.3839671167479072e-36,6.5640749788196275e-15,4.909477393892488e+31,III_signgd,II_spike,0.3726530612244898,0.4769562233715155
0.5881632653061224,0.39224489795918366,2.376003234223499e-32,3.4503565339152247e-20,5.130190808839624e+25,III_signgd,I_stable,0.39224489795918366,0.49564185930152915
0.5881632653061224,0.41183673469387755,3.460426419649507e-34,4.6116324005697405e-15,2.351553223927735e+28,III_signgd,II_spike,0.41183673469387755,0.5140955106577026
0.5881632653061224,0.43142857142857144,7.143373566755703e-36,3.685312813302662e-16,7.582622512833911e+30,III_signgd,II_spike,0.43142857142857144,0.5323309012057498
0.5881632653061224,0.4510204081632653,6.463695970235025e-36,1.7343634575494808e-18,9.140556556253917e+30,III_signgd,I_stable,0.4510204081632653,0.5503603589627031
0.5881632653061224,0.47061224489795916,8.320296734932186e-36,2.440278788327289e-16,4.210035982597714e+29,III_signgd,II_spike,0.47061224489795916,0.5681950124246583
0.5881632653061224,0.49020408163265305,3.033364885639903e-35,1.444430236974696e-17,7.57690436159238e+28,III_signgd,I_stable,0.49020408163265305,0.5858449522056745
0.5881632653061224,0.509795918367347,5.632960705946892e-34,1.0109455366192158e-19,5.408038699499596e+28,II_spike,I_stable,0.509795918367347,0.6033193653210811
0.5881632653061224,0.5293877551020408,2.933935930257915e-42,3.3404628982920953e-18,1.7830566336671337e+33,II_spike,I_stable,0.5293877551020408,0.6206266476163069
0.5881632653061224,0.5489795918367347,1.2244873527754801e-54,5.51250974554759e-16,9.599297930728894e+33,II_spike,II_spike,0.5489795918367347,0.6377744985737119
0.5881632653061224,0.5685714285714285,6.167208229383438e-66,3.0781997529812373e-15,5.01071983477227e+37,II_spike,II_spike,0.5685714285714285,0.654770001788624
0.5881632653061224,0.5881632653061224,0.0,0.0,1.3766440156181125e+103,I_stable,I_stable,0.5881632653061224,0.6716196936990277
0.5881632653061224,0.6077551020408163,0.0,0.0,2.706925911297827e+103,I_stable,I_stable,0.6077551020408163,0.6883296226168335
0.5881632653061224,0.6273469387755102,0.0,0.0,2.3173633149898997e+103,I_stable,I_stable,0.6273469387755102,0.7049053996971941
0.5881632653061224,0.6469387755102041,0.0,0.0,2.003871269950225e+103,I_stable,I_stable,0.6469387755102041,0.7213522431638066
0.5881632653061224,0.666530612244898,0.0,0.0,2.016225022475696e+103,I_stable,I_stable,0.666530612244898,0.7376750168593522
0.5881632653061224,0.6861224489795918,0.0,0.0,1.694438347435747e+103,I_stable,I_stable,0.6861224489795918,0.753878263994344
0.5881632653061224,0.7057142857142857,0.0,0.0,1.7474429726311256e+103,I_stable,I_stable,0.7057142857142857,0.7699662368122037
0.5881632653061224,0.7253061224489796,0.0,0.0,1.9272185265090035e+103,I_stable,I_stable,0.7253061224489796,0.785942922764163
0.5881632653061224,0.7448979591836734,0.0,0.0,2.1134357663663555e+103,I_stable,I_stable,0.7448979591836734,0.8018120676876266
0.5881632653061224,0.7644897959183673,0.0,0.0,2.15582509443891e+103,I_stable,I_stable,0.7644897959183673,0.8175771964006852
0.5881632653061224,0.7840816326530612,0.0,0.0,2.3170307385399575e+103,I_stable,I_stable,0.7840816326530612,0.8332416310595315
0.5881632653061224,0.8036734693877551,0.0,0.0,2.714072621512485e+103,I_stable,I_stable,0.8036734693877551,0.8488085075715106
0.5881632653061224,0.823265306122449,0.0,0.0,3.2507558019051348e+103,I_stable,I_stable,0.823265306122449,0.8642807903120353
0.5881632653061224,0.8428571428571429,0.0,0.0,4.092364718831571e+103,I_stable,I_stable,0.8428571428571429,0.8796612853567701
0.5881632653061224,0.8624489795918368,0.0,0.0,4.874065281142795e+103,I_stable,I_stable,0.8624489795918368,0.8949526524098372
0.5881632653061224,0.8820408163265305,0.0,0.0,6.548405656623243e+103,I_stable,I_stable,0.8820408163265305,0.910157415583198
0.5881632653061224,0.9016326530612244,0.0,0.0,8.835064220560069e+103,I_stable,I_stable,0.9016326530612244,0.9252779731608697
0.5881632653061224,0.9212244897959183,0.0,0.0,1.3501546988000856e+104,I_stable,I_stable,0.9212244897959183,0.9403166064635249
0.5881632653061224,0.9408163265306122,0.0,0.0,2.2714499648754248e+104,I_stable,I_stable,0.9408163265306122,0.9552754879136958
0.5881632653061224,0.9604081632653061,0.0,0.0,4.9904899667042985e+104,I_stable,I_stable,0.9604081632653061,0.9701566883887878
0.5881632653061224,0.98,0.0,0.0,1.8934899546160533e+105,I_stable,I_stable,0.98,0.9849621839380145
0.6077551020408163,0.02,5.350981617579798e-28,6.285116104421426e-09,3.62526574258056e+22,III_signgd,II_spike,0.02,0.053182958969449884
0.6077551020408163,0.03959183673469388,2.9570943112656305e-32,3.7301410389132597e-10,6.274805745467404e+29,III_signgd,II_spike,0.03959183673469388,0.0887573316607622
0.6077551020408163,0.05918367346938776,5.807381610357396e-32,2.158865043293096e-10,8.365764779677788e+28,III_signgd,II_spike,0.05918367346938776,0.11999176412600944
0.6077551020408163,0.07877551020408163,4.1400634972759546e-35,2.6413916273550568e-12,3.507673255216669e+33,III_signgd,II_spike,0.07877551020408163,0.14869399108610135
0.6077551020408163,0.09836734693877551,4.842794350974339e-33,2.1831173334584074e-12,2.7316959509915204e+26,III_signgd,II_spike,0.09836734693877551,0.17564598165422904
0.6077551020408163,0.11795918367346939,2.1941028755637567e-30,1.9188798625677685e-12,1.6541642170168064e+24,III_signgd,II_spike,0.11795918367346939,0.20127916346199196
0.6077551020408163,0.13755102040816325,1.124017415840009e-16,7.164353916264996e-13,630675501.3258035,III_signgd,III_signgd,0.13755102040816325,0.2258644406312193
0.6077551020408163,0.1571428571428571,6.647111262265558e-19,1.8253576922645609e-13,10020139.70025442,III_signgd,II_spike,0.1571428571428571,0.24958643848936826
0.6077551020408163,0.176734693877551,1.0106881699698954e-17,2.028426104342027e-12,2583148.4658167018,III_signgd,II_spike,0.176734693877551,0.27257835044093476
0.6077551020408163,0.1963265306122449,2.303281097983914e-22,6.612725793714243e-19,27734361882.760418,III_signgd,I_stable,0.1963265306122449,0.29494038580671944
0.6077551020408163,0.21591836734693876,9.438821413045366e-21,1.128811458021884e-16,6418404745.260937,III_signgd,II_spike,0.21591836734693876,0.31675041368227413
0.6077551020408163,0.23551020408163262,9.031946542246994e-42,8.07238801853132e-14,2.853671657901069e+40,III_signgd,II_spike,0.23551020408163262,0.33807051609020067
0.6077551020408163,0.25510204081632654,2.5069216835736275e-21,3.8508627777355526e-15,56479050898.72229,III_signgd,II_spike,0.25510204081632654,0.35895123321356215
0.6077551020408163,0.2746938775510204,2.0446543058658096e-22,4.568712057179149e-15,2208680011888.593,III_signgd,II_spike,0.2746938775510204,0.3794344287204513
0.6077551020408163,0.29428571428571426,1.0156815971224584e-34,1.7936587669060736e-15,1.2497027523963132e+29,III_signgd,II_spike,0.29428571428571426,0.39955529026532965
0.6077551020408163,0.31387755102040815,1.39118514708287e-40,2.097558430291528e-16,8.002339528391606e+37,III_signgd,II_spike,0.31387755102040815,0.41934376641984905
0.6077551020408163,0.33346938775510204,5.738716811572508e-35,3.9812694659581365e-15,2.1707117633820193e+29,III_signgd,II_spike,0.33346938775510204,0.4388256240669263
0.6077551020408163,0.35306122448979593,1.468109563990288e-34,2.7817696931884594e-16,3.688691241080824e+28,III_signgd,II_spike,0.35306122448979593,0.45802324290480784
0.6077551020408163,0.3726530612244898,7.446134213765488e-36,3.957282271182555e-18,6.629272661630933e+30,III_signgd,I_stable,0.3726530612244898,0.4769562233715155
0.6077551020408163,0.39224489795918366,7.488555693696315e-36,1.6280149288279277e-15,1.424387976373148e+31,III_signgd,II_spike,0.39224489795918366,0.49564185930152915
0.6077551020408163,0.41183673469387755,1.3893132972011065e-35,3.102508385087033e-16,4.5954451474058546e+30,III_signgd,II_spike,0.41183673469387755,0.5140955106577026
0.6077551020408163,0.43142857142857144,1.4214942284047376e-39,2.5874241606932022e-15,2.6566913884847734e+36,III_signgd,II_spike,0.43142857142857144,0.5323309012057498
0.6077551020408163,0.4510204081632653,7.78760173996852e-38,9.204019387960016e-16,5.240239733455578e+33,III_signgd,II_spike,0.4510204081632653,0.5503603589627031
0.6077551020408163,0.47061224489795916,2.52377357406556e-35,9.667332736888245e-19,4.557292009936436e+28,III_signgd,I_stable,0.47061224489795916,0.5681950124246583
0.6077551020408163,0.49020408163265305,4.1956946407765074e-35,2.0205081917926786e-19,5.929456063811743e+29,III_signgd,I_stable,0.49020408163265305,0.5858449522056745
0.6077551020408163,0.509795918367347,2.9461942842539956e-36,2.5393623277191856e-19,6.238788947573364e+30,III_signgd,I_stable,0.509795918367347,0.6033193653210811
0.6077551020408163,0.5293877551020408,4.997711628767423e-34,1.829108338107496e-19,1.2095840376171308e+28,II_spike,I_stable,0.5293877551020408,0.6206266476163069
0.6077551020408163,0.5489795918367347,4.460773427826985e-44,1.4368934877991997e-19,4.389544341620986e+27,II_spike,I_stable,0.5489795918367347,0.6377744985737119
0.6077551020408163,0.5685714285714285,1.3756029883202155e-49,8.536793961932718e-16,5.5734930167624084e+35,II_spike,II_spike,0.5685714285714285,0.654770001788624
0.6077551020408163,0.5881632653061224,2.5909425000229457e-67,2.772051008829352e-24,6.405734773493573e+38,II_spike,I_stable,0.5881632653061224,0.6716196936990277
0.6077551020408163,0.6077551020408163,0.0,0.0,1.8773850173698178e+103,I_stable,I_stable,0.6077551020408163,0.6883296226168335
0.6077551020408163,0.6273469387755102,0.0,0.0,2.572541852350288e+103,I_stable,I_stable,0.6273469387755102,0.7049053996971941
0.6077551020408163,0.6469387755102041,0.0,0.0,2.6068137125360594e+103,I_stable,I_stable,0.6469387755102041,0.7213522431638066
0.6077551020408163,0.666530612244898,0.0,0.0,2.0234665893033336e+103,I_stable,I_stable,0.666530612244898,0.7376750168593522
0.6077551020408163,0.6861224489795918,0.0,0.0,1.9920047460897487e+103,I_stable,I_stable,0.6861224489795918,0.753878263994344
0.6077551020408163,0.7057142857142857,0.0,0.0,1.981887566675243e+103,I_stable,I_stable,0.7057142857142857,0.7699662368122037
0.6077551020408163,0.7253061224489796,0.0,0.0,2.1221894593971014e+103,I_stable,I_stable,0.7253061224489796,0.785942922764163
0.6077551020408163,0.7448979591836734,0.0,0.0,2.2728307944958397e+103,I_stable,I_stable,0.7448979591836734,0.8018120676876266
0.6077551020408163,0.7644897959183673,0.0,0.0,2.273206029105245e+103,I_stable,I_stable,0.7644897959183673,0.8175771964006852
0.6077551020408163,0.7840816326530612,0.0,0.0,2.7140395908985118e+103,I_stable,I_stable,0.7840816326530612,0.8332416310595315
0.6077551020408163,0.8036734693877551,0.0,0.0,3.097232677771273e+103,I_stable,I_stable,0.8036734693877551,0.8488085075715106
0.6077551020408163,0.823265306122449,0.0,0.0,3.289431260041692e+103,I_stable,I_stable,0.823265306122449,0.8642807903120353
0.6077551020408163,0.8428571428571429,0.0,0.0,4.104531655260472e+103,I_stable,I_stable,0.8428571428571429,0.8796612853567701
0.6077551020408163,0.8624489795918368,0.0,0.0,5.224977825524122e+103,I_stable,I_stable,0.8624489795918368,0.8949526524098372
0.6077551020408163,0.8820408163265305,0.0,0.0,6.487626929160159e+103,I_stable,I_stable,0.8820408163265305,0.910157415583198
0.6077551020408163,0.9016326530612244,0.0,0.0,9.185160647292213e+103,I_stable,I_stable,0.9016326530612244,0.9252779731608697
0.6077551020408163,0.9212244897959183,0.0,0.0,1.3305794907628338e+104,I_stable,I_stable,0.9212244897959183,0.9403166064635249
0.6077551020408163,0.9408163265306122,0.0,0.0,2.3072379003447223e+104,I_stable,I_stable,0.9408163265306122,0.9552754879136958
0.6077551020408163,0.9604081632653061,0.0,0.0,5.02610997802091e+104,I_stable,I_stable,0.9604081632653061,0.9701566883887878
0.6077551020408163,0.98,0.0,0.0,1.9145127072032346e+105,I_stable,I_stable,0.98,0.9849621839380145
0.6273469387755102,0.02,3.685785728597532e-27,2.0054819325295642e-13,1.7069037040571595e+23,III_signgd,II_spike,0.02,0.053182958969449884
0.6273469387755102,0.03959183673469388,3.2061557432860077e-31,6.867441623505281e-10,9.251719630690464e+28,III_signgd,II_spike,0.03959183673469388,0.0887573316607622
0.6273469387755102,0.05918367346938776,1.6741028482430555e-28,6.556439014800207e-15,1.1571167271232484e+23,III_signgd,II_spike,0.05918367346938776,0.11999176412600944
0.6273469387755102,0.07877551020408163,1.0841240727842007e-30,5.812208514919646e-14,6.206334745008728e+25,III_signgd,II_spike,0.07877551020408163,0.14869399108610135
0.6273469387755102,0.09836734693877551,1.017455599886374e-42,4.023119294333557e-12,5.399522251570742e+43,III_signgd,II_spike,0.09836734693877551,0.17564598165422904
0.6273469387755102,0.11795918367346939,1.8300663732831586e-29,1.8609597639746543e-12,9.356201656582045e+23,III_signgd,II_spike,0.11795918367346939,0.20127916346199196
0.6273469387755102,0.13755102040816325,2.7753678498068302e-22,1.438002741534878e-11,2.8557078482290044e+16,III_signgd,II_spike,0.13755102040816325,0.2258644406312193
0.6273469387755102,0.1571428571428571,5.151226303144823e-16,2.3180755054425064e-15,6006216.277063698,III_signgd,III_signgd,0.1571428571428571,0.24958643848936826
0.6273469387755102,0.176734693877551,2.049841702015377e-15,1.2609555120865703e-13,301864.99138265155,III_signgd,III_signgd,0.176734693877551,0.27257835044093476
0.6273469387755102,0.1963265306122449,3.485230464092537e-18,5.272514749168241e-15,123379524.70786896,III_signgd,II_spike,0.1963265306122449,0.29494038580671944
0.6273469387755102,0.21591836734693876,4.935934170708169e-20,1.1293629983185004e-12,15533803251.447344,III_signgd,II_spike,0.21591836734693876,0.31675041368227413
0.6273469387755102,0.23551020408163262,1.943837282170263e-21,1.5782107772992226e-14,832746940.9902012,III_signgd,II_spike,0.23551020408163262,0.33807051609020067
0.6273469387755102,0.25510204081632654,1.1015579573035356e-37,9.340506899665554e-22,6.584423642765919e+34,III_signgd,I_stable,0.25510204081632654,0.35895123321356215
0.6273469387755102,0.2746938775510204,4.183309171294835e-21,8.323927954783933e-16,36457080750.99867,III_signgd,II_spike,0.2746938775510204,0.3794344287204513
0.6273469387755102,0.29428571428571426,3.016970390376161e-19,1.7375490576830688e-15,386966327.0890653,III_signgd,II_spike,0.29428571428571426,0.39955529026532965
0.6273469387755102,0.31387755102040815,1.866096210924198e-18,2.1875246478723945e-15,2057358.4087508155,III_signgd,II_spike,0.31387755102040815,0.41934376641984905
0.6273469387755102,0.33346938775510204,6.267180462425067e-35,1.5348684574028736e-15,2.638526019235988e+29,III_signgd,II_spike,0.33346938775510204,0.4388256240669263
0.6273469387755102,0.35306122448979593,1.229442068617167e-21,1.4366769183187857e-14,12028365644.791702,III_signgd,II_spike,0.35306122448979593,0.45802324290480784
0.6273469387755102,0.3726530612244898,1.1638498890046876e-33,3.2082644041591934e-20,2.3873876316424555e+27,III_signgd,I_stable,0.3726530612244898,0.4769562233715155
0.6273469387755102,0.39224489795918366,8.916060315597597e-36,1.6012272768567027e-14,4.011583827553835e+30,III_signgd,II_spike,0.39224489795918366,0.49564185930152915
0.6273469387755102,0.41183673469387755,2.6680565264809768e-36,2.6262686962744744e-15,2.613863979125969e+31,III_signgd,II_spike,0.41183673469387755,0.5140955106577026
0.6273469387755102,0.43142857142857144,7.801747873285572e-37,2.6049942809983537e-15,2.8397063103352246e+31,III_signgd,II_spike,0.43142857142857144,0.5323309012057498
0.6273469387755102,0.4510204081632653,1.2739366865307735e-33,1.5377356946548192e-14,2.173093420751783e+27,III_signgd,II_spike,0.4510204081632653,0.5503603589627031
0.6273469387755102,0.47061224489795916,2.1387480016222788e-35,1.5134476145660247e-14,1.2990806893085088e+30,III_signgd,II_spike,0.47061224489795916,0.5681950124246583
0.6273469387755102,0.49020408163265305,9.882505382429278e-35,1.1306054282521791e-15,7.51972933138117e+27,III_signgd,II_spike,0.49020408163265305,0.5858449522056745
0.6273469387755102,0.509795918367347,1.9057765692540728e-38,2.4956885132760115e-15,1.1974100296064789e+35,III_signgd,II_spike,0.509795918367347,0.6033193653210811
0.6273469387755102,0.5293877551020408,9.67050541924359e-36,3.558295648797768e-16,2.577043631453177e+29,III_signgd,II_spike,0.5293877551020408,0.6206266476163069
0.6273469387755102,0.5489795918367347,8.404274744965693e-36,8.435884609664438e-18,3.152862395388581e+30,II_spike,I_stable,0.5489795918367347,0.6377744985737119
0.6273469387755102,0.5685714285714285,1.7848694846113496e-44,2.2847350085180932e-18,5.847125183033898e+29,II_spike,I_stable,0.5685714285714285,0.654770001788624
0.6273469387755102,0.5881632653061224,3.5505958463780816e-48,1.6385353559677477e-18,1.5889350032416645e+38,II_spike,I_stable,0.5881632653061224,0.6716196936990277
0.6273469387755102,0.6077551020408163,9.758970486668244e-68,4.55977612577395e-22,2.5085478228281074e+38,II_spike,I_stable,0.6077551020408163,0.6883296226168335
0.6273469387755102,0.6273469387755102,0.0,0.0,1.7889207732883282e+103,I_stable,I_stable,0.6273469387755102,0.7049053996971941
0.6273469387755102,0.6469387755102041,0.0,0.0,3.0790938417961912e+103,I_stable,I_stable,0.6469387755102041,0.7213522431638066
0.6273469387755102,0.666530612244898,0.0,0.0,2.7400496552663637e+103,I_stable,I_stable,0.666530612244898,0.7376750168593522
0.6273469387755102,0.6861224489795918,0.0,0.0,2.5351122625644992e+103,I_stable,I_stable,0.6861224489795918,0.753878263994344
0.6273469387755102,0.7057142857142857,0.0,0.0,2.402282378707166e+103,I_stable,I_stable,0.7057142857142857,0.7699662368122037
0.6273469387755102,0.7253061224489796,0.0,0.0,2.472678805942448e+103,I_stable,I_stable,0.7253061224489796,0.785942922764163
0.6273469387755102,0.7448979591836734,0.0,0.0,2.5631900103664034e+103,I_stable,I_stable,0.7448979591836734,0.8018120676876266
0.6273469387755102,0.7644897959183673,0.0,0.0,2.4953506446748496e+103,I_stable,I_stable,0.7644897959183673,0.8175771964006852
0.6273469387755102,0.7840816326530612,0.0,0.0,2.9132675035858795e+103,I_stable,I_stable,0.7840816326530612,0.8332416310595315
0.6273469387755102,0.8036734693877551,0.0,0.0,3.2617728351297773e+103,I_stable,I_stable,0.8036734693877551,0.8488085075715106
0.6273469387755102,0.823265306122449,0.0,0.0,3.757724321485418e+103,I_stable,I_stable,0.823265306122449,0.8642807903120353
0.6273469387755102,0.8428571428571429,0.0,0.0,4.199754464596489e+103,I_stable,I_stable,0.8428571428571429,0.8796612853567701
0.6273469387755102,0.8624489795918368,0.0,0.0,5.289434075446502e+103,I_stable,I_stable,0.8624489795918368,0.8949526524098372
0.6273469387755102,0.8820408163265305,0.0,0.0,6.933125344771743e+103,I_stable,I_stable,0.8820408163265305,0.910157415583198
0.6273469387755102,0.9016326530612244,0.0,0.0,9.160065098008285e+103,I_stable,I_stable,0.9016326530612244,0.9252779731608697
0.6273469387755102,0.9212244897959183,0.0,0.0,1.3764474524137696e+104,I_stable,I_stable,0.9212244897959183,0.9403166064635249
0.6273469387755102,0.9408163265306122,0.0,0.0,2.354357999729475e+104,I_stable,I_stable,0.9408163265306122,0.9552754879136958
0.6273469387755102,0.9604081632653061,0.0,0.0,5.074771751530965e+104,I_stable,I_stable,0.9604081632653061,0.9701566883887878
0.6273469387755102,0.98,0.0,0.0,1.9181392390543305e+105,I_stable,I_stable,0.98,0.9849621839380145
0.6469387755102041,0.02,6.3601515753116535e-27,2.1988322411636223e-09,2.0686835450974966e+23,III_signgd,II_spike,0.02,0.053182958969449884
0.6469387755102041,0.03959183673469388,1.2837443852499536e-25,5.108629993971393e-11,1.7125389665308097e+21,III_signgd,II_spike,0.03959183673469388,0.0887573316607622
0.6469387755102041,0.05918367346938776,4.4547899219596406e-32,2.1833600463910648e-11,6.511042960870656e+27,III_signgd,II_spike,0.05918367346938776,0.11999176412600944
0.6469387755102041,0.07877551020408163,3.6604417121084754e-30,1.7384880800279418e-11,1.2728134338859096e+26,III_signgd,II_spike,0.07877551020408163,0.14869399108610135
0.6469387755102041,0.09836734693877551,1.1194704948087743e-29,3.5252392553843577e-12,1.5030337271857498e+23,III_signgd,II_spike,0.09836734693877551,0.17564598165422904
0.6469387755102041,0.11795918367346939,9.227211203640052e-35,2.2244832625385912e-12,3.2707657282793497e+31,III_signgd,II_spike,0.11795918367346939,0.20127916346199196
0.6469387755102041,0.13755102040816325,1.371351535290925e-20,6.202970487683916e-13,82597010506.05357,III_signgd,II_spike,0.13755102040816325,0.2258644406312193
0.6469387755102041,0.1571428571428571,3.06592218675946e-30,1.427878694543888e-14,2.3215683746983667e+25,III_signgd,II_spike,0.1571428571428571,0.24958643848936826
0.6469387755102041,0.176734693877551,8.454835786790936e-17,5.7364017857985706e-15,165458169.93937764,III_signgd,III_signgd,0.176734693877551,0.27257835044093476
0.6469387755102041,0.1963265306122449,5.486740714023674e-27,3.6887660047550874e-13,4.939648267457341e+19,III_signgd,II_spike,0.1963265306122449,0.29494038580671944
0.6469387755102041,0.21591836734693876,5.815008322302706e-17,5.446402047632774e-13,8000038.986467011,III_signgd,III_signgd,0.21591836734693876,0.31675041368227413
0.6469387755102041,0.23551020408163262,1.3184561315359369e-30,1.7655737532807872e-13,2.843207268263077e+24,III_signgd,II_spike,0.23551020408163262,0.33807051609020067
0.6469387755102041,0.25510204081632654,5.766278972928339e-19,4.247438176765708e-15,182966776.0859918,III_signgd,II_spike,0.25510204081632654,0.35895123321356215
0.6469387755102041,0.2746938775510204,1.6765255621240758e-20,1.6374256649132078e-15,338027776.1546133,III_signgd,II_spike,0.2746938775510204,0.3794344287204513
0.6469387755102041,0.29428571428571426,1.2921009980923491e-25,2.1556707896175895e-15,1.3431407355473916e+16,III_signgd,II_spike,0.29428571428571426,0.39955529026532965
0.6469387755102041,0.31387755102040815,5.530615660069425e-19,1.9840653599562895e-14,1059634648.8838397,III_signgd,II_spike,0.31387755102040815,0.41934376641984905
0.6469387755102041,0.33346938775510204,3.584793116244068e-22,1.1893973995233122e-16,11378399925.056622,III_signgd,II_spike,0.33346938775510204,0.4388256240669263
0.6469387755102041,0.35306122448979593,2.7854777175512866e-17,3.362982569910093e-14,1121938.2092203358,III_signgd,III_signgd,0.35306122448979593,0.45802324290480784
0.6469387755102041,0.3726530612244898,4.922973897984608e-26,2.333253912442675e-16,1.715835144630773e+17,III_signgd,II_spike,0.3726530612244898,0.4769562233715155
0.6469387755102041,0.39224489795918366,2.1825888954561007e-33,2.6351070661127574e-17,3.386176720920459e+26,III_signgd,II_spike,0.39224489795918366,0.49564185930152915
0.6469387755102041,0.41183673469387755,9.544910918601116e-35,1.814407291571737e-15,1.5153391365421612e+29,III_signgd,II_spike,0.41183673469387755,0.5140955106577026
0.6469387755102041,0.43142857142857144,2.1987441835343338e-35,2.492005736932886e-16,7.605188764471544e+29,III_signgd,II_spike,0.43142857142857144,0.5323309012057498
0.6469387755102041,0.4510204081632653,7.945124691545254e-39,2.8203608800710257e-15,2.1706880356464533e+35,III_signgd,II_spike,0.4510204081632653,0.5503603589627031
0.6469387755102041,0.47061224489795916,1.7697252680236025e-38,3.0029028328819496e-17,3.3055439686116265e+34,III_signgd,II_spike,0.47061224489795916,0.5681950124246583
0.6469387755102041,0.49020408163265305,1.0371395346834116e-38,1.1978132869634598e-14,7.2008145576617565e+34,III_signgd,II_spike,0.49020408163265305,0.5858449522056745
0.6469387755102041,0.509795918367347,1.0255294649365283e-39,8.591258536249995e-16,2.2446462785976493e+36,III_signgd,II_spike,0.509795918367347,0.6033193653210811
0.6469387755102041,0.5293877551020408,2.2452925404711777e-25,1.6035697638424436e-17,5416221770935.712,III_signgd,II_spike,0.5293877551020408,0.6206266476163069
0.6469387755102041,0.5489795918367347,7.93254566053365e-35,1.0533783567367595e-17,4.493666750149701e+29,III_signgd,I_stable,0.5489795918367347,0.6377744985737119
0.6469387755102041,0.5685714285714285,6.486393710706446e-38,1.4992868199659914e-23,3.1729850753878474e+27,II_spike,I_stable,0.5685714285714285,0.654770001788624
0.6469387755102041,0.5881632653061224,7.719979732167105e-41,1.2569745535241935e-15,1.097974997989249e+28,II_spike,II_spike,0.5881632653061224,0.6716196936990277
0.6469387755102041,0.6077551020408163,5.244761212189068e-47,2.7743812303626056e-16,1.079244453210292e+32,II_spike,II_spike,0.6077551020408163,0.6883296226168335
0.6469387755102041,0.6273469387755102,2.5819675001640045e-59,4.557465829204362e-19,2.2418879251485998e+33,II_spike,I_stable,0.6273469387755102,0.7049053996971941
0.6469387755102041,0.6469387755102041,0.0,0.0,2.4242375350269136e+103,I_stable,I_stable,0.6469387755102041,0.7213522431638066
0.6469387755102041,0.666530612244898,0.0,0.0,3.446981750291678e+103,I_stable,I_stable,0.666530612244898,0.7376750168593522
0.6469387755102041,0.6861224489795918,0.0,0.0,2.961274849086105e+103,I_stable,I_stable,0.6861224489795918,0.753878263994344
0.6469387755102041,0.7057142857142857,0.0,0.0,3.1645674189825482e+103,I_stable,I_stable,0.7057142857142857,0.7699662368122037
0.6469387755102041,0.7253061224489796,0.0,0.0,3.086985245530297e+103,I_stable,I_stable,0.7253061224489796,0.785942922764163
0.6469387755102041,0.7448979591836734,0.0,0.0,3.063061642582505e+103,I_stable,I_stable,0.7448979591836734,0.8018120676876266
0.6469387755102041,0.7644897959183673,0.0,0.0,2.8759568984798203e+103,I_stable,I_stable,0.7644897959183673,0.8175771964006852
0.6469387755102041,0.7840816326530612,0.0,0.0,3.2576961127156945e+103,I_stable,I_stable,0.7840816326530612,0.8332416310595315
0.6469387755102041,0.8036734693877551,0.0,0.0,3.555599169167275e+103,I_stable,I_stable,0.8036734693877551,0.8488085075715106
0.6469387755102041,0.823265306122449,0.0,0.0,4.009954591311204e+103,I_stable,I_stable,0.823265306122449,0.8642807903120353
0.6469387755102041,0.8428571428571429,0.0,0.0,4.400747261638278e+103,I_stable,I_stable,0.8428571428571429,0.8796612853567701
0.6469387755102041,0.8624489795918368,0.0,0.0,5.461109392431208e+103,I_stable,I_stable,0.8624489795918368,0.8949526524098372
0.6469387755102041,0.8820408163265305,0.0,0.0,7.067601852832451e+103,I_stable,I_stable,0.8820408163265305,0.910157415583198
0.6469387755102041,0.9016326530612244,0.0,0.0,9.735137619186627e+103,I_stable,I_stable,0.9016326530612244,0.9252779731608697
0.6469387755102041,0.9212244897959183,0.0,0.0,1.4354960804510846e+104,I_stable,I_stable,0.9212244897959183,0.9403166064635249
0.6469387755102041,0.9408163265306122,0.0,0.0,2.4174220270829612e+104,I_stable,I_stable,0.9408163265306122,0.9552754879136958
0.6469387755102041,0.9604081632653061,0.0,0.0,5.144379951796507e+104,I_stable,I_stable,0.9604081632653061,0.9701566883887878
0.6469387755102041,0.98,0.0,0.0,1.9248951247535896e+105,I_stable,I_stable,0.98,0.9849621839380145
0.666530612244898,0.02,1.6213332698633976e-27,3.3068128603094105e-08,1.4383382156296332e+24,III_signgd,II_spike,0.02,0.053182958969449884
0.666530612244898,0.03959183673469388,2.4423334632793995e-29,1.3137691322359722e-13,1.737999233020941e+26,III_signgd,II_spike,0.03959183673469388,0.0887573316607622
0.666530612244898,0.05918367346938776,2.008017342796524e-34,1.5691069133081405e-11,7.683322949670117e+31,III_signgd,II_spike,0.05918367346938776,0.11999176412600944
0.666530612244898,0.07877551020408163,6.326548673248884e-35,3.961939970215011e-11,8.83089409978503e+32,III_signgd,II_spike,0.07877551020408163,0.14869399108610135
0.666530612244898,0.09836734693877551,9.100319001005866e-30,4.426013639527867e-11,2.3141805272427055e+25,III_signgd,II_spike,0.09836734693877551,0.17564598165422904
0.666530612244898,0.11795918367346939,3.030941217397106e-14,4.94247566296639e-10,24055.356420969456,III_signgd,III_signgd,0.11795918367346939,0.20127916346199196
0.666530612244898,0.13755102040816325,8.545385568162138e-30,8.796816915833792e-13,9.271466656906037e+22,III_signgd,II_spike,0.13755102040816325,0.2258644406312193
0.666530612244898,0.1571428571428571,9.430616619554222e-22,1.7336424370211424e-15,2950137566040.0586,III_signgd,II_spike,0.1571428571428571,0.24958643848936826
0.666530612244898,0.176734693877551,6.417310840259139e-34,3.5588139240169494e-13,5.931440396049609e+30,III_signgd,II_spike,0.176734693877551,0.27257835044093476
0.666530612244898,0.1963265306122449,1.9160626176963477e-37,7.309806646285763e-14,3.42950907703464e+34,III_signgd,II_spike,0.1963265306122449,0.29494038580671944
0.666530612244898,0.21591836734693876,1.700236367008143e-16,4.059493675667236e-14,452479.75363400736,III_signgd,III_signgd,0.21591836734693876,0.31675041368227413
0.666530612244898,0.23551020408163262,5.497909083169441e-19,3.6385276109131423e-14,174186383.38442183,III_signgd,II_spike,0.23551020408163262,0.33807051609020067
0.666530612244898,0.25510204081632654,4.15802215671777e-18,1.9782021406512604e-15,5455007.5196415,III_signgd,II_spike,0.25510204081632654,0.35895123321356215
0.666530612244898,0.2746938775510204,3.145515388082826e-21,1.5697121393553798e-13,2.139484190306425e+16,III_signgd,II_spike,0.2746938775510204,0.3794344287204513
0.666530612244898,0.29428571428571426,2.7471780399784426e-22,1.2834530437860137e-15,378908452429.761,III_signgd,II_spike,0.29428571428571426,0.39955529026532965
0.666530612244898,0.31387755102040815,2.6271807709896123e-24,7.112063865651021e-15,26022212932792.316,III_signgd,II_spike,0.31387755102040815,0.41934376641984905
0.666530612244898,0.33346938775510204,2.5107855644418277e-28,3.26123651125906e-16,1.4388581264269124e+19,III_signgd,II_spike,0.33346938775510204,0.4388256240669263
0.666530612244898,0.35306122448979593,6.382202814642028e-35,3.765478255651871e-15,1.247062754413307e+29,III_signgd,II_spike,0.35306122448979593,0.45802324290480784
0.666530612244898,0.3726530612244898,1.601645972819228e-29,4.536551783902567e-15,1.0421541007915672e+21,III_signgd,II_spike,0.3726530612244898,0.4769562233715155
0.666530612244898,0.39224489795918366,7.394468689127165e-27,1.0315972715460388e-16,9.411956607242392e+16,III_signgd,II_spike,0.39224489795918366,0.49564185930152915
0.666530612244898,0.41183673469387755,1.4110591638552376e-23,1.6148298589715614e-14,40144610506952.14,III_signgd,II_spike,0.41183673469387755,0.5140955106577026
0.666530612244898,0.43142857142857144,9.922661970087562e-34,1.6912665350116836e-15,4.545277418917658e+27,III_signgd,II_spike,0.43142857142857144,0.5323309012057498
0.666530612244898,0.4510204081632653,8.940772973660913e-38,7.662355341560969e-16,5.5508733564399565e+32,III_signgd,II_spike,0.4510204081632653,0.5503603589627031
0.666530612244898,0.47061224489795916,7.791572359666059e-36,2.6905787289419853e-20,2.690183421408451e+30,III_signgd,I_stable,0.47061224489795916,0.5681950124246583
0.666530612244898,0.49020408163265305,2.3467031309886647e-39,1.8869847918578195e-21,2.8270854457762332e+35,III_signgd,I_stable,0.49020408163265305,0.5858449522056745
0.666530612244898,0.509795918367347,2.912188468805332e-35,3.1441852439383013e-21,3.1685755294119975e+29,III_signgd,I_stable,0.509795918367347,0.6033193653210811
0.666530612244898,0.5293877551020408,2.7081856944964835e-35,8.931647306064067e-16,4.562894777852122e+29,III_signgd,II_spike,0.5293877551020408,0.6206266476163069
0.666530612244898,0.5489795918367347,1.6482262287652253e-42,1.1395531097255376e-17,2.5454297947966905e+40,III_signgd,I_stable,0.5489795918367347,0.6377744985737119
0.666530612244898,0.5685714285714285,2.3748489017514747e-43,2.38756482710544e-16,3.591931541729393e+38,III_signgd,II_spike,0.5685714285714285,0.654770001788624
0.666530612244898,0.5881632653061224,5.90133657743268e-42,6.785657765721206e-18,9.610978801470784e+35,II_spike,I_stable,0.5881632653061224,0.6716196936990277
0.666530612244898,0.6077551020408163,1.3386122504050445e-42,1.3149245282634192e-16,4.5759304876479484e+36,II_spike,II_spike,0.6077551020408163,0.6883296226168335
0.666530612244898,0.6273469387755102,3.2597565537820815e-43,1.8522439519483417e-15,3.5431178145465104e+30,II_spike,II_spike,0.6273469387755102,0.7049053996971941
0.666530612244898,0.6469387755102041,4.9269103176442215e-57,2.6792729804807406e-18,8.173144458622011e+35,II_spike,I_stable,0.6469387755102041,0.7213522431638066
0.666530612244898,0.666530612244898,0.0,0.0,3.0167618378312e+103,I_stable,I_stable,0.666530612244898,0.7376750168593522
0.666530612244898,0.6861224489795918,0.0,0.0,3.968583464042578e+103,I_stable,I_stable,0.6861224489795918,0.753878263994344
0.666530612244898,0.7057142857142857,0.0,0.0,3.904628159355029e+103,I_stable,I_stable,0.7057142857142857,0.7699662368122037
0.666530612244898,0.7253061224489796,0.0,0.0,3.584929650765389e+103,I_stable,I_stable,0.7253061224489796,0.785942922764163
0.666530612244898,0.7448979591836734,0.0,0.0,3.396918441172387e+103,I_stable,I_stable,0.7448979591836734,0.8018120676876266
0.666530612244898,0.7644897959183673,0.0,0.0,3.520183528863391e+103,I_stable,I_stable,0.7644897959183673,0.8175771964006852
0.666530612244898,0.7840816326530612,0.0,0.0,3.391686191654047e+103,I_stable,I_stable,0.7840816326530612,0.8332416310595315
0.666530612244898,0.8036734693877551,0.0,0.0,3.6248928259078516e+103,I_stable,I_stable,0.8036734693877551,0.8488085075715106
0.666530612244898,0.823265306122449,0.0,0.0,4.019808859715962e+103,I_stable,I_stable,0.823265306122449,0.8642807903120353
0.666530612244898,0.8428571428571429,0.0,0.0,4.746411213511494e+103,I_stable,I_stable,0.8428571428571429,0.8796612853567701
0.666530612244898,0.8624489795918368,0.0,0.0,5.76811126736427e+103,I_stable,I_stable,0.8624489795918368,0.8949526524098372
0.666530612244898,0.8820408163265305,0.0,0.0,7.337833571656755e+103,I_stable,I_stable,0.8820408163265305,0.910157415583198
0.666530612244898,0.9016326530612244,0.0,0.0,9.964290570876143e+103,I_stable,I_stable,0.9016326530612244,0.9252779731608697
0.666530612244898,0.9212244897959183,0.0,0.0,1.4522485391716212e+104,I_stable,I_stable,0.9212244897959183,0.9403166064635249
0.666530612244898,0.9408163265306122,0.0,0.0,2.4244235570206174e+104,I_stable,I_stable,0.9408163265306122,0.9552754879136958
0.666530612244898,0.9604081632653061,0.0,0.0,5.129882789714372e+104,I_stable,I_stable,0.9604081632653061,0.9701566883887878
0.666530612244898,0.98,0.0,0.0,1.935241148109747e+105,I_stable,I_stable,0.98,0.9849621839380145
0.6861224489795918,0.02,3.5138511122837374e-30,6.284530347529175e-08,4.193239175625127e+28,III_signgd,II_spike,0.02,0.053182958969449884
0.6861224489795918,0.03959183673469388,9.67110761286636e-30,3.9292579586274813e-10,4.584355821655997e+24,III_signgd,II_spike,0.03959183673469388,0.0887573316607622
0.6861224489795918,0.05918367346938776,2.623670354090493e-29,1.3012659525116197e-08,7.099121831792204e+25,III_signgd,II_spike,0.05918367346938776,0.11999176412600944
0.6861224489795918,0.07877551020408163,6.038312450914497e-28,3.9794530610656513e-11,5.839492300288194e+24,III_signgd,II_spike,0.07877551020408163,0.14869399108610135
0.6861224489795918,0.09836734693877551,2.420612438860918e-31,4.1475339146614185e-10,1.1445455644704444e+27,III_signgd,II_spike,0.09836734693877551,0.17564598165422904
0.6861224489795918,0.11795918367346939,3.694549047688027e-30,2.1885440772468026e-13,4.310853516488439e+24,III_signgd,II_spike,0.11795918367346939,0.20127916346199196
0.6861224489795918,0.13755102040816325,1.0326731245258677e-19,1.8141302007595748e-13,16845970432.883558,III_signgd,II_spike,0.13755102040816325,0.2258644406312193
0.6861224489795918,0.1571428571428571,7.780741620761748e-36,6.217697343303393e-15,7.806167194423353e+31,III_signgd,II_spike,0.1571428571428571,0.24958643848936826
0.6861224489795918,0.176734693877551,7.756991164498041e-15,2.1670264501601753e-13,40855.22474006167,III_signgd,III_signgd,0.176734693877551,0.27257835044093476
0.6861224489795918,0.1963265306122449,2.3539190849096466e-18,9.269974641697044e-15,515262090115.7683,III_signgd,II_spike,0.1963265306122449,0.29494038580671944
0.6861224489795918,0.21591836734693876,2.7426883939095126e-22,1.0205045027194351e-12,9511834589227.396,III_signgd,II_spike,0.21591836734693876,0.31675041368227413
0.6861224489795918,0.23551020408163262,2.1858780727535746e-23,2.1750411017203293e-13,36005771630866.336,III_signgd,II_spike,0.23551020408163262,0.33807051609020067
0.6861224489795918,0.25510204081632654,1.0161218302269583e-19,6.2138991742098134e-15,38203165369.22171,III_signgd,II_spike,0.25510204081632654,0.35895123321356215
0.6861224489795918,0.2746938775510204,6.604447801287901e-20,2.894626177054373e-17,105022763.34685157,III_signgd,II_spike,0.2746938775510204,0.3794344287204513
0.6861224489795918,0.29428571428571426,1.5540736766086963e-36,9.429547394282802e-20,1.6644514717671566e+31,III_signgd,I_stable,0.29428571428571426,0.39955529026532965
0.6861224489795918,0.31387755102040815,1.3895199511630013e-20,1.0379326410748242e-15,1615151988.5200036,III_signgd,II_spike,0.31387755102040815,0.41934376641984905
0.6861224489795918,0.33346938775510204,1.1889167570542936e-19,5.73672253498025e-16,842344.4441113808,III_signgd,II_spike,0.33346938775510204,0.4388256240669263
0.6861224489795918,0.35306122448979593,5.48434594968253e-21,1.3746961605195668e-18,567479425.4230193,III_signgd,I_stable,0.35306122448979593,0.45802324290480784
0.6861224489795918,0.3726530612244898,1.770948867865209e-36,1.3967527932592953e-15,1.5204212957761149e+31,III_signgd,II_spike,0.3726530612244898,0.4769562233715155
0.6861224489795918,0.39224489795918366,1.8822375255136213e-34,2.9057485520440126e-15,1.7823456868157246e+28,III_signgd,II_spike,0.39224489795918366,0.49564185930152915
0.6861224489795918,0.41183673469387755,4.8763003518394e-35,8.29750033373361e-19,1.2969700493698399e+29,III_signgd,I_stable,0.41183673469387755,0.5140955106577026
0.6861224489795918,0.43142857142857144,2.5100776323374912e-30,1.25698311759618e-16,1.095488821247764e+22,III_signgd,II_spike,0.43142857142857144,0.5323309012057498
0.6861224489795918,0.4510204081632653,1.882259357661371e-34,1.4158282329188901e-14,2.795377251268767e+28,III_signgd,II_spike,0.4510204081632653,0.5503603589627031
0.6861224489795918,0.47061224489795916,7.758180731360736e-27,3.2334033530613496e-16,8.969487181158822e+16,III_signgd,II_spike,0.47061224489795916,0.5681950124246583
0.6861224489795918,0.49020408163265305,1.019108443818278e-35,1.0451466738510385e-15,1.8729436273975332e+29,III_signgd,II_spike,0.49020408163265305,0.5858449522056745
0.6861224489795918,0.509795918367347,4.1297239873816694e-35,1.300778774557711e-15,1.5047141820912327e+29,III_signgd,II_spike,0.509795918367347,0.6033193653210811
0.6861224489795918,0.5293877551020408,8.596847607915251e-39,2.9252022511410242e-18,5.103897710225436e+34,III_signgd,I_stable,0.5293877551020408,0.6206266476163069
0.6861224489795918,0.5489795918367347,3.79342345843826e-37,9.344449487991495e-18,1.5651101876301749e+32,III_signgd,I_stable,0.5489795918367347,0.6377744985737119
0.6861224489795918,0.5685714285714285,1.7100905049832572e-35,4.92038606217959e-22,4.808328717042205e+29,III_signgd,I_stable,0.5685714285714285,0.654770001788624
0.6861224489795918,0.5881632653061224,2.5326736921673108e-40,5.244226570714172e-18,8.686823411159136e+36,III_signgd,I_stable,0.5881632653061224,0.6716196936990277
0.6861224489795918,0.6077551020408163,2.409762370110459e-39,3.5235742018603046e-15,3.1249681390613803e+33,II_spike,II_spike,0.6077551020408163,0.6883296226168335
0.6861224489795918,0.6273469387755102,4.7451850345095065e-43,2.6697173039919247e-18,3.913104891575171e+35,II_spike,I_stable,0.6273469387755102,0.7049053996971941
0.6861224489795918,0.6469387755102041,1.6189731118623293e-39,8.251213036912587e-17,8.942420217640206e+33,II_spike,II_spike,0.6469387755102041,0.7213522431638066
0.6861224489795918,0.666530612244898,3.3983731815704625e-57,1.5291691342705987e-26,2.1905356294367733e+37,II_spike,I_stable,0.666530612244898,0.7376750168593522
0.6861224489795918,0.6861224489795918,0.0,0.0,2.9310996778278064e+103,I_stable,I_stable,0.6861224489795918,0.753878263994344
0.6861224489795918,0.7057142857142857,0.0,0.0,4.686527614313708e+103,I_stable,I_stable,0.7057142857142857,0.7699662368122037
0.6861224489795918,0.7253061224489796,0.0,0.0,4.669957896614733e+103,I_stable,I_stable,0.7253061224489796,0.785942922764163
0.6861224489795918,0.7448979591836734,0.0,0.0,4.1333243547437745e+103,I_stable,I_stable,0.7448979591836734,0.8018120676876266
0.6861224489795918,0.7644897959183673,0.0,0.0,4.0662139518432885e+103,I_stable,I_stable,0.7644897959183673,0.8175771964006852
0.6861224489795918,0.7840816326530612,0.0,0.0,3.760674354418603e+103,I_stable,I_stable,0.7840816326530612,0.8332416310595315
0.6861224489795918,0.8036734693877551,0.0,0.0,4.339284987404027e+103,I_stable,I_stable,0.8036734693877551,0.8488085075715106
0.6861224489795918,0.823265306122449,0.0,0.0,4.633734092481116e+103,I_stable,I_stable,0.823265306122449,0.8642807903120353
0.6861224489795918,0.8428571428571429,0.0,0.0,5.2997531024153586e+103,I_stable,I_stable,0.8428571428571429,0.8796612853567701
0.6861224489795918,0.8624489795918368,0.0,0.0,6.265591822346269e+103,I_stable,I_stable,0.8624489795918368,0.8949526524098372
0.6861224489795918,0.8820408163265305,0.0,0.0,7.787590418879915e+103,I_stable,I_stable,0.8820408163265305,0.910157415583198
0.6861224489795918,0.9016326530612244,0.0,0.0,1.0371480339379002e+104,I_stable,I_stable,0.9016326530612244,0.9252779731608697
0.6861224489795918,0.9212244897959183,0.0,0.0,1.4876497423733896e+104,I_stable,I_stable,0.9212244897959183,0.9403166064635249
0.6861224489795918,0.9408163265306122,0.0,0.0,2.452128491604776e+104,I_stable,I_stable,0.9408163265306122,0.9552754879136958
0.6861224489795918,0.9604081632653061,0.0,0.0,5.2446746836095594e+104,I_stable,I_stable,0.9604081632653061,0.9701566883887878
0.6861224489795918,0.98,0.0,0.0,1.9486624578047238e+105,I_stable,I_stable,0.98,0.9849621839380145
0.7057142857142857,0.02,2.9293151563394893e-27,6.53308934879931e-07,1.4236955213080206e+23,III_signgd,II_spike,0.02,0.053182958969449884
0.7057142857142857,0.03959183673469388,1.5838721460825793e-25,1.852169394030332e-09,1.7810635712914784e+21,III_signgd,II_spike,0.03959183673469388,0.0887573316607622
0.7057142857142857,0.05918367346938776,1.4267979580813403e-30,2.988751330320131e-10,1.9054979983050765e+27,III_signgd,II_spike,0.05918367346938776,0.11999176412600944
0.7057142857142857,0.07877551020408163,1.353164992904628e-28,1.2696537947889684e-10,6.361653167670968e+23,III_signgd,II_spike,0.07877551020408163,0.14869399108610135
0.7057142857142857,0.09836734693877551,1.1203155370047682e-27,1.5297382715456668e-12,2.8238506022465413e+22,III_signgd,II_spike,0.09836734693877551,0.17564598165422904
0.7057142857142857,0.11795918367346939,4.301122985984433e-30,1.1920784893644235e-10,3.4979230520084745e+25,III_signgd,II_spike,0.11795918367346939,0.20127916346199196
0.7057142857142857,0.13755102040816325,3.2229236094944e-31,1.0557334230815694e-12,1.349272575091901e+26,III_signgd,II_spike,0.13755102040816325,0.2258644406312193
0.7057142857142857,0.1571428571428571,7.807018771159821e-33,5.2421727093596835e-12,1.014781900383959e+29,III_signgd,II_spike,0.1571428571428571,0.24958643848936826
0.7057142857142857,0.176734693877551,1.5083862039395286e-29,7.842266545784974e-13,7.278846605058555e+23,III_signgd,II_spike,0.176734693877551,0.27257835044093476
0.7057142857142857,0.1963265306122449,8.463180562999616e-33,3.8515231894709974e-14,1.8189255175491285e+27,III_signgd,II_spike,0.1963265306122449,0.29494038580671944
0.7057142857142857,0.21591836734693876,7.342102892095033e-24,6.862053916164458e-13,1399181138541536.5,III_signgd,II_spike,0.21591836734693876,0.31675041368227413
0.7057142857142857,0.23551020408163262,8.66925204407698e-20,7.427781038892373e-14,17823304586.59167,III_signgd,II_spike,0.23551020408163262,0.33807051609020067
0.7057142857142857,0.25510204081632654,1.309220911987616e-32,1.5997673323891155e-13,1.3521085345558826e+27,III_signgd,II_spike,0.25510204081632654,0.35895123321356215
0.7057142857142857,0.2746938775510204,2.3291665204812494e-36,9.783311141166394e-17,3.7399589202604656e+32,III_signgd,II_spike,0.2746938775510204,0.3794344287204513
0.7057142857142857,0.29428571428571426,1.9487421673092044e-21,1.0960883398530895e-14,3549584041944.6914,III_signgd,II_spike,0.29428571428571426,0.39955529026532965
0.7057142857142857,0.31387755102040815,3.260485629916547e-30,3.883427261725336e-17,1.9622722134055142e+23,III_signgd,II_spike,0.31387755102040815,0.41934376641984905
0.7057142857142857,0.33346938775510204,2.8049978145912535e-33,6.491727739144937e-17,5.789390823363225e+27,III_signgd,II_spike,0.33346938775510204,0.4388256240669263
0.7057142857142857,0.35306122448979593,7.952085016701267e-24,2.308103508224311e-18,78872497155782.75,III_signgd,I_stable,0.35306122448979593,0.45802324290480784
0.7057142857142857,0.3726530612244898,1.658430913997533e-30,3.1162365655459377e-15,1.3314251666557728e+22,III_signgd,II_spike,0.3726530612244898,0.4769562233715155
0.7057142857142857,0.39224489795918366,3.1463852207564177e-31,9.305320587284472e-23,8.627688610013502e+27,III_signgd,I_stable,0.39224489795918366,0.49564185930152915
0.7057142857142857,0.41183673469387755,1.571947359224188e-33,2.4854677780514056e-20,5.591404515356377e+26,III_signgd,I_stable,0.41183673469387755,0.5140955106577026
0.7057142857142857,0.43142857142857144,3.957553985373521e-36,6.386348949478088e-16,4.584596843637584e+30,III_signgd,II_spike,0.43142857142857144,0.5323309012057498
0.7057142857142857,0.4510204081632653,9.662823173654084e-37,3.498478884312565e-20,3.4042374805067344e+31,III_signgd,I_stable,0.4510204081632653,0.5503603589627031
0.7057142857142857,0.47061224489795916,5.87461590422702e-36,4.313710275763187e-16,2.636249978973329e+30,III_signgd,II_spike,0.47061224489795916,0.5681950124246583
0.7057142857142857,0.49020408163265305,3.1220896366320835e-34,1.3040893957832642e-17,8.892347345096726e+27,III_signgd,I_stable,0.49020408163265305,0.5858449522056745
0.7057142857142857,0.509795918367347,4.394145175046854e-23,3.975252091814198e-16,89303946522.24599,III_signgd,II_spike,0.509795918367347,0.6033193653210811
0.7057142857142857,0.5293877551020408,2.2541991272254218e-34,1.3839143641229273e-17,4.1711248741017995e+27,III_signgd,I_stable,0.5293877551020408,0.6206266476163069
0.7057142857142857,0.5489795918367347,1.0215983108711002e-37,4.409276860549266e-16,6.2985583228620536e+32,III_signgd,II_spike,0.5489795918367347,0.6377744985737119
0.7057142857142857,0.5685714285714285,1.786104854742512e-35,4.141220476514657e-17,1.6162436043958794e+29,III_signgd,II_spike,0.5685714285714285,0.654770001788624
0.7057142857142857,0.5881632653061224,5.315558883785121e-37,1.2857671051616307e-16,2.536438356037915e+31,III_signgd,II_spike,0.5881632653061224,0.6716196936990277
0.7057142857142857,0.6077551020408163,1.02060836184566e-39,7.374598990940826e-16,1.749722549484014e+35,III_signgd,II_spike,0.6077551020408163,0.6883296226168335
0.7057142857142857,0.6273469387755102,4.087182190114228e-43,7.659392528963676e-18,2.8603222048041345e+33,III_signgd,I_stable,0.6273469387755102,0.7049053996971941
0.7057142857142857,0.6469387755102041,2.011663987900773e-37,6.701889268865652e-17,6.929426723372485e+31,II_spike,II_spike,0.6469387755102041,0.7213522431638066
0.7057142857142857,0.666530612244898,4.246585673311291e-47,6.251091589106189e-18,1.431892495131026e+28,II_spike,I_stable,0.666530612244898,0.7376750168593522
0.7057142857142857,0.6861224489795918,7.799824277754687e-55,8.329491177798295e-17,7.278988584132322e+34,II_spike,II_spike,0.6861224489795918,0.753878263994344
0.7057142857142857,0.7057142857142857,0.0,0.0,4.178856360857005e+103,I_stable,I_stable,0.7057142857142857,0.7699662368122037
0.7057142857142857,0.7253061224489796,0.0,0.0,6.068482714688324e+103,I_stable,I_stable,0.7253061224489796,0.785942922764163
0.7057142857142857,0.7448979591836734,0.0,0.0,4.906669697415341e+103,I_stable,I_stable,0.7448979591836734,0.8018120676876266
0.7057142857142857,0.7644897959183673,0.0,0.0,4.526761737560749e+103,I_stable,I_stable,0.7644897959183673,0.8175771964006852
0.7057142857142857,0.7840816326530612,0.0,0.0,4.5117582043805075e+103,I_stable,I_stable,0.7840816326530612,0.8332416310595315
0.7057142857142857,0.8036734693877551,0.0,0.0,4.966777159308327e+103,I_stable,I_stable,0.8036734693877551,0.8488085075715106
0.7057142857142857,0.823265306122449,0.0,0.0,5.108991125094648e+103,I_stable,I_stable,0.823265306122449,0.8642807903120353
0.7057142857142857,0.8428571428571429,0.0,0.0,5.6684400506834724e+103,I_stable,I_stable,0.8428571428571429,0.8796612853567701
0.7057142857142857,0.8624489795918368,0.0,0.0,6.540351732419262e+103,I_stable,I_stable,0.8624489795918368,0.8949526524098372
0.7057142857142857,0.8820408163265305,0.0,0.0,7.975419821877404e+103,I_stable,I_stable,0.8820408163265305,0.910157415583198
0.7057142857142857,0.9016326530612244,0.0,0.0,1.0459523397974524e+104,I_stable,I_stable,0.9016326530612244,0.9252779731608697
0.7057142857142857,0.9212244897959183,0.0,0.0,1.5467278041944348e+104,I_stable,I_stable,0.9212244897959183,0.9403166064635249
0.7057142857142857,0.9408163265306122,0.0,0.0,2.5045662896664824e+104,I_stable,I_stable,0.9408163265306122,0.9552754879136958
0.7057142857142857,0.9604081632653061,0.0,0.0,5.2839770838853953e+104,I_stable,I_stable,0.9604081632653061,0.9701566883887878
0.7057142857142857,0.98,0.0,0.0,1.9674588114706913e+105,I_stable,I_stable,0.98,0.9849621839380145
0.7253061224489796,0.02,1.2730226403521391e-30,2.3705638220026952e-07,1.2224008485328117e+28,III_signgd,II_spike,0.02,0.053182958969449884
0.7253061224489796,0.03959183673469388,8.88313224148582e-27,9.74827629992011e-14,2.009842060059028e+22,III_signgd,II_spike,0.03959183673469388,0.0887573316607622
0.7253061224489796,0.05918367346938776,2.59345648336307e-29,1.6086131014855565e-09,4.999637532472178e+25,III_signgd,II_spike,0.05918367346938776,0.11999176412600944
0.7253061224489796,0.07877551020408163,4.594449077104429e-29,2.1070215504307232e-10,3.675209972872638e+24,III_signgd,II_spike,0.07877551020408163,0.14869399108610135
0.7253061224489796,0.09836734693877551,6.651386122043905e-30,6.524160341972389e-11,8.075377008321227e+27,III_signgd,II_spike,0.09836734693877551,0.17564598165422904
0.7253061224489796,0.11795918367346939,7.972787023144037e-32,1.5851301190362958e-13,7.229175483578466e+26,III_signgd,II_spike,0.11795918367346939,0.20127916346199196
0.7253061224489796,0.13755102040816325,4.722845928470621e-29,2.2060777967949785e-14,7.488914745734535e+23,III_signgd,II_spike,0.13755102040816325,0.2258644406312193
0.7253061224489796,0.1571428571428571,4.8960692234759676e-33,1.2445720010068694e-12,5.042588932277943e+29,III_signgd,II_spike,0.1571428571428571,0.24958643848936826
0.7253061224489796,0.176734693877551,2.3880663680682966e-34,1.4010726929664038e-12,5.517280426263947e+30,III_signgd,II_spike,0.176734693877551,0.27257835044093476
0.7253061224489796,0.1963265306122449,2.140415823698046e-19,3.0042365775316713e-12,3503492732.6339936,III_signgd,II_spike,0.1963265306122449,0.29494038580671944
0.7253061224489796,0.21591836734693876,1.2170498958233193e-35,4.925884608799926e-13,3.970565243375533e+32,III_signgd,II_spike,0.21591836734693876,0.31675041368227413
0.7253061224489796,0.23551020408163262,1.7340987873424552e-28,2.294609790841147e-15,7.233091212611315e+21,III_signgd,II_spike,0.23551020408163262,0.33807051609020067
0.7253061224489796,0.25510204081632654,1.835291194807475e-34,3.529250490439464e-15,6.278490306028685e+29,III_signgd,II_spike,0.25510204081632654,0.35895123321356215
0.7253061224489796,0.2746938775510204,1.0871222737150197e-33,9.323358165249454e-15,3.455661057619634e+28,III_signgd,II_spike,0.2746938775510204,0.3794344287204513
0.7253061224489796,0.29428571428571426,1.121248917368061e-26,1.2534966960238659e-15,1.0555691741551718e+18,III_signgd,II_spike,0.29428571428571426,0.39955529026532965
0.7253061224489796,0.31387755102040815,1.5193693032023059e-38,1.7877503700344915e-18,4.635925050407795e+35,III_signgd,I_stable,0.31387755102040815,0.41934376641984905
0.7253061224489796,0.33346938775510204,3.0924098176497433e-21,8.581397145671132e-14,62110612454.124214,III_signgd,II_spike,0.33346938775510204,0.4388256240669263
0.7253061224489796,0.35306122448979593,9.64471923843935e-26,8.483885786761752e-16,2.0038459093066708e+16,III_signgd,II_spike,0.35306122448979593,0.45802324290480784
0.7253061224489796,0.3726530612244898,7.745454587472114e-35,4.845829897785854e-15,7.080783277900369e+29,III_signgd,II_spike,0.3726530612244898,0.4769562233715155
0.7253061224489796,0.39224489795918366,5.8365619613002525e-34,8.461785113968633e-19,1.453229613954495e+27,III_signgd,I_stable,0.39224489795918366,0.49564185930152915
0.7253061224489796,0.41183673469387755,2.1348846802654337e-34,3.8007415205995586e-18,6.415362557392645e+27,III_signgd,I_stable,0.41183673469387755,0.5140955106577026
0.7253061224489796,0.43142857142857144,1.2921084034990622e-36,2.3441277709190672e-15,1.3807882967805507e+31,III_signgd,II_spike,0.43142857142857144,0.5323309012057498
0.7253061224489796,0.4510204081632653,1.4987940421171444e-33,1.3209968637115455e-15,3.872337218822063e+26,III_signgd,II_spike,0.4510204081632653,0.5503603589627031
0.7253061224489796,0.47061224489795916,8.75886210653828e-35,3.6711306630473975e-16,2.342016370315869e+28,III_signgd,II_spike,0.47061224489795916,0.5681950124246583
0.7253061224489796,0.49020408163265305,4.976149827876596e-35,1.1917644008656399e-18,6.63644027051102e+28,III_signgd,I_stable,0.49020408163265305,0.5858449522056745
0.7253061224489796,0.509795918367347,8.2588745374118e-37,3.0870566355726895e-21,2.392066402330145e+31,III_signgd,I_stable,0.509795918367347,0.6033193653210811
0.7253061224489796,0.5293877551020408,1.5015934599577705e-34,2.1880543408800652e-23,7.223337984590695e+27,III_signgd,I_stable,0.5293877551020408,0.6206266476163069
0.7253061224489796,0.5489795918367347,8.821388430393494e-39,2.3257356166511563e-15,2.230427112459612e+34,III_signgd,II_spike,0.5489795918367347,0.6377744985737119
0.7253061224489796,0.5685714285714285,5.475770608001902e-37,8.770139316936078e-17,1.4922985116858614e+32,III_signgd,II_spike,0.5685714285714285,0.654770001788624
0.7253061224489796,0.5881632653061224,1.4550509760442906e-36,1.4658800763809146e-17,5.871087621782663e+31,III_signgd,I_stable,0.5881632653061224,0.6716196936990277
0.7253061224489796,0.6077551020408163,2.1904652394368495e-37,2.2023718318990876e-15,1.3029271277268654e+32,III_signgd,II_spike,0.6077551020408163,0.6883296226168335
0.7253061224489796,0.6273469387755102,3.657443694462499e-35,8.581076356976589e-17,4.250538670420322e+28,III_signgd,II_spike,0.6273469387755102,0.7049053996971941
0.7253061224489796,0.6469387755102041,1.3039851839453571e-40,1.6944224293084517e-16,8.563548905662896e+29,III_signgd,II_spike,0.6469387755102041,0.7213522431638066
0.7253061224489796,0.666530612244898,3.114155444400433e-37,4.242573376978994e-21,7.830223576479825e+30,II_spike,I_stable,0.666530612244898,0.7376750168593522
0.7253061224489796,0.6861224489795918,9.800282632143544e-48,1.4698852876421112e-16,1.5249817590284204e+27,II_spike,II_spike,0.6861224489795918,0.753878263994344
0.7253061224489796,0.7057142857142857,4.3560022754613514e-55,7.044160162328973e-19,1.3597589527887996e+30,II_spike,I_stable,0.7057142857142857,0.7699662368122037
0.7253061224489796,0.7253061224489796,0.0,0.0,5.431760368471003e+103,I_stable,I_stable,0.7253061224489796,0.785942922764163
0.7253061224489796,0.7448979591836734,0.0,0.0,6.909564321339142e+103,I_stable,I_stable,0.7448979591836734,0.8018120676876266
0.7253061224489796,0.7644897959183673,0.0,0.0,5.7453540314108596e+103,I_stable,I_stable,0.7644897959183673,0.8175771964006852
0.7253061224489796,0.7840816326530612,0.0,0.0,5.3174051022409354e+103,I_stable,I_stable,0.7840816326530612,0.8332416310595315
0.7253061224489796,0.8036734693877551,0.0,0.0,5.539815221274511e+103,I_stable,I_stable,0.8036734693877551,0.8488085075715106
0.7253061224489796,0.823265306122449,0.0,0.0,5.466526110413241e+103,I_stable,I_stable,0.823265306122449,0.8642807903120353
0.7253061224489796,0.8428571428571429,0.0,0.0,6.398230852777532e+103,I_stable,I_stable,0.8428571428571429,0.8796612853567701
0.7253061224489796,0.8624489795918368,0.0,0.0,7.12778707434947e+103,I_stable,I_stable,0.8624489795918368,0.8949526524098372
0.7253061224489796,0.8820408163265305,0.0,0.0,8.444048002176318e+103,I_stable,I_stable,0.8820408163265305,0.910157415583198
0.7253061224489796,0.9016326530612244,0.0,0.0,1.1396561077483932e+104,I_stable,I_stable,0.9016326530612244,0.9252779731608697
0.7253061224489796,0.9212244897959183,0.0,0.0,1.5720402063756152e+104,I_stable,I_stable,0.9212244897959183,0.9403166064635249
0.7253061224489796,0.9408163265306122,0.0,0.0,2.589550722750416e+104,I_stable,I_stable,0.9408163265306122,0.9552754879136958
0.7253061224489796,0.9604081632653061,0.0,0.0,5.3639841041784285e+104,I_stable,I_stable,0.9604081632653061,0.9701566883887878
0.7253061224489796,0.98,0.0,0.0,1.9717533646535016e+105,I_stable,I_stable,0.98,0.9849621839380145
0.7448979591836734,0.02,1.8040780236800218e-29,1.269715313280867e-08,2.8742710514578944e+27,III_signgd,II_spike,0.02,0.053182958969449884
0.7448979591836734,0.03959183673469388,2.6822420861101922e-27,3.240653995857512e-09,1.1563512279153638e+22,III_signgd,II_spike,0.03959183673469388,0.0887573316607622
0.7448979591836734,0.05918367346938776,1.488171864833938e-26,8.898430940859401e-10,7.584308553181773e+22,III_signgd,II_spike,0.05918367346938776,0.11999176412600944
0.7448979591836734,0.07877551020408163,7.197293794887104e-29,2.974511945964409e-16,3.4132201018238975e+24,III_signgd,II_spike,0.07877551020408163,0.14869399108610135
0.7448979591836734,0.09836734693877551,2.2402644330791587e-27,3.843171650896824e-10,1.2116127582868178e+22,III_signgd,II_spike,0.09836734693877551,0.17564598165422904
0.7448979591836734,0.11795918367346939,5.323343852186301e-34,4.541785019836721e-10,2.1353366760788556e+32,III_signgd,II_spike,0.11795918367346939,0.20127916346199196
0.7448979591836734,0.13755102040816325,3.932586143469571e-31,2.1288841183924902e-10,1.4388281436334008e+28,III_signgd,II_spike,0.13755102040816325,0.2258644406312193
0.7448979591836734,0.1571428571428571,8.642926627222594e-33,1.8198596450617095e-11,2.4523157125266412e+30,III_signgd,II_spike,0.1571428571428571,0.24958643848936826
0.7448979591836734,0.176734693877551,2.3351498553142633e-32,3.737798858403149e-12,1.9044680691334729e+28,III_signgd,II_spike,0.176734693877551,0.27257835044093476
0.7448979591836734,0.1963265306122449,2.600479853988289e-32,4.3780353101943586e-13,9.3810193286826e+28,III_signgd,II_spike,0.1963265306122449,0.29494038580671944
0.7448979591836734,0.21591836734693876,1.674260986331962e-27,3.0708101386388165e-12,4.080096644365486e+20,III_signgd,II_spike,0.21591836734693876,0.31675041368227413
0.7448979591836734,0.23551020408163262,4.017233441762e-31,4.3727353419290933e-13,6.191788917711338e+25,III_signgd,II_spike,0.23551020408163262,0.33807051609020067
0.7448979591836734,0.25510204081632654,3.852424006829061e-21,2.277093381888308e-13,440154327127.0531,III_signgd,II_spike,0.25510204081632654,0.35895123321356215
0.7448979591836734,0.2746938775510204,4.462427610965135e-25,3.8890116987513584e-14,3.78680186074014e+16,III_signgd,II_spike,0.2746938775510204,0.3794344287204513
0.7448979591836734,0.29428571428571426,3.979359486171783e-31,3.24934707293498e-14,3.424346385582717e+25,III_signgd,II_spike,0.29428571428571426,0.39955529026532965
0.7448979591836734,0.31387755102040815,2.4742119144466373e-17,1.1852017780054443e-12,3031888.1238188986,III_signgd,III_signgd,0.31387755102040815,0.41934376641984905
0.7448979591836734,0.33346938775510204,6.3988134053853225e-31,6.36110314839408e-18,9.51283926527883e+23,III_signgd,I_stable,0.33346938775510204,0.4388256240669263
0.7448979591836734,0.35306122448979593,1.8746507710607274e-25,5.7482829835377215e-15,2.3773158994151024e+17,III_signgd,II_spike,0.35306122448979593,0.45802324290480784
0.7448979591836734,0.3726530612244898,6.487915570589187e-18,6.038706448944407e-16,2626364.4851958794,III_signgd,II_spike,0.3726530612244898,0.4769562233715155
0.7448979591836734,0.39224489795918366,1.1978763519243785e-22,3.683550707991957e-15,237788922905.98227,III_signgd,II_spike,0.39224489795918366,0.49564185930152915
0.7448979591836734,0.41183673469387755,2.0658909081869788e-33,1.0860788990870572e-19,2.9162159918912945e+27,III_signgd,I_stable,0.41183673469387755,0.5140955106577026
0.7448979591836734,0.43142857142857144,8.267157741718136e-35,1.6901264004305027e-15,2.8802962514991678e+29,III_signgd,II_spike,0.43142857142857144,0.5323309012057498
0.7448979591836734,0.4510204081632653,1.8666506496265533e-38,1.0433571366375032e-15,6.950336673389543e+33,III_signgd,II_spike,0.4510204081632653,0.5503603589627031
0.7448979591836734,0.47061224489795916,5.500018107098616e-27,6.752225471161228e-19,3.424170266804289e+16,III_signgd,I_stable,0.47061224489795916,0.5681950124246583
0.7448979591836734,0.49020408163265305,1.7492993573175904e-39,6.458216000307583e-16,4.1645690312897636e+35,III_signgd,II_spike,0.49020408163265305,0.5858449522056745
0.7448979591836734,0.509795918367347,4.6109848100097264e-35,5.972684397807968e-16,3.8981468341174217e+28,III_signgd,II_spike,0.509795918367347,0.6033193653210811
0.7448979591836734,0.5293877551020408,1.7250353112896325e-37,1.070424328524922e-18,2.8376590298729237e+32,III_signgd,I_stable,0.5293877551020408,0.6206266476163069
0.7448979591836734,0.5489795918367347,9.342551525732654e-35,3.484139407278532e-16,1.8654003809932245e+28,III_signgd,II_spike,0.5489795918367347,0.6377744985737119
0.7448979591836734,0.5685714285714285,6.304745985659391e-38,1.5894564324829536e-17,1.3503910715539045e+33,III_signgd,II_spike,0.5685714285714285,0.654770001788624
0.7448979591836734,0.5881632653061224,1.2851687510274017e-38,2.597316905432246e-17,2.95267824959861e+33,III_signgd,II_spike,0.5881632653061224,0.6716196936990277
0.7448979591836734,0.6077551020408163,1.313274620281607e-34,1.1555319997724562e-16,5.874564207010617e+27,III_signgd,II_spike,0.6077551020408163,0.6883296226168335
0.7448979591836734,0.6273469387755102,9.10012022233735e-40,1.1909424291945722e-17,1.7680942143934866e+36,III_signgd,I_stable,0.6273469387755102,0.7049053996971941
0.7448979591836734,0.6469387755102041,1.7460021145979125e-37,1.3985854441051568e-22,7.11782001754867e+31,III_signgd,I_stable,0.6469387755102041,0.7213522431638066
0.7448979591836734,0.666530612244898,3.908276290530246e-43,4.003154960909073e-20,6.610328903781203e+35,III_signgd,I_stable,0.666530612244898,0.7376750168593522
0.7448979591836734,0.6861224489795918,2.9217334372814756e-39,7.72061002172203e-24,7.611079573293067e+35,II_spike,I_stable,0.6861224489795918,0.753878263994344
0.7448979591836734,0.7057142857142857,6.753950192982603e-52,4.172523301882774e-17,1.752605411322972e+30,II_spike,II_spike,0.7057142857142857,0.7699662368122037
0.7448979591836734,0.7253061224489796,2.1102184742076274e-55,1.1022267667818589e-18,9.600340459119141e+38,II_spike,I_stable,0.7253061224489796,0.785942922764163
0.7448979591836734,0.7448979591836734,0.0,0.0,7.852158471884507e+103,I_stable,I_stable,0.7448979591836734,0.8018120676876266
0.7448979591836734,0.7644897959183673,0.0,0.0,8.778640957615113e+103,I_stable,I_stable,0.7644897959183673,0.8175771964006852
0.7448979591836734,0.7840816326530612,0.0,0.0,7.212543314112704e+103,I_stable,I_stable,0.7840816326530612,0.8332416310595315
0.7448979591836734,0.8036734693877551,0.0,0.0,6.898250536221526e+103,I_stable,I_stable,0.8036734693877551,0.8488085075715106
0.7448979591836734,0.823265306122449,0.0,0.0,6.377687822747432e+103,I_stable,I_stable,0.823265306122449,0.8642807903120353
0.7448979591836734,0.8428571428571429,0.0,0.0,7.106810242111768e+103,I_stable,I_stable,0.8428571428571429,0.8796612853567701
0.7448979591836734,0.8624489795918368,0.0,0.0,7.616759963860971e+103,I_stable,I_stable,0.8624489795918368,0.8949526524098372
0.7448979591836734,0.8820408163265305,0.0,0.0,9.323946777445384e+103,I_stable,I_stable,0.8820408163265305,0.910157415583198
0.7448979591836734,0.9016326530612244,0.0,0.0,1.1562163641802285e+104,I_stable,I_stable,0.9016326530612244,0.9252779731608697
0.7448979591836734,0.9212244897959183,0.0,0.0,1.6342009770549017e+104,I_stable,I_stable,0.9212244897959183,0.9403166064635249
0.7448979591836734,0.9408163265306122,0.0,0.0,2.6379416069909545e+104,I_stable,I_stable,0.9408163265306122,0.9552754879136958
0.7448979591836734,0.9604081632653061,0.0,0.0,5.49138685724823e+104,I_stable,I_stable,0.9604081632653061,0.9701566883887878
0.7448979591836734,0.98,0.0,0.0,2.0030683292534714e+105,I_stable,I_stable,0.98,0.9849621839380145
0.7644897959183673,0.02,4.501378321589151e-29,7.361347500129933e-07,1.951423330645938e+26,III_signgd,II_spike,0.02,0.053182958969449884
0.7644897959183673,0.03959183673469388,4.307230865116982e-26,5.3823772279445865e-11,4.370340333260787e+21,III_signgd,II_spike,0.03959183673469388,0.0887573316607622
0.7644897959183673,0.05918367346938776,4.1661517447945486e-27,3.3425681233097224e-09,5.982258806757105e+24,III_signgd,II_spike,0.05918367346938776,0.11999176412600944
0.7644897959183673,0.07877551020408163,7.15847664364393e-30,2.387508093212801e-10,6.276358121057246e+26,III_signgd,II_spike,0.07877551020408163,0.14869399108610135
0.7644897959183673,0.09836734693877551,6.583117741766297e-31,4.336174969586323e-14,1.8168087851901066e+28,III_signgd,II_spike,0.09836734693877551,0.17564598165422904
0.7644897959183673,0.11795918367346939,8.573816674513818e-30,3.1677336284846707e-10,5.031345475489914e+26,III_signgd,II_spike,0.11795918367346939,0.20127916346199196
0.7644897959183673,0.13755102040816325,6.884287419147398e-28,5.201639291897097e-12,2.2980843557069022e+23,III_signgd,II_spike,0.13755102040816325,0.2258644406312193
0.7644897959183673,0.1571428571428571,4.2910493802793e-29,1.6031851843454726e-11,2.1372034412570802e+24,III_signgd,II_spike,0.1571428571428571,0.24958643848936826
0.7644897959183673,0.176734693877551,1.9081491668003025e-34,7.847929641682084e-12,4.847431481091058e+32,III_signgd,II_spike,0.176734693877551,0.27257835044093476
0.7644897959183673,0.1963265306122449,3.962858618741779e-34,1.9111280041358867e-12,2.4416908629206494e+30,III_signgd,II_spike,0.1963265306122449,0.29494038580671944
0.7644897959183673,0.21591836734693876,9.5186450548612e-22,7.297736764351e-12,52964193806978.164,III_signgd,II_spike,0.21591836734693876,0.31675041368227413
0.7644897959183673,0.23551020408163262,2.775924715111852e-32,2.562259439310999e-13,2.9635620711011094e+27,III_signgd,II_spike,0.23551020408163262,0.33807051609020067
0.7644897959183673,0.25510204081632654,6.226051503495944e-33,4.012118946957887e-13,1.9123943202439268e+28,III_signgd,II_spike,0.25510204081632654,0.35895123321356215
0.7644897959183673,0.2746938775510204,5.770324862321277e-22,2.990768372812913e-14,5277200037454.393,III_signgd,II_spike,0.2746938775510204,0.3794344287204513
0.7644897959183673,0.29428571428571426,2.0934678385381407e-19,5.391755569351892e-14,97358340.66585821,III_signgd,II_spike,0.29428571428571426,0.39955529026532965
0.7644897959183673,0.31387755102040815,2.899870724777399e-24,8.771417682683838e-14,1074148941290379.0,III_signgd,II_spike,0.31387755102040815,0.41934376641984905
0.7644897959183673,0.33346938775510204,2.877523053553441e-19,6.383884964258118e-15,21522841030.952,III_signgd,II_spike,0.33346938775510204,0.4388256240669263
0.7644897959183673,0.35306122448979593,1.7518508684948828e-33,3.5265619864666067e-15,5.11675370614094e+27,III_signgd,II_spike,0.35306122448979593,0.45802324290480784
0.7644897959183673,0.3726530612244898,2.471730276557952e-30,1.7473189458521778e-17,7.651044118660875e+22,III_signgd,II_spike,0.3726530612244898,0.4769562233715155
0.7644897959183673,0.39224489795918366,3.987710701249667e-21,1.0348067894658228e-16,252867602286.64517,III_signgd,II_spike,0.39224489795918366,0.49564185930152915
0.7644897959183673,0.41183673469387755,8.014183505880042e-19,5.415978728761483e-16,1098176090.7688797,III_signgd,II_spike,0.41183673469387755,0.5140955106577026
0.7644897959183673,0.43142857142857144,1.977321621700205e-21,1.4570727692869318e-16,13057368173.083738,III_signgd,II_spike,0.43142857142857144,0.5323309012057498
0.7644897959183673,0.4510204081632653,1.726676511891938e-36,2.0691353121058993e-15,6.841503529204709e+31,III_signgd,II_spike,0.4510204081632653,0.5503603589627031
0.7644897959183673,0.47061224489795916,1.9379228619054305e-36,5.427029833729375e-15,4.732329978205786e+31,III_signgd,II_spike,0.47061224489795916,0.5681950124246583
0.7644897959183673,0.49020408163265305,7.488112127261922e-35,1.5384374754131668e-16,1.639830030703486e+29,III_signgd,II_spike,0.49020408163265305,0.5858449522056745
0.7644897959183673,0.509795918367347,3.080835307434828e-25,5.581602035451344e-17,152087949508163.38,III_signgd,II_spike,0.509795918367347,0.6033193653210811
0.7644897959183673,0.5293877551020408,1.5505413812061827e-40,3.672414336252357e-17,6.662156293074197e+36,III_signgd,II_spike,0.5293877551020408,0.6206266476163069
0.7644897959183673,0.5489795918367347,2.347327441277799e-38,1.1873764484299577e-18,2.695649138772545e+33,III_signgd,I_stable,0.5489795918367347,0.6377744985737119
0.7644897959183673,0.5685714285714285,1.5003677791484099e-37,2.122755857951869e-16,2.774633924303618e+31,III_signgd,II_spike,0.5685714285714285,0.654770001788624
0.7644897959183673,0.5881632653061224,2.2841510685234556e-39,3.604848379671988e-17,2.7993393972744112e+35,III_signgd,II_spike,0.5881632653061224,0.6716196936990277
0.7644897959183673,0.6077551020408163,1.3089326987906466e-41,1.6791144379292366e-17,1.4946664181297366e+38,III_signgd,II_spike,0.6077551020408163,0.6883296226168335
0.7644897959183673,0.6273469387755102,5.153183467596696e-34,1.1916867925889437e-15,4.622384579415573e+27,III_signgd,II_spike,0.6273469387755102,0.7049053996971941
0.7644897959183673,0.6469387755102041,3.296640295676609e-35,8.280436828688396e-21,1.3026794755770418e+28,III_signgd,I_stable,0.6469387755102041,0.7213522431638066
0.7644897959183673,0.666530612244898,1.0754883196298975e-37,1.5717181582690378e-15,3.5645548926359545e+31,III_signgd,II_spike,0.666530612244898,0.7376750168593522
0.7644897959183673,0.6861224489795918,2.2812615168942065e-39,3.402427849035031e-16,3.975047687439274e+33,III_signgd,II_spike,0.6861224489795918,0.753878263994344
0.7644897959183673,0.7057142857142857,2.7273166673167844e-42,1.3801601004749207e-16,2.7420329055996107e+35,II_spike,II_spike,0.7057142857142857,0.7699662368122037
0.7644897959183673,0.7253061224489796,6.181400241173348e-44,4.086584102182748e-18,3.4550385597031344e+40,II_spike,I_stable,0.7253061224489796,0.785942922764163
0.7644897959183673,0.7448979591836734,1.4682386417701977e-48,7.520076275440578e-21,8.990003277801026e+34,II_spike,I_stable,0.7448979591836734,0.8018120676876266
0.7644897959183673,0.7644897959183673,0.0,0.0,8.635492997296082e+103,I_stable,I_stable,0.7644897959183673,0.8175771964006852
0.7644897959183673,0.7840816326530612,0.0,0.0,1.0609144983581505e+104,I_stable,I_stable,0.7840816326530612,0.8332416310595315
0.7644897959183673,0.8036734693877551,0.0,0.0,8.957401022079304e+103,I_stable,I_stable,0.8036734693877551,0.8488085075715106
0.7644897959183673,0.823265306122449,0.0,0.0,8.366064924611326e+103,I_stable,I_stable,0.823265306122449,0.8642807903120353
0.7644897959183673,0.8428571428571429,0.0,0.0,7.931376471678263e+103,I_stable,I_stable,0.8428571428571429,0.8796612853567701
0.7644897959183673,0.8624489795918368,0.0,0.0,8.732336496359903e+103,I_stable,I_stable,0.8624489795918368,0.8949526524098372
0.7644897959183673,0.8820408163265305,0.0,0.0,1.021298438019778e+104,I_stable,I_stable,0.8820408163265305,0.910157415583198
0.7644897959183673,0.9016326530612244,0.0,0.0,1.2861326731746809e+104,I_stable,I_stable,0.9016326530612244,0.9252779731608697
0.7644897959183673,0.9212244897959183,0.0,0.0,1.7492159701486596e+104,I_stable,I_stable,0.9212244897959183,0.9403166064635249
0.7644897959183673,0.9408163265306122,0.0,0.0,2.7375555401128368e+104,I_stable,I_stable,0.9408163265306122,0.9552754879136958
0.7644897959183673,0.9604081632653061,0.0,0.0,5.570954744920798e+104,I_stable,I_stable,0.9604081632653061,0.9701566883887878
0.7644897959183673,0.98,0.0,0.0,2.0237531028197932e+105,I_stable,I_stable,0.98,0.9849621839380145
0.7840816326530612,0.02,3.6595486337997955e-25,3.0461823113410537e-08,9.612909518762487e+19,III_signgd,II_spike,0.02,0.053182958969449884
0.7840816326530612,0.03959183673469388,1.1924374093316082e-27,3.064747207350509e-09,1.3573688809867903e+23,III_signgd,II_spike,0.03959183673469388,0.0887573316607622
0.7840816326530612,0.05918367346938776,2.8320597322982797e-25,9.895699466997073e-11,4.425069378498957e+20,III_signgd,II_spike,0.05918367346938776,0.11999176412600944
0.7840816326530612,0.07877551020408163,8.664096420305887e-27,1.0623538511475474e-09,8.029845015045386e+22,III_signgd,II_spike,0.07877551020408163,0.14869399108610135
0.7840816326530612,0.09836734693877551,2.6165024598633407e-28,6.871433002283275e-11,2.3285857211069782e+23,III_signgd,II_spike,0.09836734693877551,0.17564598165422904
0.7840816326530612,0.11795918367346939,4.393848970671189e-28,2.991402568600655e-10,1.5932580949586546e+24,III_signgd,II_spike,0.11795918367346939,0.20127916346199196
0.7840816326530612,0.13755102040816325,1.2587764918972702e-28,1.9452014046255689e-10,3.063350778342914e+23,III_signgd,II_spike,0.13755102040816325,0.2258644406312193
0.7840816326530612,0.1571428571428571,1.1835224706995597e-26,2.741341611287893e-10,2.0478196174162405e+22,III_signgd,II_spike,0.1571428571428571,0.24958643848936826
0.7840816326530612,0.176734693877551,7.113468200662247e-30,5.982680285810771e-12,2.918089561300017e+26,III_signgd,II_spike,0.176734693877551,0.27257835044093476
0.7840816326530612,0.1963265306122449,1.4953879804365394e-33,8.047123642962264e-12,1.2396079966995506e+30,III_signgd,II_spike,0.1963265306122449,0.29494038580671944
0.7840816326530612,0.21591836734693876,1.0713167210988188e-33,5.287812847188471e-15,1.8247183669922961e+30,III_signgd,II_spike,0.21591836734693876,0.31675041368227413
0.7840816326530612,0.23551020408163262,4.7409921251964224e-29,3.0625672934032084e-12,1.5960447511650868e+23,III_signgd,II_spike,0.23551020408163262,0.33807051609020067
0.7840816326530612,0.25510204081632654,7.413418326891102e-32,2.7066997929929964e-13,3.625297049941325e+27,III_signgd,II_spike,0.25510204081632654,0.35895123321356215
0.7840816326530612,0.2746938775510204,8.42458137862345e-33,5.27990601022321e-14,7.106066352246457e+27,III_signgd,II_spike,0.2746938775510204,0.3794344287204513
0.7840816326530612,0.29428571428571426,1.1667696383424374e-33,1.109820875792614e-14,1.1038935058940673e+29,III_signgd,II_spike,0.29428571428571426,0.39955529026532965
0.7840816326530612,0.31387755102040815,1.2211324417000453e-18,6.849491878422518e-14,309646862456.08417,III_signgd,II_spike,0.31387755102040815,0.41934376641984905
0.7840816326530612,0.33346938775510204,3.2839571059344796e-21,3.7561888769330243e-14,12767245168128.963,III_signgd,II_spike,0.33346938775510204,0.4388256240669263
0.7840816326530612,0.35306122448979593,5.226106846149506e-33,1.0008903187101459e-13,6.580071357371226e+27,III_signgd,II_spike,0.35306122448979593,0.45802324290480784
0.7840816326530612,0.3726530612244898,1.5296253036748418e-21,2.1168120700074857e-16,1121317372256445.4,III_signgd,II_spike,0.3726530612244898,0.4769562233715155
0.7840816326530612,0.39224489795918366,1.0441450851609616e-33,2.1928101681787267e-16,9.429770355500288e+27,III_signgd,II_spike,0.39224489795918366,0.49564185930152915
0.7840816326530612,0.41183673469387755,7.568670675643825e-20,1.7896261760505696e-15,14095792955.524248,III_signgd,II_spike,0.41183673469387755,0.5140955106577026
0.7840816326530612,0.43142857142857144,5.861508302627299e-35,7.686273769064907e-16,3.633125183281438e+29,III_signgd,II_spike,0.43142857142857144,0.5323309012057498
0.7840816326530612,0.4510204081632653,2.1656121093392055e-22,2.5068276346921823e-16,269175486526.57574,III_signgd,II_spike,0.4510204081632653,0.5503603589627031
0.7840816326530612,0.47061224489795916,2.6965625879805057e-33,1.1593233518022185e-15,6.801944707005679e+26,III_signgd,II_spike,0.47061224489795916,0.5681950124246583
0.7840816326530612,0.49020408163265305,6.403165071194967e-38,4.610773793857226e-15,5.401832737556905e+33,III_signgd,II_spike,0.49020408163265305,0.5858449522056745
0.7840816326530612,0.509795918367347,1.1333687772576169e-36,6.158244278290026e-16,5.087571158562994e+31,III_signgd,II_spike,0.509795918367347,0.6033193653210811
0.7840816326530612,0.5293877551020408,4.930561875037054e-31,2.06216538821092e-16,1.630128791963573e+23,III_signgd,II_spike,0.5293877551020408,0.6206266476163069
0.7840816326530612,0.5489795918367347,7.514236197984851e-22,2.2095440602952873e-15,22971471105.200817,III_signgd,II_spike,0.5489795918367347,0.6377744985737119
0.7840816326530612,0.5685714285714285,1.7580440369625593e-22,8.050708727377443e-18,19204840505.724586,III_signgd,I_stable,0.5685714285714285,0.654770001788624
0.7840816326530612,0.5881632653061224,1.6206005576301075e-36,1.695579576105549e-16,2.893715502842004e+30,III_signgd,II_spike,0.5881632653061224,0.6716196936990277
0.7840816326530612,0.6077551020408163,3.570239512129205e-38,9.797432556623105e-18,1.8520632077086595e+33,III_signgd,I_stable,0.6077551020408163,0.6883296226168335
0.7840816326530612,0.6273469387755102,2.0669667451480266e-33,6.643712530794557e-19,2.5407408348052715e+25,III_signgd,I_stable,0.6273469387755102,0.7049053996971941
0.7840816326530612,0.6469387755102041,2.0158016854697982e-35,4.196004054549397e-18,2.0778275683814583e+29,III_signgd,I_stable,0.6469387755102041,0.7213522431638066
0.7840816326530612,0.666530612244898,2.3097845867987186e-37,4.620836615050694e-18,1.2617295572892272e+31,III_signgd,I_stable,0.666530612244898,0.7376750168593522
0.7840816326530612,0.6861224489795918,3.7632145386133954e-41,8.273167376399944e-17,1.1482752250164213e+37,III_signgd,II_spike,0.6861224489795918,0.753878263994344
0.7840816326530612,0.7057142857142857,6.184718842817195e-43,3.704611923702361e-16,1.0258746055398056e+30,III_signgd,II_spike,0.7057142857142857,0.7699662368122037
0.7840816326530612,0.7253061224489796,1.3936050459884159e-45,7.32116017037642e-17,6.782192145193697e+30,II_spike,II_spike,0.7253061224489796,0.785942922764163
0.7840816326530612,0.7448979591836734,1.798215865280906e-42,3.4500553688574516e-21,2.8004982220368227e+29,II_spike,I_stable,0.7448979591836734,0.8018120676876266
0.7840816326530612,0.7644897959183673,1.464107370702029e-49,1.5930968693419065e-18,5.114310447971819e+30,II_spike,I_stable,0.7644897959183673,0.8175771964006852
0.7840816326530612,0.7840816326530612,0.0,0.0,1.2237927422172587e+104,I_stable,I_stable,0.7840816326530612,0.8332416310595315
0.7840816326530612,0.8036734693877551,0.0,0.0,1.3028506309537319e+104,I_stable,I_stable,0.8036734693877551,0.8488085075715106
0.7840816326530612,0.823265306122449,0.0,0.0,1.0639643736962193e+104,I_stable,I_stable,0.823265306122449,0.8642807903120353
0.7840816326530612,0.8428571428571429,0.0,0.0,1.0027454114928315e+104,I_stable,I_stable,0.8428571428571429,0.8796612853567701
0.7840816326530612,0.8624489795918368,0.0,0.0,1.0222945542457593e+104,I_stable,I_stable,0.8624489795918368,0.8949526524098372
0.7840816326530612,0.8820408163265305,0.0,0.0,1.1285192637590526e+104,I_stable,I_stable,0.8820408163265305,0.910157415583198
0.7840816326530612,0.9016326530612244,0.0,0.0,1.360330599174914e+104,I_stable,I_stable,0.9016326530612244,0.9252779731608697
0.7840816326530612,0.9212244897959183,0.0,0.0,1.8668337787430713e+104,I_stable,I_stable,0.9212244897959183,0.9403166064635249
0.7840816326530612,0.9408163265306122,0.0,0.0,2.9145224400101436e+104,I_stable,I_stable,0.9408163265306122,0.9552754879136958
0.7840816326530612,0.9604081632653061,0.0,0.0,5.733876366318823e+104,I_stable,I_stable,0.9604081632653061,0.9701566883887878
0.7840816326530612,0.98,0.0,0.0,2.0342261125839808e+105,I_stable,I_stable,0.98,0.9849621839380145
0.8036734693877551,0.02,2.9919240509361663e-22,1.1660099664938137e-06,1.2128385433103252e+18,III_signgd,II_spike,0.02,0.053182958969449884
0.8036734693877551,0.03959183673469388,2.335873199045448e-26,1.3598563237617411e-08,2.7793779935001444e+23,III_signgd,II_spike,0.03959183673469388,0.0887573316607622
0.8036734693877551,0.05918367346938776,4.360227550724119e-28,2.8251263087198103e-09,2.0485484274951633e+26,III_signgd,II_spike,0.05918367346938776,0.11999176412600944
0.8036734693877551,0.07877551020408163,1.3722914809894335e-25,7.414225298776542e-10,4.768064054407515e+20,III_signgd,II_spike,0.07877551020408163,0.14869399108610135
0.8036734693877551,0.09836734693877551,4.54712709385437e-32,2.0495127580504388e-10,9.010215324141725e+29,III_signgd,II_spike,0.09836734693877551,0.17564598165422904
0.8036734693877551,0.11795918367346939,1.7948870275914718e-27,2.123544522895498e-09,3.142816256456217e+23,III_signgd,II_spike,0.11795918367346939,0.20127916346199196
0.8036734693877551,0.13755102040816325,2.672802300577381e-29,3.0210481493008405e-15,1.6012624976896587e+26,III_signgd,II_spike,0.13755102040816325,0.2258644406312193
0.8036734693877551,0.1571428571428571,2.4592127990489085e-29,1.191121698325202e-10,1.0535382545940062e+26,III_signgd,II_spike,0.1571428571428571,0.24958643848936826
0.8036734693877551,0.176734693877551,6.718705102518578e-30,2.7334582323644246e-13,3.005831988119479e+26,III_signgd,II_spike,0.176734693877551,0.27257835044093476
0.8036734693877551,0.1963265306122449,8.622056080641996e-34,4.164793591657333e-12,1.3801094668000866e+31,III_signgd,II_spike,0.1963265306122449,0.29494038580671944
0.8036734693877551,0.21591836734693876,1.3768172790712924e-28,1.9482680214846312e-12,8.5870626977006e+22,III_signgd,II_spike,0.21591836734693876,0.31675041368227413
0.8036734693877551,0.23551020408163262,2.1865228958430687e-29,8.286358549674467e-13,4.3270433047147355e+24,III_signgd,II_spike,0.23551020408163262,0.33807051609020067
0.8036734693877551,0.25510204081632654,2.434875581974258e-33,2.7722795374814726e-13,4.1496588184924635e+29,III_signgd,II_spike,0.25510204081632654,0.35895123321356215
0.8036734693877551,0.2746938775510204,8.377849889088399e-17,1.1212321336345046e-16,2442377612.271686,III_signgd,III_signgd,0.2746938775510204,0.3794344287204513
0.8036734693877551,0.29428571428571426,2.4933091251545725e-32,1.918970651947506e-13,4.439085563879434e+28,III_signgd,II_spike,0.29428571428571426,0.39955529026532965
0.8036734693877551,0.31387755102040815,2.878046469771219e-29,5.910811554414612e-13,2.169448333455484e+23,III_signgd,II_spike,0.31387755102040815,0.41934376641984905
0.8036734693877551,0.33346938775510204,3.0480836082400016e-20,2.813305123862947e-16,3934573768.142231,III_signgd,II_spike,0.33346938775510204,0.4388256240669263
0.8036734693877551,0.35306122448979593,1.1855604926012341e-29,2.4758906568380658e-14,2.711560746802611e+23,III_signgd,II_spike,0.35306122448979593,0.45802324290480784
0.8036734693877551,0.3726530612244898,1.1184870875625981e-23,5.836888672271027e-15,43345542124310.13,III_signgd,II_spike,0.3726530612244898,0.4769562233715155
0.8036734693877551,0.39224489795918366,7.455749629744796e-39,1.9282184593190536e-15,1.883042375991198e+36,III_signgd,II_spike,0.39224489795918366,0.49564185930152915
0.8036734693877551,0.41183673469387755,5.375411936088538e-39,5.003955780766389e-15,2.3167742844620887e+36,III_signgd,II_spike,0.41183673469387755,0.5140955106577026
0.8036734693877551,0.43142857142857144,1.3876745441905676e-27,3.124113589293953e-15,3.270257798812285e+18,III_signgd,II_spike,0.43142857142857144,0.5323309012057498
0.8036734693877551,0.4510204081632653,5.82213073235791e-29,3.298465386118142e-17,2.2580181911843068e+20,III_signgd,II_spike,0.4510204081632653,0.5503603589627031
0.8036734693877551,0.47061224489795916,1.4686114935132345e-35,2.617482913453694e-16,1.540199229857023e+30,III_signgd,II_spike,0.47061224489795916,0.5681950124246583
0.8036734693877551,0.49020408163265305,8.007022636086429e-21,6.261640718464662e-15,237669878486676.22,III_signgd,II_spike,0.49020408163265305,0.5858449522056745
0.8036734693877551,0.509795918367347,6.740155058252283e-36,4.948141047398574e-15,3.013689058784403e+30,III_signgd,II_spike,0.509795918367347,0.6033193653210811
0.8036734693877551,0.5293877551020408,1.1057776866822423e-34,1.5712078941274913e-20,4.0219671804328905e+28,III_signgd,I_stable,0.5293877551020408,0.6206266476163069
0.8036734693877551,0.5489795918367347,6.0198615318218793e-33,1.380549401026518e-16,6.599093364096372e+25,III_signgd,II_spike,0.5489795918367347,0.6377744985737119
0.8036734693877551,0.5685714285714285,4.675480927321319e-37,1.1520547992798625e-15,1.084326992339717e+31,III_signgd,II_spike,0.5685714285714285,0.654770001788624
0.8036734693877551,0.5881632653061224,5.2879603751406e-37,9.638873243516695e-19,8.658349107896959e+30,III_signgd,I_stable,0.5881632653061224,0.6716196936990277
0.8036734693877551,0.6077551020408163,8.221047364386265e-39,1.8998071226479028e-16,7.197914576602941e+33,III_signgd,II_spike,0.6077551020408163,0.6883296226168335
0.8036734693877551,0.6273469387755102,4.543562487893833e-32,6.429110376044273e-19,2.5208450388922373e+24,III_signgd,I_stable,0.6273469387755102,0.7049053996971941
0.8036734693877551,0.6469387755102041,6.899817740272858e-29,3.142762386241846e-15,4.10881584973325e+19,III_signgd,II_spike,0.6469387755102041,0.7213522431638066
0.8036734693877551,0.666530612244898,1.5885789065421704e-37,1.6789988246397434e-20,2.616130015876578e+31,III_signgd,I_stable,0.666530612244898,0.7376750168593522
0.8036734693877551,0.6861224489795918,1.043116157897333e-36,3.206339417779028e-20,4.920045365606155e+30,III_signgd,I_stable,0.6861224489795918,0.753878263994344
0.8036734693877551,0.7057142857142857,1.2432203622714623e-40,6.616856225726193e-17,2.0455615410911164e+35,III_signgd,II_spike,0.7057142857142857,0.7699662368122037
0.8036734693877551,0.7253061224489796,9.502418635306995e-45,6.838513772938646e-23,7.415230223871309e+30,III_signgd,I_stable,0.7253061224489796,0.785942922764163
0.8036734693877551,0.7448979591836734,1.464424797278369e-45,8.478756233869514e-18,7.069039303676816e+27,III_signgd,I_stable,0.7448979591836734,0.8018120676876266
0.8036734693877551,0.7644897959183673,8.351686814845925e-50,1.498699204948901e-16,6.882826573266946e+33,II_spike,II_spike,0.7644897959183673,0.8175771964006852
0.8036734693877551,0.7840816326530612,7.970071255230093e-56,1.210783864885408e-16,4.3588473497949796e+39,II_spike,II_spike,0.7840816326530612,0.8332416310595315
0.8036734693877551,0.8036734693877551,0.0,0.0,1.5610240529355214e+104,I_stable,I_stable,0.8036734693877551,0.8488085075715106
0.8036734693877551,0.823265306122449,0.0,0.0,1.570583145693656e+104,I_stable,I_stable,0.823265306122449,0.8642807903120353
0.8036734693877551,0.8428571428571429,0.0,0.0,1.2757080072061284e+104,I_stable,I_stable,0.8428571428571429,0.8796612853567701
0.8036734693877551,0.8624489795918368,0.0,0.0,1.2680973620431025e+104,I_stable,I_stable,0.8624489795918368,0.8949526524098372
0.8036734693877551,0.8820408163265305,0.0,0.0,1.291121600645977e+104,I_stable,I_stable,0.8820408163265305,0.910157415583198
0.8036734693877551,0.9016326530612244,0.0,0.0,1.5449743672230938e+104,I_stable,I_stable,0.9016326530612244,0.9252779731608697
0.8036734693877551,0.9212244897959183,0.0,0.0,2.01009543258836e+104,I_stable,I_stable,0.9212244897959183,0.9403166064635249
0.8036734693877551,0.9408163265306122,0.0,0.0,3.0165027625116017e+104,I_stable,I_stable,0.9408163265306122,0.9552754879136958
0.8036734693877551,0.9604081632653061,0.0,0.0,6.010267836411615e+104,I_stable,I_stable,0.9604081632653061,0.9701566883887878
0.8036734693877551,0.98,0.0,0.0,2.060815587148702e+105,I_stable,I_stable,0.98,0.9849621839380145
0.823265306122449,0.02,5.438113524822071e-23,9.461439351215205e-07,2.0954562795604362e+18,III_signgd,II_spike,0.02,0.053182958969449884
0.823265306122449,0.03959183673469388,1.7449336651021788e-25,5.408010778769009e-07,7.486456917090033e+21,III_signgd,II_spike,0.03959183673469388,0.0887573316607622
0.823265306122449,0.05918367346938776,6.615915864524763e-28,4.1510662046565415e-10,6.555353384208006e+23,III_signgd,II_spike,0.05918367346938776,0.11999176412600944
0.823265306122449,0.07877551020408163,1.0676700537098554e-25,4.3227722701777544e-09,3.0510174799062644e+20,III_signgd,II_spike,0.07877551020408163,0.14869399108610135
0.823265306122449,0.09836734693877551,9.444666305260207e-27,6.6382889738270524e-12,1.0881447476676214e+23,III_signgd,II_spike,0.09836734693877551,0.17564598165422904
0.823265306122449,0.11795918367346939,8.551007564883833e-32,1.260262184154084e-11,1.2975738715711475e+30,III_signgd,II_spike,0.11795918367346939,0.20127916346199196
0.823265306122449,0.13755102040816325,3.258008657350623e-27,1.9552761849118903e-10,1.3396204356224851e+24,III_signgd,II_spike,0.13755102040816325,0.2258644406312193
0.823265306122449,0.1571428571428571,6.264018247926994e-28,2.1745596976871177e-10,9.192072214472096e+23,III_signgd,II_spike,0.1571428571428571,0.24958643848936826
0.823265306122449,0.176734693877551,4.26128684477582e-23,6.202087080295737e-13,1.6094236859197312e+16,III_signgd,II_spike,0.176734693877551,0.27257835044093476
0.823265306122449,0.1963265306122449,3.6000712254271943e-28,2.6273360409596556e-12,6.308869675674363e+22,III_signgd,II_spike,0.1963265306122449,0.29494038580671944
0.823265306122449,0.21591836734693876,2.4635099434251739e-32,1.0132118140090152e-12,3.514537215741844e+29,III_signgd,II_spike,0.21591836734693876,0.31675041368227413
0.823265306122449,0.23551020408163262,2.089168497561173e-33,3.207305284067437e-11,1.040585992060729e+31,III_signgd,II_spike,0.23551020408163262,0.33807051609020067
0.823265306122449,0.25510204081632654,7.836168282570343e-27,1.9098762031092146e-11,1.6433830043028822e+20,III_signgd,II_spike,0.25510204081632654,0.35895123321356215
0.823265306122449,0.2746938775510204,6.102645260054941e-31,9.56795180484684e-16,2.0320367340968267e+26,III_signgd,II_spike,0.2746938775510204,0.3794344287204513
0.823265306122449,0.29428571428571426,4.3415320380969957e-32,2.2998487159715883e-13,6.8731411710757e+27,III_signgd,II_spike,0.29428571428571426,0.39955529026532965
0.823265306122449,0.31387755102040815,3.67234318282728e-32,4.263282332669041e-13,4.127569684848045e+27,III_signgd,II_spike,0.31387755102040815,0.41934376641984905
0.823265306122449,0.33346938775510204,6.364443323986241e-17,3.1145138510419186e-13,168397614.84887707,III_signgd,III_signgd,0.33346938775510204,0.4388256240669263
0.823265306122449,0.35306122448979593,4.486745496475063e-20,1.7708956088778418e-16,936330378.1281033,III_signgd,II_spike,0.35306122448979593,0.45802324290480784
0.823265306122449,0.3726530612244898,3.545720785303052e-24,1.0496819101048184e-13,5623870837896211.0,III_signgd,II_spike,0.3726530612244898,0.4769562233715155
0.823265306122449,0.39224489795918366,1.0471219978602234e-22,1.1987756781464342e-16,141214710107564.44,III_signgd,II_spike,0.39224489795918366,0.49564185930152915
0.823265306122449,0.41183673469387755,8.46609725125649e-19,3.754417288675033e-14,1000465497.5331457,III_signgd,II_spike,0.41183673469387755,0.5140955106577026
0.823265306122449,0.43142857142857144,1.2320452204931497e-32,1.7838126239515617e-16,4.4778072564408206e+26,III_signgd,II_spike,0.43142857142857144,0.5323309012057498
0.823265306122449,0.4510204081632653,1.210687185376222e-23,7.659325783642069e-15,3.0367952350358124e+16,III_signgd,II_spike,0.4510204081632653,0.5503603589627031
0.823265306122449,0.47061224489795916,4.6035461146952755e-35,1.9003571770409356e-14,9.284286673402079e+29,III_signgd,II_spike,0.47061224489795916,0.5681950124246583
0.823265306122449,0.49020408163265305,4.970986033521337e-24,7.89249152588967e-18,13548606346575.928,III_signgd,I_stable,0.49020408163265305,0.5858449522056745
0.823265306122449,0.509795918367347,9.843654681148717e-34,2.9023328121976176e-16,1.4150319746454838e+27,III_signgd,II_spike,0.509795918367347,0.6033193653210811
0.823265306122449,0.5293877551020408,2.760819536581392e-22,4.19001210414686e-16,8191014951.40282,III_signgd,II_spike,0.5293877551020408,0.6206266476163069
0.823265306122449,0.5489795918367347,1.1493287808745206e-24,6.025733997965339e-16,276231629524737.22,III_signgd,II_spike,0.5489795918367347,0.6377744985737119
0.823265306122449,0.5685714285714285,1.0879722463665228e-20,3.461859169208522e-15,141433605.6687466,III_signgd,II_spike,0.5685714285714285,0.654770001788624
0.823265306122449,0.5881632653061224,2.7295544386227612e-36,2.5320178865743412e-15,3.8805964339252596e+30,III_signgd,II_spike,0.5881632653061224,0.6716196936990277
0.823265306122449,0.6077551020408163,5.244330641820009e-36,7.799222640317984e-17,1.5851499512439522e+29,III_signgd,II_spike,0.6077551020408163,0.6883296226168335
0.823265306122449,0.6273469387755102,1.7120146567605006e-35,1.2888529321818347e-15,2.507376370806081e+28,III_signgd,II_spike,0.6273469387755102,0.7049053996971941
0.823265306122449,0.6469387755102041,9.746356061396417e-36,5.008874313348509e-16,6.62756253296883e+28,III_signgd,II_spike,0.6469387755102041,0.7213522431638066
0.823265306122449,0.666530612244898,5.4297316742012094e-36,2.0309810721371113e-17,2.0533627140162697e+29,III_signgd,II_spike,0.666530612244898,0.7376750168593522
0.823265306122449,0.6861224489795918,3.80951595954127e-36,5.265147116356764e-17,1.2036733726220853e+29,III_signgd,II_spike,0.6861224489795918,0.753878263994344
0.823265306122449,0.7057142857142857,3.9418851699679e-36,3.4649692710135695e-17,2.6670833820891243e+29,III_signgd,II_spike,0.7057142857142857,0.7699662368122037
0.823265306122449,0.7253061224489796,1.8287962279216863e-39,2.5116541154913003e-16,2.2007747179448706e+34,III_signgd,II_spike,0.7253061224489796,0.785942922764163
0.823265306122449,0.7448979591836734,1.0409601654875485e-45,1.7968056579820974e-17,6.778982706012818e+28,III_signgd,II_spike,0.7448979591836734,0.8018120676876266
0.823265306122449,0.7644897959183673,1.0706152689960203e-54,1.2823864675419745e-15,1.253828594371689e+31,III_signgd,II_spike,0.7644897959183673,0.8175771964006852
0.823265306122449,0.7840816326530612,1.852702611179365e-53,1.0467027859448312e-15,1.3192202090286345e+43,II_spike,II_spike,0.7840816326530612,0.8332416310595315
0.823265306122449,0.8036734693877551,5.660903060186517e-49,7.339702625459729e-16,1.6709891392600365e+43,II_spike,II_spike,0.8036734693877551,0.8488085075715106
0.823265306122449,0.823265306122449,0.0,0.0,2.665681678144513e+104,I_stable,I_stable,0.823265306122449,0.8642807903120353
0.823265306122449,0.8428571428571429,0.0,0.0,1.9602393044221748e+104,I_stable,I_stable,0.8428571428571429,0.8796612853567701
0.823265306122449,0.8624489795918368,0.0,0.0,1.645219344979195e+104,I_stable,I_stable,0.8624489795918368,0.8949526524098372
0.823265306122449,0.8820408163265305,0.0,0.0,1.5945411383147675e+104,I_stable,I_stable,0.8820408163265305,0.910157415583198
0.823265306122449,0.9016326530612244,0.0,0.0,1.7485699392536424e+104,I_stable,I_stable,0.9016326530612244,0.9252779731608697
0.823265306122449,0.9212244897959183,0.0,0.0,2.2264831312511703e+104,I_stable,I_stable,0.9212244897959183,0.9403166064635249
0.823265306122449,0.9408163265306122,0.0,0.0,3.264524418207053e+104,I_stable,I_stable,0.9408163265306122,0.9552754879136958
0.823265306122449,0.9604081632653061,0.0,0.0,6.206037870878034e+104,I_stable,I_stable,0.9604081632653061,0.9701566883887878
0.823265306122449,0.98,0.0,0.0,2.1079061067113608e+105,I_stable,I_stable,0.98,0.9849621839380145
0.8428571428571429,0.02,5.109595453070116e-24,2.4616696325289755e-07,6.081427701989735e+20,III_signgd,II_spike,0.02,0.053182958969449884
0.8428571428571429,0.03959183673469388,2.9210995553728226e-26,2.499256389938559e-07,1.0909376317045317e+23,III_signgd,II_spike,0.03959183673469388,0.0887573316607622
0.8428571428571429,0.05918367346938776,4.9233787348466965e-28,1.504114917383268e-08,1.0993785912740129e+26,III_signgd,II_spike,0.05918367346938776,0.11999176412600944
0.8428571428571429,0.07877551020408163,1.4513198257134576e-28,1.3718489917357811e-08,3.590878371039299e+25,III_signgd,II_spike,0.07877551020408163,0.14869399108610135
0.8428571428571429,0.09836734693877551,1.0024696687123518e-27,3.076437758576453e-11,5.918673143566105e+24,III_signgd,II_spike,0.09836734693877551,0.17564598165422904
0.8428571428571429,0.11795918367346939,8.163525260047591e-26,4.518825198098405e-09,4.9040361136575814e+20,III_signgd,II_spike,0.11795918367346939,0.20127916346199196
0.8428571428571429,0.13755102040816325,3.962576105734482e-27,1.1540765354298183e-09,6.793712242214876e+23,III_signgd,II_spike,0.13755102040816325,0.2258644406312193
0.8428571428571429,0.1571428571428571,1.1239086415727969e-30,7.310566173501032e-11,1.445288369488875e+27,III_signgd,II_spike,0.1571428571428571,0.24958643848936826
0.8428571428571429,0.176734693877551,1.4598050283856954e-30,4.461649059605226e-11,6.71829333669047e+27,III_signgd,II_spike,0.176734693877551,0.27257835044093476
0.8428571428571429,0.1963265306122449,6.814128733454189e-32,1.766187027586604e-10,1.683517502870593e+29,III_signgd,II_spike,0.1963265306122449,0.29494038580671944
0.8428571428571429,0.21591836734693876,1.3099290653857238e-30,4.173472190264056e-16,5.372750249459044e+27,III_signgd,II_spike,0.21591836734693876,0.31675041368227413
0.8428571428571429,0.23551020408163262,4.004702126919491e-32,1.0939702496592117e-12,2.800315450033087e+29,III_signgd,II_spike,0.23551020408163262,0.33807051609020067
0.8428571428571429,0.25510204081632654,1.20581925494455e-31,7.956916850846409e-12,2.7453792634490125e+27,III_signgd,II_spike,0.25510204081632654,0.35895123321356215
0.8428571428571429,0.2746938775510204,5.905067882285955e-33,5.48492063630515e-12,1.1275390865795691e+30,III_signgd,II_spike,0.2746938775510204,0.3794344287204513
0.8428571428571429,0.29428571428571426,1.078508710283095e-33,4.813060066043193e-13,3.57302025330823e+30,III_signgd,II_spike,0.29428571428571426,0.39955529026532965
0.8428571428571429,0.31387755102040815,8.396786566939924e-32,5.266297056543835e-13,2.541126169482546e+27,III_signgd,II_spike,0.31387755102040815,0.41934376641984905
0.8428571428571429,0.33346938775510204,2.2721587511307117e-29,4.594724169615979e-12,2.2589187728879616e+24,III_signgd,II_spike,0.33346938775510204,0.4388256240669263
0.8428571428571429,0.35306122448979593,1.2540495561728972e-22,8.337660894737035e-13,35449508753202.17,III_signgd,II_spike,0.35306122448979593,0.45802324290480784
0.8428571428571429,0.3726530612244898,3.9627977478971463e-19,3.3060523116429352e-12,6075285918.885119,III_signgd,II_spike,0.3726530612244898,0.4769562233715155
0.8428571428571429,0.39224489795918366,2.772463972027848e-20,3.370472827726155e-15,2203709168.0074153,III_signgd,II_spike,0.39224489795918366,0.49564185930152915
0.8428571428571429,0.41183673469387755,1.1302928689872929e-20,1.557700847814811e-13,444569856268.51855,III_signgd,II_spike,0.41183673469387755,0.5140955106577026
0.8428571428571429,0.43142857142857144,1.0412396951217705e-31,6.293141240604369e-16,7.5161839621754254e+25,III_signgd,II_spike,0.43142857142857144,0.5323309012057498
0.8428571428571429,0.4510204081632653,1.5012185991557662e-39,2.557834872700181e-16,7.365247606257507e+36,III_signgd,II_spike,0.4510204081632653,0.5503603589627031
0.8428571428571429,0.47061224489795916,1.9004975568629075e-23,3.189297198173229e-15,250449979774645.16,III_signgd,II_spike,0.47061224489795916,0.5681950124246583
0.8428571428571429,0.49020408163265305,1.634579538658802e-21,5.980305615614214e-14,28673641114.426296,III_signgd,II_spike,0.49020408163265305,0.5858449522056745
0.8428571428571429,0.509795918367347,9.932292425709057e-34,7.984898082607333e-17,4.883690866039435e+27,III_signgd,II_spike,0.509795918367347,0.6033193653210811
0.8428571428571429,0.5293877551020408,5.1105299972962185e-21,2.8887845358836772e-15,912784530.4720969,III_signgd,II_spike,0.5293877551020408,0.6206266476163069
0.8428571428571429,0.5489795918367347,5.868660368986325e-26,2.608691822283558e-17,4.5277821521794394e+17,III_signgd,II_spike,0.5489795918367347,0.6377744985737119
0.8428571428571429,0.5685714285714285,3.485131556512364e-37,4.65729775291337e-16,7.345909983931044e+31,III_signgd,II_spike,0.5685714285714285,0.654770001788624
0.8428571428571429,0.5881632653061224,4.0507290549453445e-27,2.0390327841706956e-15,3.010890549130649e+17,III_signgd,II_spike,0.5881632653061224,0.6716196936990277
0.8428571428571429,0.6077551020408163,2.3490780654980607e-35,2.52942760865099e-16,8.958649456154191e+28,III_signgd,II_spike,0.6077551020408163,0.6883296226168335
0.8428571428571429,0.6273469387755102,9.703093456656005e-35,3.8323878936087704e-16,1.554753623566373e+28,III_signgd,II_spike,0.6273469387755102,0.7049053996971941
0.8428571428571429,0.6469387755102041,6.157636187620514e-34,1.9657875019157586e-15,1.0430104363415428e+27,III_signgd,II_spike,0.6469387755102041,0.7213522431638066
0.8428571428571429,0.666530612244898,1.2643497305771531e-33,9.616086363871355e-16,1.3098289797404654e+26,III_signgd,II_spike,0.666530612244898,0.7376750168593522
0.8428571428571429,0.6861224489795918,3.6950926081148846e-35,1.9917292222509842e-21,3.501104106500147e+27,III_signgd,I_stable,0.6861224489795918,0.753878263994344
0.8428571428571429,0.7057142857142857,3.6582021552357084e-37,3.8556952082410643e-16,2.9240456515267605e+29,III_signgd,II_spike,0.7057142857142857,0.7699662368122037
0.8428571428571429,0.7253061224489796,9.295825153636363e-38,1.324174348258329e-15,1.285171845965709e+30,III_signgd,II_spike,0.7253061224489796,0.785942922764163
0.8428571428571429,0.7448979591836734,2.2560302932725615e-38,7.044836563474205e-18,1.1167002216512422e+30,III_signgd,I_stable,0.7448979591836734,0.8018120676876266
0.8428571428571429,0.7644897959183673,1.2956513827867897e-42,2.7938427970860206e-16,1.877928327300818e+36,III_signgd,II_spike,0.7644897959183673,0.8175771964006852
0.8428571428571429,0.7840816326530612,1.8321619353730018e-53,4.7508871316333545e-17,7.171616221654028e+34,III_signgd,II_spike,0.7840816326530612,0.8332416310595315
0.8428571428571429,0.8036734693877551,5.882941173723559e-43,1.0310061748267902e-17,3.308164880294476e+28,II_spike,I_stable,0.8036734693877551,0.8488085075715106
0.8428571428571429,0.823265306122449,4.327547032329925e-71,1.2930699447416486e-45,3.89466659709002e+42,II_spike,I_stable,0.823265306122449,0.8642807903120353
0.8428571428571429,0.8428571428571429,0.0,0.0,3.775574025461162e+104,I_stable,I_stable,0.8428571428571429,0.8796612853567701
0.8428571428571429,0.8624489795918368,0.0,0.0,2.504262205156303e+104,I_stable,I_stable,0.8624489795918368,0.8949526524098372
0.8428571428571429,0.8820408163265305,0.0,0.0,2.1444076807705976e+104,I_stable,I_stable,0.8820408163265305,0.910157415583198
0.8428571428571429,0.9016326530612244,0.0,0.0,2.1742346568101562e+104,I_stable,I_stable,0.9016326530612244,0.9252779731608697
0.8428571428571429,0.9212244897959183,0.0,0.0,2.5078050044624422e+104,I_stable,I_stable,0.9212244897959183,0.9403166064635249
0.8428571428571429,0.9408163265306122,0.0,0.0,3.5399420232045785e+104,I_stable,I_stable,0.9408163265306122,0.9552754879136958
0.8428571428571429,0.9604081632653061,0.0,0.0,6.505175369083528e+104,I_stable,I_stable,0.9604081632653061,0.9701566883887878
0.8428571428571429,0.98,0.0,0.0,2.164178860295696e+105,I_stable,I_stable,0.98,0.9849621839380145
0.8624489795918368,0.02,2.2893147830305922e-23,1.7839145269379674e-06,5.054524479500035e+20,III_signgd,II_spike,0.02,0.053182958969449884
0.8624489795918368,0.03959183673469388,3.018917616613873e-25,3.165165305742468e-06,5.3773217974202466e+20,III_signgd,II_spike,0.03959183673469388,0.0887573316607622
0.8624489795918368,0.05918367346938776,1.0368300210907454e-23,3.1754325073537744e-07,4.434219952122911e+19,III_signgd,II_spike,0.05918367346938776,0.11999176412600944
0.8624489795918368,0.07877551020408163,1.1250922568212465e-24,3.7836178357730933e-10,1.1034355838288758e+21,III_signgd,II_spike,0.07877551020408163,0.14869399108610135
0.8624489795918368,0.09836734693877551,1.973473236011783e-26,3.663521761530832e-08,1.025217697685654e+23,III_signgd,II_spike,0.09836734693877551,0.17564598165422904
0.8624489795918368,0.11795918367346939,9.129630099872843e-28,4.289283915299565e-09,3.3520673105802614e+23,III_signgd,II_spike,0.11795918367346939,0.20127916346199196
0.8624489795918368,0.13755102040816325,5.404322741490289e-31,4.262265671888266e-09,1.1803294450017686e+28,III_signgd,II_spike,0.13755102040816325,0.2258644406312193
0.8624489795918368,0.1571428571428571,4.967039038551618e-30,7.932998258395897e-11,1.1964460887417702e+27,III_signgd,II_spike,0.1571428571428571,0.24958643848936826
0.8624489795918368,0.176734693877551,1.3707779174777098e-27,9.676058727749377e-11,4.6546284871817945e+21,III_signgd,II_spike,0.176734693877551,0.27257835044093476
0.8624489795918368,0.1963265306122449,1.5576826223571157e-34,2.3354763879788658e-11,1.808997106750844e+33,III_signgd,II_spike,0.1963265306122449,0.29494038580671944
0.8624489795918368,0.21591836734693876,2.055122526598721e-30,1.6220095676485995e-12,8.870368836922253e+25,III_signgd,II_spike,0.21591836734693876,0.31675041368227413
0.8624489795918368,0.23551020408163262,1.1125002123457207e-26,2.326780599443012e-12,4.318663301079819e+21,III_signgd,II_spike,0.23551020408163262,0.33807051609020067
0.8624489795918368,0.25510204081632654,2.641549674621984e-29,6.064248649816496e-14,2.90029458184649e+25,III_signgd,II_spike,0.25510204081632654,0.35895123321356215
0.8624489795918368,0.2746938775510204,1.2981678624027715e-32,1.2182174790240668e-11,6.916043037810087e+29,III_signgd,II_spike,0.2746938775510204,0.3794344287204513
0.8624489795918368,0.29428571428571426,1.2434755526347807e-31,1.3103158407310326e-15,7.430776910305794e+27,III_signgd,II_spike,0.29428571428571426,0.39955529026532965
0.8624489795918368,0.31387755102040815,7.622041263281857e-29,3.361583680216827e-13,3.703299447230528e+23,III_signgd,II_spike,0.31387755102040815,0.41934376641984905
0.8624489795918368,0.33346938775510204,4.901290605508589e-36,1.7017472642421522e-12,3.6625419131072513e+33,III_signgd,II_spike,0.33346938775510204,0.4388256240669263
0.8624489795918368,0.35306122448979593,1.4586840842092977e-21,4.935476678477825e-13,3228772600504.3394,III_signgd,II_spike,0.35306122448979593,0.45802324290480784
0.8624489795918368,0.3726530612244898,4.4694274895186963e-32,9.403471713595445e-14,1.2032147261691942e+28,III_signgd,II_spike,0.3726530612244898,0.4769562233715155
0.8624489795918368,0.39224489795918366,9.339389594717109e-21,6.522205147588425e-13,26895881972.593727,III_signgd,II_spike,0.39224489795918366,0.49564185930152915
0.8624489795918368,0.41183673469387755,7.261121579891295e-25,1.750715148451828e-14,2.424911993587014e+16,III_signgd,II_spike,0.41183673469387755,0.5140955106577026
0.8624489795918368,0.43142857142857144,1.95193745278665e-20,1.1860777277095765e-12,28481774881.790787,III_signgd,II_spike,0.43142857142857144,0.5323309012057498
0.8624489795918368,0.4510204081632653,3.431349817783735e-24,9.765754305119351e-18,399091112407296.0,III_signgd,I_stable,0.4510204081632653,0.5503603589627031
0.8624489795918368,0.47061224489795916,2.9665227358713384e-37,1.2820946610875962e-18,7.76960279859649e+33,III_signgd,I_stable,0.47061224489795916,0.5681950124246583
0.8624489795918368,0.49020408163265305,6.238118287147928e-38,2.5260987969061755e-17,5.785040465935031e+34,III_signgd,II_spike,0.49020408163265305,0.5858449522056745
0.8624489795918368,0.509795918367347,2.284918790139166e-35,1.7026598376781543e-15,1.301360576063999e+30,III_signgd,II_spike,0.509795918367347,0.6033193653210811
0.8624489795918368,0.5293877551020408,6.98794183691743e-36,2.528137004047721e-15,5.76080889918998e+30,III_signgd,II_spike,0.5293877551020408,0.6206266476163069
0.8624489795918368,0.5489795918367347,1.66616024460722e-34,5.142481805734031e-17,3.5102663946354317e+28,III_signgd,II_spike,0.5489795918367347,0.6377744985737119
0.8624489795918368,0.5685714285714285,3.1587206942522775e-36,7.123524392169298e-15,9.190065264832664e+30,III_signgd,II_spike,0.5685714285714285,0.654770001788624
0.8624489795918368,0.5881632653061224,2.1206484955084965e-21,1.4030849094038166e-15,1.042550648481733e+17,III_signgd,II_spike,0.5881632653061224,0.6716196936990277
0.8624489795918368,0.6077551020408163,5.994572542844092e-37,1.375330106896836e-17,1.64991349206162e+31,III_signgd,I_stable,0.6077551020408163,0.6883296226168335
0.8624489795918368,0.6273469387755102,2.8629776463788904e-23,3.900907530778705e-19,14032734569564.303,III_signgd,I_stable,0.6273469387755102,0.7049053996971941
0.8624489795918368,0.6469387755102041,2.7039128455734384e-36,1.8777995402569313e-17,1.0822822015981409e+30,III_signgd,II_spike,0.6469387755102041,0.7213522431638066
0.8624489795918368,0.666530612244898,3.269691927013736e-38,7.175840855240858e-16,7.485074881839362e+32,III_signgd,II_spike,0.666530612244898,0.7376750168593522
0.8624489795918368,0.6861224489795918,1.9658817767177354e-24,3.567481707818808e-20,161107523099979.12,III_signgd,I_stable,0.6861224489795918,0.753878263994344
0.8624489795918368,0.7057142857142857,5.810784260403911e-37,2.8781421931584295e-19,1.995187117971095e+31,III_signgd,I_stable,0.7057142857142857,0.7699662368122037
0.8624489795918368,0.7253061224489796,8.186238332340623e-35,2.156348284735989e-17,4.552502985708276e+26,III_signgd,II_spike,0.7253061224489796,0.785942922764163
0.8624489795918368,0.7448979591836734,2.8376282305911698e-37,3.023091867187887e-17,1.91683448450672e+30,III_signgd,II_spike,0.7448979591836734,0.8018120676876266
0.8624489795918368,0.7644897959183673,8.006171034296447e-44,2.820853663480857e-17,3.242976717605241e+28,III_signgd,II_spike,0.7644897959183673,0.8175771964006852
0.8624489795918368,0.7840816326530612,3.4318203825233183e-47,8.056108985265736e-17,4.461697473185514e+31,III_signgd,II_spike,0.7840816326530612,0.8332416310595315
0.8624489795918368,0.8036734693877551,3.9687093255759255e-45,8.125166191027193e-22,4.1262725756028935e+30,III_signgd,I_stable,0.8036734693877551,0.8488085075715106
0.8624489795918368,0.823265306122449,1.1837365968271664e-53,6.021228298002566e-17,4.324682258641245e+27,II_spike,II_spike,0.823265306122449,0.8642807903120353
0.8624489795918368,0.8428571428571429,8.371260217767792e-88,6.456731037517405e-16,9.875449978073701e+48,II_spike,II_spike,0.8428571428571429,0.8796612853567701
0.8624489795918368,0.8624489795918368,0.0,0.0,5.840507696376358e+104,I_stable,I_stable,0.8624489795918368,0.8949526524098372
0.8624489795918368,0.8820408163265305,0.0,0.0,3.176108741217242e+104,I_stable,I_stable,0.8820408163265305,0.910157415583198
0.8624489795918368,0.9016326530612244,0.0,0.0,2.9071621097324893e+104,I_stable,I_stable,0.9016326530612244,0.9252779731608697
0.8624489795918368,0.9212244897959183,0.0,0.0,3.024627162550786e+104,I_stable,I_stable,0.9212244897959183,0.9403166064635249
0.8624489795918368,0.9408163265306122,0.0,0.0,3.9668224563930257e+104,I_stable,I_stable,0.9408163265306122,0.9552754879136958
0.8624489795918368,0.9604081632653061,0.0,0.0,7.032538419115764e+104,I_stable,I_stable,0.9604081632653061,0.9701566883887878
0.8624489795918368,0.98,0.0,0.0,2.2205448624347935e+105,I_stable,I_stable,0.98,0.9849621839380145
0.8820408163265305,0.02,2.4227076774590056e-20,8.197919823832406e-09,244923372317122.72,III_signgd,II_spike,0.02,0.053182958969449884
0.8820408163265305,0.03959183673469388,4.9059281355566626e-23,1.3018230272432191e-06,1.2242993306392884e+20,III_signgd,II_spike,0.03959183673469388,0.0887573316607622
0.8820408163265305,0.05918367346938776,4.82126407629292e-23,2.5606559289397708e-09,3.6825677763506946e+19,III_signgd,II_spike,0.05918367346938776,0.11999176412600944
0.8820408163265305,0.07877551020408163,3.853933315829807e-26,2.718835422866125e-08,3.594367916067128e+23,III_signgd,II_spike,0.07877551020408163,0.14869399108610135
0.8820408163265305,0.09836734693877551,2.7274862600195447e-26,3.688791760578195e-09,4.742748102416251e+23,III_signgd,II_spike,0.09836734693877551,0.17564598165422904
0.8820408163265305,0.11795918367346939,6.633675334001379e-28,8.563510032441433e-10,1.305187842422398e+24,III_signgd,II_spike,0.11795918367346939,0.20127916346199196
0.8820408163265305,0.13755102040816325,4.3797509930452556e-27,1.5172212468835717e-10,3.0717388155292524e+23,III_signgd,II_spike,0.13755102040816325,0.2258644406312193
0.8820408163265305,0.1571428571428571,3.626929832054185e-27,9.543501036063352e-09,1.5397974202869497e+23,III_signgd,II_spike,0.1571428571428571,0.24958643848936826
0.8820408163265305,0.176734693877551,6.913546495653777e-37,8.006095455867478e-11,4.890679116259855e+37,III_signgd,II_spike,0.176734693877551,0.27257835044093476
0.8820408163265305,0.1963265306122449,2.310621241898127e-30,1.4866667662258965e-11,6.657379007269837e+26,III_signgd,II_spike,0.1963265306122449,0.29494038580671944
0.8820408163265305,0.21591836734693876,9.619232568141507e-32,1.55076386899861e-10,1.596268445781135e+29,III_signgd,II_spike,0.21591836734693876,0.31675041368227413
0.8820408163265305,0.23551020408163262,6.07239842263878e-29,6.500702828858157e-11,2.070270519435785e+24,III_signgd,II_spike,0.23551020408163262,0.33807051609020067
0.8820408163265305,0.25510204081632654,4.4402743022859075e-32,2.733694043777614e-11,7.618166575084891e+29,III_signgd,II_spike,0.25510204081632654,0.35895123321356215
0.8820408163265305,0.2746938775510204,3.73039389488205e-30,3.239183927259276e-11,5.089922743870109e+26,III_signgd,II_spike,0.2746938775510204,0.3794344287204513
0.8820408163265305,0.29428571428571426,8.78179476892826e-27,1.8287771845883976e-12,9.234344386084639e+21,III_signgd,II_spike,0.29428571428571426,0.39955529026532965
0.8820408163265305,0.31387755102040815,6.067798704328868e-31,8.454961821648761e-12,1.5238131052138888e+27,III_signgd,II_spike,0.31387755102040815,0.41934376641984905
0.8820408163265305,0.33346938775510204,1.1586728336500682e-20,7.843710589241192e-13,1327616861418.0977,III_signgd,II_spike,0.33346938775510204,0.4388256240669263
0.8820408163265305,0.35306122448979593,1.2122841359328189e-30,3.300689402868811e-13,5.688222385326002e+25,III_signgd,II_spike,0.35306122448979593,0.45802324290480784
0.8820408163265305,0.3726530612244898,9.357362639494146e-32,9.213149900782003e-13,8.710819389598502e+27,III_signgd,II_spike,0.3726530612244898,0.4769562233715155
0.8820408163265305,0.39224489795918366,1.8063110748704232e-23,8.204259689553738e-14,2.2001726212200259e+18,III_signgd,II_spike,0.39224489795918366,0.49564185930152915
0.8820408163265305,0.41183673469387755,6.226743519446523e-31,6.25463040237553e-13,8.651971002784351e+25,III_signgd,II_spike,0.41183673469387755,0.5140955106577026
0.8820408163265305,0.43142857142857144,1.5000159935774272e-33,8.075913324251188e-13,5.913362622268269e+29,III_signgd,II_spike,0.43142857142857144,0.5323309012057498
0.8820408163265305,0.4510204081632653,1.748905212686421e-28,3.520731153061502e-14,2.9501383321620673e+21,III_signgd,II_spike,0.4510204081632653,0.5503603589627031
0.8820408163265305,0.47061224489795916,1.8513118755789314e-33,1.741139199757849e-14,6.454061512716792e+28,III_signgd,II_spike,0.47061224489795916,0.5681950124246583
0.8820408163265305,0.49020408163265305,5.4850458981228724e-33,3.626613854992678e-14,1.0969725377301469e+28,III_signgd,II_spike,0.49020408163265305,0.5858449522056745
0.8820408163265305,0.509795918367347,5.2739029923161065e-36,5.991116274443634e-15,5.324676522429917e+31,III_signgd,II_spike,0.509795918367347,0.6033193653210811
0.8820408163265305,0.5293877551020408,1.6535365439370803e-38,7.273656070748228e-17,2.022176709095967e+35,III_signgd,II_spike,0.5293877551020408,0.6206266476163069
0.8820408163265305,0.5489795918367347,1.967428193537664e-37,5.934876310678071e-16,8.282027347692059e+32,III_signgd,II_spike,0.5489795918367347,0.6377744985737119
0.8820408163265305,0.5685714285714285,3.159173933881913e-37,5.996822969143948e-16,2.6866372930568252e+32,III_signgd,II_spike,0.5685714285714285,0.654770001788624
0.8820408163265305,0.5881632653061224,1.5590549713851886e-35,9.47543922574925e-18,5.530119730755013e+29,III_signgd,I_stable,0.5881632653061224,0.6716196936990277
0.8820408163265305,0.6077551020408163,5.771473129489761e-37,2.4495948301689705e-16,5.719910020505128e+31,III_signgd,II_spike,0.6077551020408163,0.6883296226168335
0.8820408163265305,0.6273469387755102,1.9459317760095227e-40,2.742753626396049e-16,6.372175570065739e+36,III_signgd,II_spike,0.6273469387755102,0.7049053996971941
0.8820408163265305,0.6469387755102041,2.1413138506334557e-33,1.6166450870466236e-16,3.1202767745851923e+25,III_signgd,II_spike,0.6469387755102041,0.7213522431638066
0.8820408163265305,0.666530612244898,3.998253884848155e-34,6.377225890902795e-16,2.9723113831030866e+26,III_signgd,II_spike,0.666530612244898,0.7376750168593522
0.8820408163265305,0.6861224489795918,4.246703864074457e-25,3.5926659153906614e-16,3085255159207290.0,III_signgd,II_spike,0.6861224489795918,0.753878263994344
0.8820408163265305,0.7057142857142857,3.345510611254896e-35,2.2164770741137984e-18,1.0835339077938323e+28,III_signgd,I_stable,0.7057142857142857,0.7699662368122037
0.8820408163265305,0.7253061224489796,3.067457419977535e-41,3.0937886147438357e-18,1.2292204543194103e+37,III_signgd,I_stable,0.7253061224489796,0.785942922764163
0.8820408163265305,0.7448979591836734,2.7553251593348562e-40,3.314025413969476e-17,1.592154147860142e+33,III_signgd,II_spike,0.7448979591836734,0.8018120676876266
0.8820408163265305,0.7644897959183673,1.0735688242343423e-36,6.664525150545861e-17,2.2432899001238784e+29,III_signgd,II_spike,0.7644897959183673,0.8175771964006852
0.8820408163265305,0.7840816326530612,3.4396830304574494e-43,1.603745801449375e-17,2.0028409354714574e+30,III_signgd,II_spike,0.7840816326530612,0.8332416310595315
0.8820408163265305,0.8036734693877551,8.118071435920127e-43,4.242007388353292e-18,1.558365635495253e+30,III_signgd,I_stable,0.8036734693877551,0.8488085075715106
0.8820408163265305,0.823265306122449,8.511579808039065e-47,1.7302626110634654e-16,2.3041128250208315e+33,III_signgd,II_spike,0.823265306122449,0.8642807903120353
0.8820408163265305,0.8428571428571429,1.111173696118904e-43,1.9189130045128066e-20,1.0956967975789343e+28,III_signgd,I_stable,0.8428571428571429,0.8796612853567701
0.8820408163265305,0.8624489795918368,5.207566529780084e-84,3.567174357988378e-18,6.366359781452179e+52,II_spike,I_stable,0.8624489795918368,0.8949526524098372
0.8820408163265305,0.8820408163265305,0.0,0.0,1.0033025131425376e+105,I_stable,I_stable,0.8820408163265305,0.910157415583198
0.8820408163265305,0.9016326530612244,0.0,0.0,4.459519146457365e+104,I_stable,I_stable,0.9016326530612244,0.9252779731608697
0.8820408163265305,0.9212244897959183,0.0,0.0,3.9551102184963166e+104,I_stable,I_stable,0.9212244897959183,0.9403166064635249
0.8820408163265305,0.9408163265306122,0.0,0.0,4.7045250017545826e+104,I_stable,I_stable,0.9408163265306122,0.9552754879136958
0.8820408163265305,0.9604081632653061,0.0,0.0,7.74981070087679e+104,I_stable,I_stable,0.9604081632653061,0.9701566883887878
0.8820408163265305,0.98,0.0,0.0,2.323837381636531e+105,I_stable,I_stable,0.98,0.9849621839380145
0.9016326530612244,0.02,1.5623246916029727e-22,5.486483377959207e-05,2.8814802831749357e+17,III_signgd,II_spike,0.02,0.053182958969449884
0.9016326530612244,0.03959183673469388,3.321432534740937e-23,5.788199016260342e-07,2.5809358338554573e+19,III_signgd,II_spike,0.03959183673469388,0.0887573316607622
0.9016326530612244,0.05918367346938776,3.4516831984580754e-28,1.3003222391351486e-10,5.781838671078848e+27,III_signgd,II_spike,0.05918367346938776,0.11999176412600944
0.9016326530612244,0.07877551020408163,1.1721968381957909e-23,1.5884642613232638e-08,2.073208372879616e+18,III_signgd,II_spike,0.07877551020408163,0.14869399108610135
0.9016326530612244,0.09836734693877551,3.3103325302300173e-29,1.5011113184612098e-10,3.4816536990384184e+26,III_signgd,II_spike,0.09836734693877551,0.17564598165422904
0.9016326530612244,0.11795918367346939,1.422697326787431e-25,2.4191682572805475e-09,3.1036137623807276e+21,III_signgd,II_spike,0.11795918367346939,0.20127916346199196
0.9016326530612244,0.13755102040816325,2.4830160913054326e-26,3.8929459835172297e-10,5.543683532239346e+22,III_signgd,II_spike,0.13755102040816325,0.2258644406312193
0.9016326530612244,0.1571428571428571,1.9243315619961378e-25,3.251989822775385e-09,3.172065606867133e+20,III_signgd,II_spike,0.1571428571428571,0.24958643848936826
0.9016326530612244,0.176734693877551,2.8888712442197125e-28,1.1367584679682455e-08,1.2376665075424582e+24,III_signgd,II_spike,0.176734693877551,0.27257835044093476
0.9016326530612244,0.1963265306122449,2.1712640125704885e-29,2.1669301989186143e-10,3.505477649106784e+26,III_signgd,II_spike,0.1963265306122449,0.29494038580671944
0.9016326530612244,0.21591836734693876,2.1646517644647474e-27,3.475161884876479e-10,5.518264421087361e+23,III_signgd,II_spike,0.21591836734693876,0.31675041368227413
0.9016326530612244,0.23551020408163262,9.344447485474435e-30,4.3938519219941486e-11,3.755565100629866e+26,III_signgd,II_spike,0.23551020408163262,0.33807051609020067
0.9016326530612244,0.25510204081632654,5.328846171397787e-29,6.96896998226815e-11,5.64495766708611e+24,III_signgd,II_spike,0.25510204081632654,0.35895123321356215
0.9016326530612244,0.2746938775510204,9.073920927162247e-33,1.255763603712968e-10,5.0553964889360494e+30,III_signgd,II_spike,0.2746938775510204,0.3794344287204513
0.9016326530612244,0.29428571428571426,7.828640193483432e-32,6.9594560543602294e-12,1.2527583606523472e+29,III_signgd,II_spike,0.29428571428571426,0.39955529026532965
0.9016326530612244,0.31387755102040815,6.172399976374295e-29,2.128365844280094e-11,5.054344911538649e+24,III_signgd,II_spike,0.31387755102040815,0.41934376641984905
0.9016326530612244,0.33346938775510204,2.6984610061595453e-30,1.2108668326142529e-11,1.1291797414661654e+26,III_signgd,II_spike,0.33346938775510204,0.4388256240669263
0.9016326530612244,0.35306122448979593,2.2671672609193218e-21,3.044903458413338e-15,27368452674911.844,III_signgd,II_spike,0.35306122448979593,0.45802324290480784
0.9016326530612244,0.3726530612244898,1.5563640511675676e-32,3.888024917015173e-12,1.0158766754273646e+29,III_signgd,II_spike,0.3726530612244898,0.4769562233715155
0.9016326530612244,0.39224489795918366,2.3477373941957444e-27,2.1187930746161827e-14,3.291878052214907e+21,III_signgd,II_spike,0.39224489795918366,0.49564185930152915
0.9016326530612244,0.41183673469387755,2.3962016282428443e-33,1.7200657475334867e-13,3.0938280053164064e+30,III_signgd,II_spike,0.41183673469387755,0.5140955106577026
0.9016326530612244,0.43142857142857144,9.265453636873522e-23,8.603372427452113e-14,3821106318040538.0,III_signgd,II_spike,0.43142857142857144,0.5323309012057498
0.9016326530612244,0.4510204081632653,2.670219427438013e-33,2.0703175927715377e-13,5.4716267654118334e+29,III_signgd,II_spike,0.4510204081632653,0.5503603589627031
0.9016326530612244,0.47061224489795916,4.1541705966290723e-38,4.3244050255013503e-13,1.9356135680382e+36,III_signgd,II_spike,0.47061224489795916,0.5681950124246583
0.9016326530612244,0.49020408163265305,3.0416580654150814e-34,2.8940323742439225e-13,2.4918351085411594e+30,III_signgd,II_spike,0.49020408163265305,0.5858449522056745
0.9016326530612244,0.509795918367347,1.034760493067336e-31,1.06325642241368e-16,3.407658678448863e+26,III_signgd,II_spike,0.509795918367347,0.6033193653210811
0.9016326530612244,0.5293877551020408,4.477149584549878e-33,6.420350572502939e-14,6.752075360655861e+27,III_signgd,II_spike,0.5293877551020408,0.6206266476163069
0.9016326530612244,0.5489795918367347,9.002957960975545e-35,3.8010152116439894e-14,1.7573377400550716e+30,III_signgd,II_spike,0.5489795918367347,0.6377744985737119
0.9016326530612244,0.5685714285714285,6.957343142730976e-36,1.149397267067035e-15,1.2444295112316755e+31,III_signgd,II_spike,0.5685714285714285,0.654770001788624
0.9016326530612244,0.5881632653061224,8.969351751705596e-35,8.598666416615305e-15,1.7815571023797828e+29,III_signgd,II_spike,0.5881632653061224,0.6716196936990277
0.9016326530612244,0.6077551020408163,1.220975656122665e-35,3.4176511280799347e-15,5.079836886115558e+29,III_signgd,II_spike,0.6077551020408163,0.6883296226168335
0.9016326530612244,0.6273469387755102,2.741902209954825e-32,1.3418825750354427e-15,3.314754592650457e+24,III_signgd,II_spike,0.6273469387755102,0.7049053996971941
0.9016326530612244,0.6469387755102041,1.4689603244128758e-35,1.4443237016887924e-17,1.8665245392907748e+29,III_signgd,I_stable,0.6469387755102041,0.7213522431638066
0.9016326530612244,0.666530612244898,1.056610164336911e-38,1.7507557661761545e-16,7.13115524150651e+33,III_signgd,II_spike,0.666530612244898,0.7376750168593522
0.9016326530612244,0.6861224489795918,7.526440127171774e-36,2.34139449236523e-23,5.5269624519905695e+28,III_signgd,I_stable,0.6861224489795918,0.753878263994344
0.9016326530612244,0.7057142857142857,1.1797025242380325e-27,1.1179859090572157e-16,1.4232045745576048e+17,III_signgd,II_spike,0.7057142857142857,0.7699662368122037
0.9016326530612244,0.7253061224489796,9.330019945268048e-31,2.0435483964999055e-16,1.0174297847037006e+21,III_signgd,II_spike,0.7253061224489796,0.785942922764163
0.9016326530612244,0.7448979591836734,5.618635965696529e-35,1.2023979804254601e-17,1.3664404818229112e+27,III_signgd,I_stable,0.7448979591836734,0.8018120676876266
0.9016326530612244,0.7644897959183673,8.67397196404459e-36,6.384601742406782e-17,3.6406027577775147e+28,III_signgd,II_spike,0.7644897959183673,0.8175771964006852
0.9016326530612244,0.7840816326530612,1.621594967001471e-33,3.3336521273913397e-18,5.061155108346182e+24,III_signgd,I_stable,0.7840816326530612,0.8332416310595315
0.9016326530612244,0.8036734693877551,3.8075480442192215e-44,1.2496270808466445e-16,3.902206685695875e+35,III_signgd,II_spike,0.8036734693877551,0.8488085075715106
0.9016326530612244,0.823265306122449,8.141563084179925e-48,1.4068684981332155e-17,7.371788245450279e+31,III_signgd,I_stable,0.823265306122449,0.8642807903120353
0.9016326530612244,0.8428571428571429,1.0956694371341358e-47,1.361831125000105e-22,1.3318131103521628e+34,III_signgd,I_stable,0.8428571428571429,0.8796612853567701
0.9016326530612244,0.8624489795918368,9.84528406000058e-47,2.1531437063393446e-17,9.744890608310958e+27,III_signgd,II_spike,0.8624489795918368,0.8949526524098372
0.9016326530612244,0.8820408163265305,6.236468966653741e-85,1.0884579547183545e-16,7.4368642755675e+50,II_spike,II_spike,0.8820408163265305,0.910157415583198
0.9016326530612244,0.9016326530612244,0.0,0.0,1.8851436265457448e+105,I_stable,I_stable,0.9016326530612244,0.9252779731608697
0.9016326530612244,0.9212244897959183,0.0,0.0,6.3545822351075e+104,I_stable,I_stable,0.9212244897959183,0.9403166064635249
0.9016326530612244,0.9408163265306122,0.0,0.0,6.18304639463246e+104,I_stable,I_stable,0.9408163265306122,0.9552754879136958
0.9016326530612244,0.9604081632653061,0.0,0.0,8.803263801026779e+104,I_stable,I_stable,0.9604081632653061,0.9701566883887878
0.9016326530612244,0.98,0.0,0.0,2.4515446834214334e+105,I_stable,I_stable,0.98,0.9849621839380145
0.9212244897959183,0.02,3.2384199588555982e-24,7.700688510522945e-06,1.1433049004266543e+21,III_signgd,II_spike,0.02,0.053182958969449884
0.9212244897959183,0.03959183673469388,2.1488177155741357e-27,6.812835448299682e-08,2.5147387793954545e+27,III_signgd,II_spike,0.03959183673469388,0.0887573316607622
0.9212244897959183,0.05918367346938776,1.2404787574076939e-26,3.9082648091332593e-07,3.994963000816332e+23,III_signgd,II_spike,0.05918367346938776,0.11999176412600944
0.9212244897959183,0.07877551020408163,5.494090696654052e-25,3.554829110519999e-08,5.4041922494931757e+20,III_signgd,II_spike,0.07877551020408163,0.14869399108610135
0.9212244897959183,0.09836734693877551,3.9713359003367978e-25,2.316535875367073e-08,4.896627302274998e+22,III_signgd,II_spike,0.09836734693877551,0.17564598165422904
0.9212244897959183,0.11795918367346939,4.9550073428975475e-26,1.2490953200660248e-08,5.683924632682478e+22,III_signgd,II_spike,0.11795918367346939,0.20127916346199196
0.9212244897959183,0.13755102040816325,6.788539193596789e-27,7.182653886935426e-09,1.3036946655549978e+24,III_signgd,II_spike,0.13755102040816325,0.2258644406312193
0.9212244897959183,0.1571428571428571,1.9894241249232612e-26,1.8370104982575118e-09,3.459404270807633e+22,III_signgd,II_spike,0.1571428571428571,0.24958643848936826
0.9212244897959183,0.176734693877551,3.009170940668696e-25,3.926985595365862e-10,7.085811935898352e+20,III_signgd,II_spike,0.176734693877551,0.27257835044093476
0.9212244897959183,0.1963265306122449,5.321530083056044e-27,2.631010366007876e-10,1.4017104320926783e+24,III_signgd,II_spike,0.1963265306122449,0.29494038580671944
0.9212244897959183,0.21591836734693876,2.127947165218145e-25,4.60580520460949e-11,7.606540985089023e+20,III_signgd,II_spike,0.21591836734693876,0.31675041368227413
0.9212244897959183,0.23551020408163262,1.940398377960804e-27,5.48646579597265e-10,3.5892199801227085e+23,III_signgd,II_spike,0.23551020408163262,0.33807051609020067
0.9212244897959183,0.25510204081632654,8.142413318519806e-29,3.4310937706027327e-12,1.2951757888908355e+25,III_signgd,II_spike,0.25510204081632654,0.35895123321356215
0.9212244897959183,0.2746938775510204,1.007643430431214e-34,2.0788956628214666e-12,8.115141371245522e+33,III_signgd,II_spike,0.2746938775510204,0.3794344287204513
0.9212244897959183,0.29428571428571426,1.9680052328621165e-28,1.2403300910162552e-11,7.86190410070909e+23,III_signgd,II_spike,0.29428571428571426,0.39955529026532965
0.9212244897959183,0.31387755102040815,4.512283078024064e-30,5.847598670622236e-11,2.4199413683094945e+26,III_signgd,II_spike,0.31387755102040815,0.41934376641984905
0.9212244897959183,0.33346938775510204,1.797191981871151e-29,2.052569556073601e-11,2.0118118590052737e+25,III_signgd,II_spike,0.33346938775510204,0.4388256240669263
0.9212244897959183,0.35306122448979593,1.9236761134770907e-30,1.1907997312492086e-11,3.716108324202015e+26,III_signgd,II_spike,0.35306122448979593,0.45802324290480784
0.9212244897959183,0.3726530612244898,3.004682867000629e-29,1.2185994825785558e-14,3.306811616474867e+24,III_signgd,II_spike,0.3726530612244898,0.4769562233715155
0.9212244897959183,0.39224489795918366,4.8079947156309367e-35,8.611880413956335e-12,1.9441122931988058e+33,III_signgd,II_spike,0.39224489795918366,0.49564185930152915
0.9212244897959183,0.41183673469387755,2.0208972770166953e-33,3.392288435820757e-12,4.6322977233201114e+30,III_signgd,II_spike,0.41183673469387755,0.5140955106577026
0.9212244897959183,0.43142857142857144,2.32827979346053e-34,4.0876403975184206e-12,1.1581443339551972e+32,III_signgd,II_spike,0.43142857142857144,0.5323309012057498
0.9212244897959183,0.4510204081632653,4.009789289266918e-33,2.53278100402658e-12,1.4904203205040508e+30,III_signgd,II_spike,0.4510204081632653,0.5503603589627031
0.9212244897959183,0.47061224489795916,5.790348315576672e-32,1.3228351973991332e-12,7.607067193751964e+27,III_signgd,II_spike,0.47061224489795916,0.5681950124246583
0.9212244897959183,0.49020408163265305,3.71507975827136e-36,2.418037413301118e-13,1.3143239381275263e+34,III_signgd,II_spike,0.49020408163265305,0.5858449522056745
0.9212244897959183,0.509795918367347,1.4854616643812606e-34,1.0920641616844172e-12,4.3333214529573355e+31,III_signgd,II_spike,0.509795918367347,0.6033193653210811
0.9212244897959183,0.5293877551020408,1.657748358631087e-31,4.558813765792506e-13,3.615986427338034e+26,III_signgd,II_spike,0.5293877551020408,0.6206266476163069
0.9212244897959183,0.5489795918367347,1.25945818747169e-20,1.8695259188457676e-13,14306082239950.28,III_signgd,II_spike,0.5489795918367347,0.6377744985737119
0.9212244897959183,0.5685714285714285,3.539303812424338e-30,6.080148065729704e-16,7.457056686954031e+23,III_signgd,II_spike,0.5685714285714285,0.654770001788624
0.9212244897959183,0.5881632653061224,4.2482215733179195e-34,7.422012646061105e-14,3.1173216846402253e+29,III_signgd,II_spike,0.5881632653061224,0.6716196936990277
0.9212244897959183,0.6077551020408163,2.092782969081219e-33,8.534442232520971e-16,6.254587648842247e+27,III_signgd,II_spike,0.6077551020408163,0.6883296226168335
0.9212244897959183,0.6273469387755102,1.5954671123628161e-34,1.0149241005679364e-14,1.60764877028797e+29,III_signgd,II_spike,0.6273469387755102,0.7049053996971941
0.9212244897959183,0.6469387755102041,1.4271143588944663e-35,2.4932814491006117e-15,9.023768394802597e+29,III_signgd,II_spike,0.6469387755102041,0.7213522431638066
0.9212244897959183,0.666530612244898,5.726258854426595e-36,3.2632303626688812e-15,2.475873019011278e+30,III_signgd,II_spike,0.666530612244898,0.7376750168593522
0.9212244897959183,0.6861224489795918,2.8403313380175307e-35,6.74027357609879e-18,2.6938455956970563e+28,III_signgd,I_stable,0.6861224489795918,0.753878263994344
0.9212244897959183,0.7057142857142857,9.089664006712714e-41,2.426923508453582e-16,3.1419299249925176e+36,III_signgd,II_spike,0.7057142857142857,0.7699662368122037
0.9212244897959183,0.7253061224489796,2.49424334765073e-38,4.987538854935355e-17,5.1526646744728835e+32,III_signgd,II_spike,0.7253061224489796,0.785942922764163
0.9212244897959183,0.7448979591836734,9.419645646845072e-38,3.324300689800638e-16,6.184242448647894e+31,III_signgd,II_spike,0.7448979591836734,0.8018120676876266
0.9212244897959183,0.7644897959183673,3.41916100639537e-33,3.22781020361511e-19,1.3556070059736207e+24,III_signgd,I_stable,0.7644897959183673,0.8175771964006852
0.9212244897959183,0.7840816326530612,6.139281493474948e-42,3.5440487519884467e-17,1.1242874133324485e+37,III_signgd,II_spike,0.7840816326530612,0.8332416310595315
0.9212244897959183,0.8036734693877551,6.646922206385391e-36,1.6081440311240627e-17,8.9326965692748e+27,III_signgd,II_spike,0.8036734693877551,0.8488085075715106
0.9212244897959183,0.823265306122449,8.843922618831369e-34,1.6747793563049906e-16,3.8960448696222197e+24,III_signgd,II_spike,0.823265306122449,0.8642807903120353
0.9212244897959183,0.8428571428571429,4.433504665054166e-51,6.859548133406396e-20,8.269213167641953e+30,III_signgd,I_stable,0.8428571428571429,0.8796612853567701
0.9212244897959183,0.8624489795918368,1.5629768342610393e-46,2.1322780187597017e-17,6.99268798228788e+34,III_signgd,II_spike,0.8624489795918368,0.8949526524098372
0.9212244897959183,0.8820408163265305,3.842821214259483e-40,1.1700094728423909e-17,4.008233501402481e+26,III_signgd,I_stable,0.8820408163265305,0.910157415583198
0.9212244897959183,0.9016326530612244,9.984181477198638e-58,1.3861810691986108e-22,7.522476251608947e+38,II_spike,I_stable,0.9016326530612244,0.9252779731608697
0.9212244897959183,0.9212244897959183,0.0,0.0,3.9237478435266095e+105,I_stable,I_stable,0.9212244897959183,0.9403166064635249
0.9212244897959183,0.9408163265306122,0.0,0.0,9.715762883367125e+104,I_stable,I_stable,0.9408163265306122,0.9552754879136958
0.9212244897959183,0.9604081632653061,0.0,0.0,1.112454603806295e+105,I_stable,I_stable,0.9604081632653061,0.9701566883887878
0.9212244897959183,0.98,0.0,0.0,2.683071293604972e+105,I_stable,I_stable,0.98,0.9849621839380145
0.9408163265306122,0.02,2.4231841440310203e-20,4.2106891759038405e-06,1.6150264192688286e+16,III_signgd,II_spike,0.02,0.053182958969449884
0.9408163265306122,0.03959183673469388,3.141007934497599e-25,1.7176947651028207e-06,4.458247782066208e+24,III_signgd,II_spike,0.03959183673469388,0.0887573316607622
0.9408163265306122,0.05918367346938776,4.957838560283663e-21,2.92319951580764e-07,1.5940096378365795e+17,III_signgd,II_spike,0.05918367346938776,0.11999176412600944
0.9408163265306122,0.07877551020408163,1.2482561572564657e-24,1.4720806076147855e-07,2.8253202044995685e+22,III_signgd,II_spike,0.07877551020408163,0.14869399108610135
0.9408163265306122,0.09836734693877551,6.920277689427639e-25,3.790015586021625e-09,2.811532371703567e+21,III_signgd,II_spike,0.09836734693877551,0.17564598165422904
0.9408163265306122,0.11795918367346939,4.7996370849879785e-25,5.673819923731869e-08,1.8296204066358234e+21,III_signgd,II_spike,0.11795918367346939,0.20127916346199196
0.9408163265306122,0.13755102040816325,3.365716172360348e-27,5.225310160401837e-10,2.5167725091959974e+23,III_signgd,II_spike,0.13755102040816325,0.2258644406312193
0.9408163265306122,0.1571428571428571,3.6061744216316933e-26,7.300102227130296e-10,1.007091292490078e+22,III_signgd,II_spike,0.1571428571428571,0.24958643848936826
0.9408163265306122,0.176734693877551,1.5443475792416508e-28,3.939431910376427e-19,4.739987558479505e+25,III_signgd,I_stable,0.176734693877551,0.27257835044093476
0.9408163265306122,0.1963265306122449,5.869221391681687e-28,4.559257687484229e-09,1.4469217348028166e+24,III_signgd,II_spike,0.1963265306122449,0.29494038580671944
0.9408163265306122,0.21591836734693876,1.0112786512539377e-26,1.408222831779099e-09,6.665206357998524e+22,III_signgd,II_spike,0.21591836734693876,0.31675041368227413
0.9408163265306122,0.23551020408163262,9.662894720215062e-27,2.5139299981477826e-10,2.3042481974803297e+22,III_signgd,II_spike,0.23551020408163262,0.33807051609020067
0.9408163265306122,0.25510204081632654,1.1503437980370977e-31,2.2789385151108055e-10,4.962670940300819e+29,III_signgd,II_spike,0.25510204081632654,0.35895123321356215
0.9408163265306122,0.2746938775510204,3.650027594839564e-30,4.4213136044970116e-11,3.776391369780918e+26,III_signgd,II_spike,0.2746938775510204,0.3794344287204513
0.9408163265306122,0.29428571428571426,9.87177902772199e-35,6.45212262505402e-11,6.837637058443411e+33,III_signgd,II_spike,0.29428571428571426,0.39955529026532965
0.9408163265306122,0.31387755102040815,4.1314788527908883e-38,2.0883573368957587e-11,1.6653321282493889e+38,III_signgd,II_spike,0.31387755102040815,0.41934376641984905
0.9408163265306122,0.33346938775510204,1.4661704614375376e-28,5.014598251351331e-12,1.4398480038261668e+24,III_signgd,II_spike,0.33346938775510204,0.4388256240669263
0.9408163265306122,0.35306122448979593,4.451687491785439e-33,3.509699371691623e-11,5.049981252489105e+30,III_signgd,II_spike,0.35306122448979593,0.45802324290480784
0.9408163265306122,0.3726530612244898,2.4230311107233906e-30,1.1815317667844904e-11,4.005522333581523e+26,III_signgd,II_spike,0.3726530612244898,0.4769562233715155
0.9408163265306122,0.39224489795918366,1.4397303584310591e-28,4.624044624574762e-13,5.2929214018208314e+23,III_signgd,II_spike,0.39224489795918366,0.49564185930152915
0.9408163265306122,0.41183673469387755,1.2467546958129297e-30,1.882788692075155e-12,7.865055965090041e+26,III_signgd,II_spike,0.41183673469387755,0.5140955106577026
0.9408163265306122,0.43142857142857144,5.8601716018929614e-30,2.5073081187130007e-13,5.200930731786004e+25,III_signgd,II_spike,0.43142857142857144,0.5323309012057498
0.9408163265306122,0.4510204081632653,6.278608552872179e-31,9.298423431938766e-12,1.5758144894112255e+27,III_signgd,II_spike,0.4510204081632653,0.5503603589627031
0.9408163265306122,0.47061224489795916,3.6431614777968165e-32,4.72482022253087e-12,1.0183777322906553e+29,III_signgd,II_spike,0.47061224489795916,0.5681950124246583
0.9408163265306122,0.49020408163265305,3.393491534647531e-24,5.67424949266881e-12,1.1623118184232507e+17,III_signgd,II_spike,0.49020408163265305,0.5858449522056745
0.9408163265306122,0.509795918367347,2.4198846126673377e-29,1.1150136669651335e-12,4.7775539504617153e+24,III_signgd,II_spike,0.509795918367347,0.6033193653210811
0.9408163265306122,0.5293877551020408,4.571378821097295e-28,2.9701611349219755e-12,2.588710266466749e+22,III_signgd,II_spike,0.5293877551020408,0.6206266476163069
0.9408163265306122,0.5489795918367347,3.155284749387602e-23,3.8099795644315516e-12,4.0828157766895704e+16,III_signgd,II_spike,0.5489795918367347,0.6377744985737119
0.9408163265306122,0.5685714285714285,6.812849005140673e-37,1.7792477848643886e-12,2.803571527384688e+35,III_signgd,II_spike,0.5685714285714285,0.654770001788624
0.9408163265306122,0.5881632653061224,1.8597045125705715e-30,4.569961480826405e-13,4.399326759848955e+25,III_signgd,II_spike,0.5881632653061224,0.6716196936990277
0.9408163265306122,0.6077551020408163,1.5256578202358214e-30,4.118660237311842e-13,3.03190821372298e+25,III_signgd,II_spike,0.6077551020408163,0.6883296226168335
0.9408163265306122,0.6273469387755102,4.290364216600908e-34,3.867555282684641e-13,3.340453702428521e+30,III_signgd,II_spike,0.6273469387755102,0.7049053996971941
0.9408163265306122,0.6469387755102041,1.6563494989319515e-34,1.470209079784809e-15,5.173137501711926e+30,III_signgd,II_spike,0.6469387755102041,0.7213522431638066
0.9408163265306122,0.666530612244898,7.641653597607548e-34,1.5589643994151266e-14,1.3586966070076231e+29,III_signgd,II_spike,0.666530612244898,0.7376750168593522
0.9408163265306122,0.6861224489795918,2.6476648620441536e-37,1.9189811027996495e-16,3.482277660222445e+33,III_signgd,II_spike,0.6861224489795918,0.753878263994344
0.9408163265306122,0.7057142857142857,9.248279330143577e-33,5.235082432303029e-16,6.6101325646279655e+25,III_signgd,II_spike,0.7057142857142857,0.7699662368122037
0.9408163265306122,0.7253061224489796,1.293577134172161e-35,1.1620682862332463e-15,1.6613335213392835e+29,III_signgd,II_spike,0.7253061224489796,0.785942922764163
0.9408163265306122,0.7448979591836734,5.63131905439268e-38,2.6806557297566e-16,3.8828631719275124e+32,III_signgd,II_spike,0.7448979591836734,0.8018120676876266
0.9408163265306122,0.7644897959183673,6.943524563056912e-35,8.492610192904085e-18,9.3364512991102e+26,III_signgd,I_stable,0.7644897959183673,0.8175771964006852
0.9408163265306122,0.7840816326530612,1.1550008263065362e-33,1.6524329024115958e-16,9.759259996311395e+24,III_signgd,II_spike,0.7840816326530612,0.8332416310595315
0.9408163265306122,0.8036734693877551,2.1106105677179805e-31,1.183152148633024e-16,1.2864020866470613e+23,III_signgd,II_spike,0.8036734693877551,0.8488085075715106
0.9408163265306122,0.823265306122449,3.812054776894845e-35,4.134491906746046e-20,1.5828736104783025e+26,III_signgd,I_stable,0.823265306122449,0.8642807903120353
0.9408163265306122,0.8428571428571429,3.7359875009951767e-35,3.412197336999945e-19,7.942455402989302e+26,III_signgd,I_stable,0.8428571428571429,0.8796612853567701
0.9408163265306122,0.8624489795918368,5.485847392035175e-40,6.602389690925555e-18,1.959357534121599e+33,III_signgd,I_stable,0.8624489795918368,0.8949526524098372
0.9408163265306122,0.8820408163265305,9.579460085383878e-47,3.632286828796617e-18,1.463221145969162e+39,III_signgd,I_stable,0.8820408163265305,0.910157415583198
0.9408163265306122,0.9016326530612244,8.086794190279541e-49,9.058269816018712e-23,3.228934148489704e+30,III_signgd,I_stable,0.9016326530612244,0.9252779731608697
0.9408163265306122,0.9212244897959183,1.5747474870375686e-51,2.555926301184389e-23,3.2171638057155985e+32,III_signgd,I_stable,0.9212244897959183,0.9403166064635249
0.9408163265306122,0.9408163265306122,0.0,0.0,9.081471160687512e+105,I_stable,I_stable,0.9408163265306122,0.9552754879136958
0.9408163265306122,0.9604081632653061,0.0,0.0,1.7436411088616777e+105,I_stable,I_stable,0.9604081632653061,0.9701566883887878
0.9408163265306122,0.98,0.0,0.0,3.1884855255939547e+105,I_stable,I_stable,0.98,0.9849621839380145
0.9604081632653061,0.02,2.1311461238854068e-22,0.00038829199941883136,5.8090628862205146e+20,III_signgd,II_spike,0.02,0.053182958969449884
0.9604081632653061,0.03959183673469388,3.0595544676793353e-21,6.1053710839423354e-06,1.3579729715029285e+17,III_signgd,II_spike,0.03959183673469388,0.0887573316607622
0.9604081632653061,0.05918367346938776,8.220833654901102e-24,1.4632318741120776e-05,8.87110975209988e+19,III_signgd,II_spike,0.05918367346938776,0.11999176412600944
0.9604081632653061,0.07877551020408163,1.7117816767958502e-22,3.825752343210259e-08,4.65382557768593e+18,III_signgd,II_spike,0.07877551020408163,0.14869399108610135
0.9604081632653061,0.09836734693877551,8.465201936196686e-25,5.010015049242838e-07,1.7010052079122388e+21,III_signgd,II_spike,0.09836734693877551,0.17564598165422904
0.9604081632653061,0.11795918367346939,2.9592337483556136e-23,3.6583803834427766e-08,4.926044922955069e+18,III_signgd,II_spike,0.11795918367346939,0.20127916346199196
0.9604081632653061,0.13755102040816325,1.3585367576520055e-26,1.012836801523863e-08,1.7565420496343567e+22,III_signgd,II_spike,0.13755102040816325,0.2258644406312193
0.9604081632653061,0.1571428571428571,1.0124111970585392e-24,5.314614617662796e-09,1.8303113315088466e+20,III_signgd,II_spike,0.1571428571428571,0.24958643848936826
0.9604081632653061,0.176734693877551,1.9958231546020962e-25,1.745258359203226e-09,5.145904648410726e+21,III_signgd,II_spike,0.176734693877551,0.27257835044093476
0.9604081632653061,0.1963265306122449,6.376236966470728e-28,3.00582850691135e-10,1.821094869917427e+25,III_signgd,II_spike,0.1963265306122449,0.29494038580671944
0.9604081632653061,0.21591836734693876,1.9470399719164207e-29,1.701699573902192e-09,1.135340526821309e+27,III_signgd,II_spike,0.21591836734693876,0.31675041368227413
0.9604081632653061,0.23551020408163262,5.567178517783402e-26,5.569126743216243e-10,9.43423545517784e+20,III_signgd,II_spike,0.23551020408163262,0.33807051609020067
0.9604081632653061,0.25510204081632654,1.4808232981783313e-25,4.1866756751799044e-10,6.762050269369408e+20,III_signgd,II_spike,0.25510204081632654,0.35895123321356215
0.9604081632653061,0.2746938775510204,9.177128263832672e-30,1.1495220308772942e-10,2.3001675200315817e+26,III_signgd,II_spike,0.2746938775510204,0.3794344287204513
0.9604081632653061,0.29428571428571426,1.0292951637978468e-33,6.255430146607159e-18,2.9030264708512347e+32,III_signgd,I_stable,0.29428571428571426,0.39955529026532965
0.9604081632653061,0.31387755102040815,1.3945617186709353e-31,2.182397773667056e-10,6.005733408506903e+28,III_signgd,II_spike,0.31387755102040815,0.41934376641984905
0.9604081632653061,0.33346938775510204,3.6078234767325265e-28,5.091704806648e-11,1.1116087000233264e+24,III_signgd,II_spike,0.33346938775510204,0.4388256240669263
0.9604081632653061,0.35306122448979593,4.159604778906354e-30,2.510426251805401e-11,3.0057616961637746e+26,III_signgd,II_spike,0.35306122448979593,0.45802324290480784
0.9604081632653061,0.3726530612244898,7.294013305490504e-31,4.402525968251674e-11,5.701203884988241e+27,III_signgd,II_spike,0.3726530612244898,0.4769562233715155
0.9604081632653061,0.39224489795918366,3.1104737973730087e-29,4.462577824237798e-11,1.7241566788995281e+25,III_signgd,II_spike,0.39224489795918366,0.49564185930152915
0.9604081632653061,0.41183673469387755,1.1172899672426877e-30,4.540545268177789e-11,2.517964925763642e+27,III_signgd,II_spike,0.41183673469387755,0.5140955106577026
0.9604081632653061,0.43142857142857144,6.276158717773947e-30,1.3987476147609518e-11,1.6383026891999938e+26,III_signgd,II_spike,0.43142857142857144,0.5323309012057498
0.9604081632653061,0.4510204081632653,3.34620948259228e-24,2.720909218596768e-11,4.337540889714703e+17,III_signgd,II_spike,0.4510204081632653,0.5503603589627031
0.9604081632653061,0.47061224489795916,1.0397523800197123e-30,2.1060155320761928e-11,2.2329135599250719e+27,III_signgd,II_spike,0.47061224489795916,0.5681950124246583
0.9604081632653061,0.49020408163265305,2.297868120624432e-18,4.1507872691883594e-12,8992165532.69812,III_signgd,II_spike,0.49020408163265305,0.5858449522056745
0.9604081632653061,0.509795918367347,4.584090020281914e-34,1.605040946205541e-11,2.221864042055195e+32,III_signgd,II_spike,0.509795918367347,0.6033193653210811
0.9604081632653061,0.5293877551020408,1.2700733152175984e-33,6.073326545883214e-14,4.495305802835842e+31,III_signgd,II_spike,0.5293877551020408,0.6206266476163069
0.9604081632653061,0.5489795918367347,4.6978637401097715e-32,8.894331008392114e-12,1.8739889715902934e+29,III_signgd,II_spike,0.5489795918367347,0.6377744985737119
0.9604081632653061,0.5685714285714285,1.7294713811806682e-37,9.912682915738272e-12,2.5240233100565846e+37,III_signgd,II_spike,0.5685714285714285,0.654770001788624
0.9604081632653061,0.5881632653061224,1.0745612324070738e-30,8.980797270868288e-13,1.5620271966556568e+27,III_signgd,II_spike,0.5881632653061224,0.6716196936990277
0.9604081632653061,0.6077551020408163,1.182235651850533e-33,1.0294855246016703e-11,4.0488010504301233e+31,III_signgd,II_spike,0.6077551020408163,0.6883296226168335
0.9604081632653061,0.6273469387755102,1.5330489156421085e-32,7.45965243563108e-12,7.967508129065664e+29,III_signgd,II_spike,0.6273469387755102,0.7049053996971941
0.9604081632653061,0.6469387755102041,7.8014535706003154e-31,1.601378425162056e-13,1.922217657399829e+27,III_signgd,II_spike,0.6469387755102041,0.7213522431638066
0.9604081632653061,0.666530612244898,1.981392991776831e-31,1.0278192885061049e-13,1.2180361665892029e+28,III_signgd,II_spike,0.666530612244898,0.7376750168593522
0.9604081632653061,0.6861224489795918,4.092310091990433e-33,5.2734255512395574e-14,2.888642838869438e+30,III_signgd,II_spike,0.6861224489795918,0.753878263994344
0.9604081632653061,0.7057142857142857,7.989931455590441e-32,3.4992644639951804e-17,2.039394747071731e+28,III_signgd,II_spike,0.7057142857142857,0.7699662368122037
0.9604081632653061,0.7253061224489796,7.408858103405081e-31,5.588027535980766e-16,3.292154149230717e+26,III_signgd,II_spike,0.7253061224489796,0.785942922764163
0.9604081632653061,0.7448979591836734,3.858055524777656e-33,2.2282660672459435e-14,2.460071008927894e+29,III_signgd,II_spike,0.7448979591836734,0.8018120676876266
0.9604081632653061,0.7644897959183673,5.428661115172478e-32,6.54149340127405e-14,5.116508970832659e+26,III_signgd,II_spike,0.7644897959183673,0.8175771964006852
0.9604081632653061,0.7840816326530612,1.297173195891748e-34,2.2615158580404036e-16,7.703990641531896e+28,III_signgd,II_spike,0.7840816326530612,0.8332416310595315
0.9604081632653061,0.8036734693877551,2.4483871001442744e-37,3.5847533361191774e-18,8.73736829147283e+30,III_signgd,I_stable,0.8036734693877551,0.8488085075715106
0.9604081632653061,0.823265306122449,5.900549072765082e-36,7.474958075088556e-17,2.8139894042339843e+28,III_signgd,II_spike,0.823265306122449,0.8642807903120353
0.9604081632653061,0.8428571428571429,3.9254553994182645e-39,9.765828004022466e-18,1.609603338954364e+32,III_signgd,I_stable,0.8428571428571429,0.8796612853567701
0.9604081632653061,0.8624489795918368,1.5689238765796826e-33,1.5028227376984127e-17,5.06951285065574e+23,III_signgd,I_stable,0.8624489795918368,0.8949526524098372
0.9604081632653061,0.8820408163265305,1.4983253089074326e-39,5.937324441651843e-19,3.920773521023691e+32,III_signgd,I_stable,0.8820408163265305,0.910157415583198
0.9604081632653061,0.9016326530612244,1.0955915758047532e-39,4.330850980355779e-18,9.252911444900198e+32,III_signgd,I_stable,0.9016326530612244,0.9252779731608697
0.9604081632653061,0.9212244897959183,7.26081282155928e-50,9.334377996180552e-19,2.8994061778549577e+34,III_signgd,I_stable,0.9212244897959183,0.9403166064635249
0.9604081632653061,0.9408163265306122,5.967164852987228e-43,2.310525754364647e-21,8.618816881202606e+33,III_signgd,I_stable,0.9408163265306122,0.9552754879136958
0.9604081632653061,0.9604081632653061,0.0,0.0,2.7431180635445455e+106,I_stable,I_stable,0.9604081632653061,0.9701566883887878
0.9604081632653061,0.98,0.0,0.0,4.5731509016970273e+105,I_stable,I_stable,0.98,0.9849621839380145
0.98,0.02,1.1016677136545886e-17,1.3758981544201924e-05,20772786774642.938,III_signgd,II_spike,0.02,0.053182958969449884
0.98,0.03959183673469388,1.2482425769518565e-20,1.1616687130279047e-05,3.61144513977481e+17,III_signgd,II_spike,0.03959183673469388,0.0887573316607622
0.98,0.05918367346938776,2.721112825886502e-21,1.2173579686827473e-07,2.090122627855394e+17,III_signgd,II_spike,0.05918367346938776,0.11999176412600944
0.98,0.07877551020408163,3.7813713665119027e-22,5.778666021472107e-08,4.633484817409125e+17,III_signgd,II_spike,0.07877551020408163,0.14869399108610135
0.98,0.09836734693877551,2.33082361813405e-22,1.591820666671396e-08,2.580812786914539e+18,III_signgd,II_spike,0.09836734693877551,0.17564598165422904
0.98,0.11795918367346939,1.422023275434207e-24,2.6380431994254434e-08,1.1530084650941847e+22,III_signgd,II_spike,0.11795918367346939,0.20127916346199196
0.98,0.13755102040816325,9.969304587711197e-29,9.152776048100388e-09,3.709528556440008e+27,III_signgd,II_spike,0.13755102040816325,0.2258644406312193
0.98,0.1571428571428571,3.647213479913554e-29,1.228975013937329e-09,2.9830145985877193e+27,III_signgd,II_spike,0.1571428571428571,0.24958643848936826
0.98,0.176734693877551,2.8037258095308916e-26,1.5144279786359417e-08,1.1007451387706254e+22,III_signgd,II_spike,0.176734693877551,0.27257835044093476
0.98,0.1963265306122449,1.7268272524384162e-25,1.6053651225884942e-09,1.3771349841783365e+21,III_signgd,II_spike,0.1963265306122449,0.29494038580671944
0.98,0.21591836734693876,3.695841713635032e-25,5.039281605840085e-10,2.281929846732546e+20,III_signgd,II_spike,0.21591836734693876,0.31675041368227413
0.98,0.23551020408163262,1.0249793861286885e-27,2.5819286003019446e-10,7.929566903054981e+23,III_signgd,II_spike,0.23551020408163262,0.33807051609020067
0.98,0.25510204081632654,6.549134923203045e-28,5.930861498956335e-10,1.4809440507837497e+24,III_signgd,II_spike,0.25510204081632654,0.35895123321356215
0.98,0.2746938775510204,4.058862086630703e-29,2.935904935328653e-10,3.619067486262124e+25,III_signgd,II_spike,0.2746938775510204,0.3794344287204513
0.98,0.29428571428571426,6.157368139711336e-26,1.6989902809822714e-10,5.202464922311725e+20,III_signgd,II_spike,0.29428571428571426,0.39955529026532965
0.98,0.31387755102040815,3.590680122595579e-29,1.624055725967699e-10,3.0891748075183683e+25,III_signgd,II_spike,0.31387755102040815,0.41934376641984905
0.98,0.33346938775510204,6.4671847221928445e-28,8.749342905833089e-11,4.2500511481477756e+23,III_signgd,II_spike,0.33346938775510204,0.4388256240669263
0.98,0.35306122448979593,4.5186512526973135e-27,5.296403262779348e-11,2.091910707857024e+22,III_signgd,II_spike,0.35306122448979593,0.45802324290480784
0.98,0.3726530612244898,2.3089261070713226e-28,3.3232804331031756e-11,1.3653953213131034e+24,III_signgd,II_spike,0.3726530612244898,0.4769562233715155
0.98,0.39224489795918366,6.565412625270629e-28,5.89218603896855e-11,2.8876017057992647e+23,III_signgd,II_spike,0.39224489795918366,0.49564185930152915
0.98,0.41183673469387755,1.5561347932564518e-29,3.684753915043149e-11,5.6945152592274515e+25,III_signgd,II_spike,0.41183673469387755,0.5140955106577026
0.98,0.43142857142857144,1.555270338082712e-29,7.897346525994658e-11,9.4441456386442e+25,III_signgd,II_spike,0.43142857142857144,0.5323309012057498
0.98,0.4510204081632653,4.86670276859836e-34,5.520724292206944e-11,5.4097244119479614e+32,III_signgd,II_spike,0.4510204081632653,0.5503603589627031
0.98,0.47061224489795916,3.816348259884468e-32,9.44930861864151e-14,1.079949870603873e+30,III_signgd,II_spike,0.47061224489795916,0.5681950124246583
0.98,0.49020408163265305,8.766022104606497e-31,3.0815677343118436e-11,1.058501128505255e+28,III_signgd,II_spike,0.49020408163265305,0.5858449522056745
0.98,0.509795918367347,1.8924030346305512e-31,6.833892730049903e-11,1.0354639136961448e+29,III_signgd,II_spike,0.509795918367347,0.6033193653210811
0.98,0.5293877551020408,4.177424895685401e-28,2.747711656330955e-13,9.961193741381723e+23,III_signgd,II_spike,0.5293877551020408,0.6206266476163069
0.98,0.5489795918367347,4.567285701145407e-24,6.102912255096671e-11,1.3383649056307448e+18,III_signgd,II_spike,0.5489795918367347,0.6377744985737119
0.98,0.5685714285714285,2.291595206269473e-28,3.6197780853859985e-11,3.508882665860945e+24,III_signgd,II_spike,0.5685714285714285,0.654770001788624
0.98,0.5881632653061224,1.2962095264704424e-30,3.275749357980679e-12,9.341712890845374e+27,III_signgd,II_spike,0.5881632653061224,0.6716196936990277
0.98,0.6077551020408163,7.542928022310706e-30,1.726213901296266e-12,8.018706083177395e+26,III_signgd,II_spike,0.6077551020408163,0.6883296226168335
0.98,0.6273469387755102,1.5240803924298132e-29,8.942380571625872e-13,3.538117099758919e+26,III_signgd,II_spike,0.6273469387755102,0.7049053996971941
0.98,0.6469387755102041,8.109113482558629e-27,9.901846889647381e-11,3.655244294469618e+22,III_signgd,II_spike,0.6469387755102041,0.7213522431638066
0.98,0.666530612244898,1.203276103112762e-28,3.123128776770984e-11,2.452037280065125e+25,III_signgd,II_spike,0.666530612244898,0.7376750168593522
0.98,0.6861224489795918,7.796073616231613e-34,9.505167847384416e-13,1.8217475802815063e+33,III_signgd,II_spike,0.6861224489795918,0.753878263994344
0.98,0.7057142857142857,1.4454605179190947e-30,7.914695816606613e-11,2.749275911312542e+28,III_signgd,II_spike,0.7057142857142857,0.7699662368122037
0.98,0.7253061224489796,1.7899441317689942e-29,1.3467785845665768e-10,7.425827900455528e+26,III_signgd,II_spike,0.7253061224489796,0.785942922764163
0.98,0.7448979591836734,2.640615300279311e-29,2.8026065722463734e-11,4.707885514816329e+26,III_signgd,II_spike,0.7448979591836734,0.8018120676876266
0.98,0.7644897959183673,2.4479748174813612e-29,1.2292504588992804e-10,5.678717400774863e+26,III_signgd,II_spike,0.7644897959183673,0.8175771964006852
0.98,0.7840816326530612,1.6906767240329301e-37,7.174975229712605e-11,9.770468607463204e+38,III_signgd,II_spike,0.7840816326530612,0.8332416310595315
0.98,0.8036734693877551,3.026672897339319e-32,1.8067860320042158e-12,1.1073036637282994e+31,III_signgd,II_spike,0.8036734693877551,0.8488085075715106
0.98,0.823265306122449,2.6679497702777326e-29,9.717688677461917e-13,2.8417525858601925e+26,III_signgd,II_spike,0.823265306122449,0.8642807903120353
0.98,0.8428571428571429,3.664477722329485e-30,6.775895076812568e-14,2.3180089443493167e+27,III_signgd,II_spike,0.8428571428571429,0.8796612853567701
0.98,0.8624489795918368,5.325416451864275e-31,4.268848403623906e-12,5.387942788734851e+27,III_signgd,II_spike,0.8624489795918368,0.8949526524098372
0.98,0.8820408163265305,5.728097366735888e-38,1.1548676431389678e-14,1.2882218026890158e+35,III_signgd,II_spike,0.8820408163265305,0.910157415583198
0.98,0.9016326530612244,3.921100958706715e-39,8.01857359085679e-18,2.817361419718826e+31,III_signgd,I_stable,0.9016326530612244,0.9252779731608697
0.98,0.9212244897959183,2.3428833394703923e-38,4.1845973102463822e-19,1.647449526396201e+29,III_signgd,I_stable,0.9212244897959183,0.9403166064635249
0.98,0.9408163265306122,4.997537729811226e-35,1.0376095000635667e-22,2.569391462543827e+24,III_signgd,I_stable,0.9408163265306122,0.9552754879136958
0.98,0.9604081632653061,2.398890177647868e-43,8.440464086816178e-20,8.826891357421517e+34,III_signgd,I_stable,0.9604081632653061,0.9701566883887878
0.98,0.98,0.0,0.0,9.045247981152137e+106,I_stable,I_stable,0.98,0.9849621839380145
