beta1,beta2,min_loss,final_loss,coupling_ratio_max,theoretical_regime,empirical_regime,stable_bound_b1,exist_bound_b1
0.02,0.02,2.1831356752130563e-241,2.1831356752130563e-241,8.82840840989029e+58,I_stable,I_stable,0.053182958969449884,0.08672488792828036
0.02,0.03959183673469388,2.9070121294889643e-241,2.9070121294889643e-241,8.698134841959424e+58,I_stable,I_stable,0.0887573316607622,0.13289343624648517
0.02,0.05918367346938776,2.8127279147849786e-241,2.8127279147849786e-241,1.2397558197624572e+59,I_stable,I_stable,0.11999176412600944,0.17085441221071906
0.02,0.07877551020408163,5.42818223101284e-241,5.42818223101284e-241,1.0638310064921793e+59,I_stable,I_stable,0.14869399108610135,0.20428878025677358
0.02,0.09836734693877551,3.206461430762538e-241,3.206461430762538e-241,1.0236178548946086e+59,I_stable,I_stable,0.17564598165422904,0.23471013804909577
0.02,0.11795918367346939,6.261200284418807e-241,6.261200284418807e-241,1.3389032191874e+59,I_stable,I_stable,0.20127916346199196,0.2629252823644016
0.02,0.13755102040816325,3.5417949430922956e-241,3.5417949430922956e-241,1.8700825877240812e+59,I_stable,I_stable,0.2258644406312193,0.2894275613209483
0.02,0.1571428571428571,3.742443154284915e-241,3.742443154284915e-241,2.462526874453605e+59,I_stable,I_stable,0.24958643848936826,0.3145459902001079
0.02,0.176734693877551,6.465890902388818e-241,6.465890902388818e-241,2.8571229988075605e+59,I_stable,I_stable,0.27257835044093476,0.3385136086233395
0.02,0.1963265306122449,3.866920000965832e-241,3.866920000965832e-241,2.8123417574358406e+59,I_stable,I_stable,0.29494038580671944,0.3615029702725009
0.02,0.21591836734693876,6.489380665083421e-241,6.489380665083421e-241,3.3753201374777654e+59,I_stable,I_stable,0.31675041368227413,0.38364628074541884
0.02,0.23551020408163262,3.5154125917757945e-241,3.5154125917757945e-241,3.1908929039275255e+59,I_stable,I_stable,0.33807051609020067,0.40504761611013695
0.02,0.25510204081632654,3.516664763949727e-241,3.516664763949727e-241,3.3428883590795425e+59,I_stable,I_stable,0.35895123321356215,0.4257907359260144
0.02,0.2746938775510204,3.728258687967726e-241,3.728258687967726e-241,3.6844557666026004e+59,I_stable,I_stable,0.3794344287204513,0.4459442950811514
0.02,0.29428571428571426,2.9791718248673484e-241,2.9791718248673484e-241,4.092530335315361e+59,I_stable,I_stable,0.39955529026532965,0.46556544382477766
0.02,0.31387755102040815,3.7202418145228126e-241,3.7202418145228126e-241,4.417640036483535e+59,I_stable,I_stable,0.41934376641984905,0.4847023882973251
0.02,0.33346938775510204,2.946128534277852e-241,2.946128534277852e-241,5.914163545124483e+59,I_stable,I_stable,0.4388256240669263,0.5033962576661685
0.02,0.35306122448979593,2.8609838846761567e-241,2.8609838846761567e-241,5.440594205739219e+59,I_stable,I_stable,0.45802324290480784,0.521682495210736
0.02,0.3726530612244898,2.8138891387489295e-241,2.8138891387489295e-241,7.352853099894034e+59,I_stable,I_stable,0.4769562233715155,0.5395919143211331
0.02,0.39224489795918366,2.7841149662350077e-241,2.7841149662350077e-241,8.290311991680145e+59,I_stable,I_stable,0.49564185930152915,0.5571515134352752
0.02,0.41183673469387755,3.1900571612110804e-241,3.1900571612110804e-241,7.681162595368842e+59,I_stable,I_stable,0.5140955106577026,0.5743851141903371
0.02,0.43142857142857144,3.103585939870622e-241,3.103585939870622e-241,8.77973984875604e+59,I_stable,I_stable,0.5323309012057498,0.5913138676923984
0.02,0.4510204081632653,3.030557063045601e-241,3.030557063045601e-241,9.376238247654525e+59,I_stable,I_stable,0.5503603589627031,0.6079566608873909
0.02,0.47061224489795916,3.098906184250144e-241,3.098906184250144e-241,1.0840519644360027e+60,I_stable,I_stable,0.5681950124246583,0.6243304462120175
0.02,0.49020408163265305,2.948471758284628e-241,2.948471758284628e-241,1.2676808451865558e+60,I_stable,I_stable,0.5858449522056745,0.6404505115873405
0.02,0.509795918367347,7.121468467172086e-248,7.121468467172086e-248,1.4073464934901822e+60,I_stable,I_stable,0.6033193653210811,0.6563307034948636
0.02,0.5293877551020408,7.128433535105726e-248,7.128433535105726e-248,1.639819782975338e+60,I_stable,I_stable,0.6206266476163069,0.6719836127708723
0.02,0.5489795918367347,7.1359072775102005e-248,7.1359072775102005e-248,1.8475010836625463e+60,I_stable,I_stable,0.6377744985737119,0.6874207304936282
0.02,0.5685714285714285,7.144176428761671e-248,7.144176428761671e-248,2.1463783268026155e+60,I_stable,I_stable,0.654770001788624,0.7026525796689959
0.02,0.5881632653061224,7.153102366523881e-248,7.153102366523881e-248,2.3347193243161282e+60,I_stable,I_stable,0.6716196936990277,0.7176888271731363
0.02,0.6077551020408163,7.162990169738326e-248,7.162990169738326e-248,2.7822257959240895e+60,I_stable,I_stable,0.6883296226168335,0.732538379468813
0.02,0.6273469387755102,7.173951962757358e-248,7.173951962757358e-248,2.8298606367745522e+60,I_stable,I_stable,0.7049053996971941,0.7472094648927027
0.02,0.6469387755102041,7.18609103152502e-248,7.18609103152502e-248,3.426718929841754e+60,I_stable,I_stable,0.7213522431638066,0.7617097047568138
0.02,0.666530612244898,7.199634419031123e-248,7.199634419031123e-248,4.1008334262437044e+60,I_stable,I_stable,0.7376750168593522,0.776046175076077
0.02,0.6861224489795918,7.21495050377253e-248,7.21495050377253e-248,4.4683509201176455e+60,I_stable,I_stable,0.753878263994344,0.7902254603961592
0.02,0.7057142857142857,7.232345937676982e-248,7.232345937676982e-248,5.207914034538891e+60,I_stable,I_stable,0.7699662368122037,0.8042537009284144
0.02,0.7253061224489796,7.252273688625027e-248,7.252273688625027e-248,6.365457504147966e+60,I_stable,I_stable,0.785942922764163,0.8181366339862136
0.02,0.7448979591836734,7.27535439902483e-248,7.27535439902483e-248,7.488040950985922e+60,I_stable,I_stable,0.8018120676876266,0.8318796305464131
0.02,0.7644897959183673,1.2280703399505138e-247,1.2280703399505138e-247,8.945715224813887e+60,I_stable,I_stable,0.8175771964006852,0.845487727622176
0.02,0.7840816326530612,1.233464686868618e-247,1.233464686868618e-247,1.0628591643019238e+61,I_stable,I_stable,0.8332416310595315,0.8589656570217082
0.02,0.8036734693877551,1.2400040834411143e-247,1.2400040834411143e-247,1.315750094686767e+61,I_stable,I_stable,0.8488085075715106,0.8723178709763119
0.02,0.823265306122449,1.248059836043159e-247,1.248059836043159e-247,1.7013639524341424e+61,I_stable,I_stable,0.8642807903120353,0.8855485650463302
0.02,0.8428571428571429,1.705377825561557e-247,1.705377825561557e-247,2.1635262727501054e+61,I_stable,I_stable,0.8796612853567701,0.8986616986518081
0.02,0.8624489795918368,1.72337684841726e-247,1.72337684841726e-247,2.9731551308356034e+61,I_stable,I_stable,0.8949526524098372,0.9116610135234937
0.02,0.8820408163265305,2.1687074847270066e-247,2.1687074847270066e-247,4.062055233480043e+61,I_stable,I_stable,0.910157415583198,0.9245500503271527
0.02,0.9016326530612244,2.615437408826691e-247,2.615437408826691e-247,6.029036871067731e+61,I_stable,I_stable,0.9252779731608697,0.9373321636784746
0.02,0.9212244897959183,3.0912270409957e-247,3.0912270409957e-247,9.54632668760436e+61,I_stable,I_stable,0.9403166064635249,0.95001053573586
0.02,0.9408163265306122,4.040204213616244e-247,4.040204213616244e-247,1.7267240592959659e+62,I_stable,I_stable,0.9552754879136958,0.9625881885330734
0.02,0.9604081632653061,6.108170818989511e-247,6.108170818989511e-247,3.938202007860054e+62,I_stable,I_stable,0.9701566883887878,0.975067995192316
0.02,0.98,1.5029688500464782e-246,1.5029688500464782e-246,1.5674236146705011e+63,I_stable,I_stable,0.9849621839380145,0.9874526901400564
0.03959183673469388,0.02,1.560194647729937e-241,1.560194647729937e-241,1.5242821549996387e+59,I_stable,I_stable,0.053182958969449884,0.08672488792828036
0.03959183673469388,0.03959183673469388,3.227524896359989e-241,3.227524896359989e-241,1.0382274924181574e+59,I_stable,I_stable,0.0887573316607622,0.13289343624648517
0.03959183673469388,0.05918367346938776,5.806187547803498e-241,5.806187547803498e-241,1.3202167722306018e+59,I_stable,I_stable,0.11999176412600944,0.17085441221071906
0.03959183673469388,0.07877551020408163,9.549085953078255e-241,9.549085953078255e-241,1.0722052273047923e+59,I_stable,I_stable,0.14869399108610135,0.20428878025677358
0.03959183673469388,0.09836734693877551,7.120052075150227e-241,7.120052075150227e-241,1.785416027650852e+59,I_stable,I_stable,0.17564598165422904,0.23471013804909577
0.03959183673469388,0.11795918367346939,9.452699269553637e-241,9.452699269553637e-241,2.188138817763869e+59,I_stable,I_stable,0.20127916346199196,0.2629252823644016
0.03959183673469388,0.13755102040816325,7.885266373517997e-241,7.885266373517997e-241,1.768254963425306e+59,I_stable,I_stable,0.2258644406312193,0.2894275613209483
0.03959183673469388,0.1571428571428571,8.110479984630611e-241,8.110479984630611e-241,2.3081624939762695e+59,I_stable,I_stable,0.24958643848936826,0.3145459902001079
0.03959183673469388,0.176734693877551,3.4878700965498256e-241,3.4878700965498256e-241,2.6624186268184373e+59,I_stable,I_stable,0.27257835044093476,0.3385136086233395
0.03959183673469388,0.1963265306122449,3.3348795494966264e-241,3.3348795494966264e-241,2.6102593177490908e+59,I_stable,I_stable,0.29494038580671944,0.3615029702725009
0.03959183673469388,0.21591836734693876,3.548016482957135e-241,3.548016482957135e-241,3.1254916262179952e+59,I_stable,I_stable,0.31675041368227413,0.38364628074541884
0.03959183673469388,0.23551020408163262,3.683326763434562e-241,3.683326763434562e-241,2.949257029943745e+59,I_stable,I_stable,0.33807051609020067,0.40504761611013695
0.03959183673469388,0.25510204081632654,2.8763466059877213e-241,2.8763466059877213e-241,4.34468256621346e+59,I_stable,I_stable,0.35895123321356215,0.4257907359260144
0.03959183673469388,0.2746938775510204,2.9263840509438323e-241,2.9263840509438323e-241,4.699054486797871e+59,I_stable,I_stable,0.3794344287204513,0.4459442950811514
0.03959183673469388,0.29428571428571426,3.344512041939722e-241,3.344512041939722e-241,5.132345164420549e+59,I_stable,I_stable,0.39955529026532965,0.46556544382477766
0.03959183673469388,0.31387755102040815,2.9282441557640327e-241,2.9282441557640327e-241,5.45443643224609e+59,I_stable,I_stable,0.41934376641984905,0.4847023882973251
0.03959183673469388,0.33346938775510204,3.312340162437035e-241,3.312340162437035e-241,5.469856693867766e+59,I_stable,I_stable,0.4388256240669263,0.5033962576661685
0.03959183673469388,0.35306122448979593,3.299212025688394e-241,3.299212025688394e-241,6.5362620707447245e+59,I_stable,I_stable,0.45802324290480784,0.521682495210736
0.03959183673469388,0.3726530612244898,3.2368597878634936e-241,3.2368597878634936e-241,6.816985896566457e+59,I_stable,I_stable,0.4769562233715155,0.5395919143211331
0.03959183673469388,0.39224489795918366,3.2185538292065616e-241,3.2185538292065616e-241,7.698016973825324e+59,I_stable,I_stable,0.49564185930152915,0.5571515134352752
0.03959183673469388,0.41183673469387755,2.582446732804652e-241,2.582446732804652e-241,8.918843964085197e+59,I_stable,I_stable,0.5140955106577026,0.5743851141903371
0.03959183673469388,0.43142857142857144,2.5612181501884493e-241,2.5612181501884493e-241,1.0095840264794678e+60,I_stable,I_stable,0.5323309012057498,0.5913138676923984
0.03959183673469388,0.4510204081632653,2.5079765721223333e-241,2.5079765721223333e-241,1.0679691607327091e+60,I_stable,I_stable,0.5503603589627031,0.6079566608873909
0.03959183673469388,0.47061224489795916,2.5954002868951476e-241,2.5954002868951476e-241,1.224323454730763e+60,I_stable,I_stable,0.5681950124246583,0.6243304462120175
0.03959183673469388,0.49020408163265305,2.4593966378063343e-241,2.4593966378063343e-241,1.4199315641162777e+60,I_stable,I_stable,0.5858449522056745,0.6404505115873405
0.03959183673469388,0.509795918367347,7.121415826617616e-248,7.121415826617616e-248,1.5636428888108621e+60,I_stable,I_stable,0.6033193653210811,0.6563307034948636
0.03959183673469388,0.5293877551020408,7.1283223920824836e-248,7.1283223920824836e-248,1.5426963568322376e+60,I_stable,I_stable,0.6206266476163069,0.6719836127708723
0.03959183673469388,0.5489795918367347,7.1358592825933495e-248,7.1358592825933495e-248,1.7418986165143075e+60,I_stable,I_stable,0.6377744985737119,0.6874207304936282
0.03959183673469388,0.5685714285714285,7.144054484103798e-248,7.144054484103798e-248,2.028186359938169e+60,I_stable,I_stable,0.654770001788624,0.7026525796689959
0.03959183673469388,0.5881632653061224,7.153053360739765e-248,7.153053360739765e-248,2.210850952031595e+60,I_stable,I_stable,0.6716196936990277,0.7176888271731363
0.03959183673469388,0.6077551020408163,7.162926573620714e-248,7.162926573620714e-248,2.640541775228724e+60,I_stable,I_stable,0.6883296226168335,0.732538379468813
0.03959183673469388,0.6273469387755102,7.173901252595591e-248,7.173901252595591e-248,3.024716243485791e+60,I_stable,I_stable,0.7049053996971941,0.7472094648927027
0.03959183673469388,0.6469387755102041,7.185978864694023e-248,7.185978864694023e-248,3.643744539703451e+60,I_stable,I_stable,0.7213522431638066,0.7617097047568138
0.03959183673469388,0.666530612244898,7.199577594592543e-248,7.199577594592543e-248,3.9187176369008934e+60,I_stable,I_stable,0.7376750168593522,0.776046175076077
0.03959183673469388,0.6861224489795918,7.214837252726881e-248,7.214837252726881e-248,4.703385960345576e+60,I_stable,I_stable,0.753878263994344,0.7902254603961592
0.03959183673469388,0.7057142857142857,7.232295214271653e-248,7.232295214271653e-248,5.455281350634185e+60,I_stable,I_stable,0.7699662368122037,0.8042537009284144
0.03959183673469388,0.7253061224489796,7.252230686588855e-248,7.252230686588855e-248,6.1241184467355805e+60,I_stable,I_stable,0.785942922764163,0.8181366339862136
0.03959183673469388,0.7448979591836734,7.275228911345664e-248,7.275228911345664e-248,7.77573850589591e+60,I_stable,I_stable,0.8018120676876266,0.8318796305464131
0.03959183673469388,0.7644897959183673,1.2280528432207705e-247,1.2280528432207705e-247,9.254010923781073e+60,I_stable,I_stable,0.8175771964006852,0.845487727622176
0.03959183673469388,0.7840816326530612,1.2334543764749344e-247,1.2334543764749344e-247,1.0948572312038142e+61,I_stable,I_stable,0.8332416310595315,0.8589656570217082
0.03959183673469388,0.8036734693877551,1.2399861135267994e-247,1.2399861135267994e-247,1.3504793430814477e+61,I_stable,I_stable,0.8488085075715106,0.8723178709763119
0.03959183673469388,0.823265306122449,1.2480530177578772e-247,1.2480530177578772e-247,1.7397163175114012e+61,I_stable,I_stable,0.8642807903120353,0.8855485650463302
0.03959183673469388,0.8428571428571429,1.7053540355528615e-247,1.7053540355528615e-247,2.2057327924395983e+61,I_stable,I_stable,0.8796612853567701,0.8986616986518081
0.03959183673469388,0.8624489795918368,1.7233675231825335e-247,1.7233675231825335e-247,2.911278183554921e+61,I_stable,I_stable,0.8949526524098372,0.9116610135234937
0.03959183673469388,0.8820408163265305,2.1686901237415104e-247,2.1686901237415104e-247,4.1138214380727415e+61,I_stable,I_stable,0.910157415583198,0.9245500503271527
0.03959183673469388,0.9016326530612244,2.6154246571810055e-247,2.6154246571810055e-247,5.935614538289961e+61,I_stable,I_stable,0.9252779731608697,0.9373321636784746
0.03959183673469388,0.9212244897959183,3.09120650127204e-247,3.09120650127204e-247,9.62114295664771e+61,I_stable,I_stable,0.9403166064635249,0.95001053573586
0.03959183673469388,0.9408163265306122,4.0401830915100376e-247,4.0401830915100376e-247,1.7354722986296424e+62,I_stable,I_stable,0.9552754879136958,0.9625881885330734
0.03959183673469388,0.9604081632653061,6.108128935675373e-247,6.108128935675373e-247,3.9106673655666866e+62,I_stable,I_stable,0.9701566883887878,0.975067995192316
0.03959183673469388,0.98,1.5029608873857567e-246,1.5029608873857567e-246,1.5694149338063838e+63,I_stable,I_stable,0.9849621839380145,0.9874526901400564
0.05918367346938776,0.02,5.498190925985642e-57,1.278998929198965e-21,1.4474264219533744e+28,II_spike,I_stable,0.053182958969449884,0.08672488792828036
0.05918367346938776,0.03959183673469388,4.666720373467395e-241,4.666720373467395e-241,1.4169385390050208e+59,I_stable,I_stable,0.0887573316607622,0.13289343624648517
0.05918367346938776,0.05918367346938776,7.262389583257698e-241,7.262389583257698e-241,1.5166437290964394e+59,I_stable,I_stable,0.11999176412600944,0.17085441221071906
0.05918367346938776,0.07877551020408163,2.5212183695932506e-241,2.5212183695932506e-241,2.151157035437644e+59,I_stable,I_stable,0.14869399108610135,0.20428878025677358
0.05918367346938776,0.09836734693877551,2.8218728910901078e-241,2.8218728910901078e-241,1.8167408270056733e+59,I_stable,I_stable,0.17564598165422904,0.23471013804909577
0.05918367346938776,0.11795918367346939,2.9953994343106325e-241,2.9953994343106325e-241,2.1670084266150633e+59,I_stable,I_stable,0.20127916346199196,0.2629252823644016
0.05918367346938776,0.13755102040816325,3.176332182894461e-241,3.176332182894461e-241,2.824223510633195e+59,I_stable,I_stable,0.2258644406312193,0.2894275613209483
0.05918367346938776,0.1571428571428571,3.223496354990568e-241,3.223496354990568e-241,2.2167341310487875e+59,I_stable,I_stable,0.24958643848936826,0.3145459902001079
0.05918367346938776,0.176734693877551,3.3088840145672225e-241,3.3088840145672225e-241,2.5339007112372677e+59,I_stable,I_stable,0.27257835044093476,0.3385136086233395
0.05918367346938776,0.1963265306122449,3.428844437813002e-241,3.428844437813002e-241,3.708161191412251e+59,I_stable,I_stable,0.29494038580671944,0.3615029702725009
0.05918367346938776,0.21591836734693876,5.6547398768102274e-241,5.6547398768102274e-241,2.942349560965487e+59,I_stable,I_stable,0.31675041368227413,0.38364628074541884
0.05918367346938776,0.23551020408163262,5.8029478451481217e-241,5.8029478451481217e-241,3.9727563256734833e+59,I_stable,I_stable,0.33807051609020067,0.40504761611013695
0.05918367346938776,0.25510204081632654,3.194108338673331e-241,3.194108338673331e-241,4.067826136015501e+59,I_stable,I_stable,0.35895123321356215,0.4257907359260144
0.05918367346938776,0.2746938775510204,3.2267912773121366e-241,3.2267912773121366e-241,4.393862375808172e+59,I_stable,I_stable,0.3794344287204513,0.4459442950811514
0.05918367346938776,0.29428571428571426,3.585440630775917e-241,3.585440630775917e-241,4.794273088153392e+59,I_stable,I_stable,0.39955529026532965,0.46556544382477766
0.05918367346938776,0.31387755102040815,3.45269620540712e-241,3.45269620540712e-241,5.093800080890062e+59,I_stable,I_stable,0.41934376641984905,0.4847023882973251
0.05918367346938776,0.33346938775510204,2.6936321715197737e-241,2.6936321715197737e-241,6.7228037389060045e+59,I_stable,I_stable,0.4388256240669263,0.5033962576661685
0.05918367346938776,0.35306122448979593,2.6840843284727386e-241,2.6840843284727386e-241,6.106641829370388e+59,I_stable,I_stable,0.45802324290480784,0.521682495210736
0.05918367346938776,0.3726530612244898,3.458703773067148e-241,3.458703773067148e-241,8.159135077582971e+59,I_stable,I_stable,0.4769562233715155,0.5395919143211331
0.05918367346938776,0.39224489795918366,2.6439899836933833e-241,2.6439899836933833e-241,7.203829814381578e+59,I_stable,I_stable,0.49564185930152915,0.5571515134352752
0.05918367346938776,0.41183673469387755,3.040579941610587e-241,3.040579941610587e-241,8.353194763093458e+59,I_stable,I_stable,0.5140955106577026,0.5743851141903371
0.05918367346938776,0.43142857142857144,2.9681521302101502e-241,2.9681521302101502e-241,9.46679226230854e+59,I_stable,I_stable,0.5323309012057498,0.5913138676923984
0.05918367346938776,0.4510204081632653,2.9106692697204523e-241,2.9106692697204523e-241,1.0029413149090166e+60,I_stable,I_stable,0.5503603589627031,0.6079566608873909
0.05918367346938776,0.47061224489795916,2.9823782287322762e-241,2.9823782287322762e-241,1.1511470041996296e+60,I_stable,I_stable,0.5681950124246583,0.6243304462120175
0.05918367346938776,0.49020408163265305,2.864232131094375e-241,2.864232131094375e-241,1.336982926858419e+60,I_stable,I_stable,0.5858449522056745,0.6404505115873405
0.05918367346938776,0.509795918367347,7.12128851643627e-248,7.12128851643627e-248,1.4753653302491495e+60,I_stable,I_stable,0.6033193653210811,0.6563307034948636
0.05918367346938776,0.5293877551020408,7.128256967720008e-248,7.128256967720008e-248,1.709551459248178e+60,I_stable,I_stable,0.6206266476163069,0.6719836127708723
0.05918367346938776,0.5489795918367347,7.135792893305613e-248,7.135792893305613e-248,1.9159358337639763e+60,I_stable,I_stable,0.6377744985737119,0.6874207304936282
0.05918367346938776,0.5685714285714285,7.144001836355303e-248,7.144001836355303e-248,2.2154684509769484e+60,I_stable,I_stable,0.654770001788624,0.7026525796689959
0.05918367346938776,0.5881632653061224,7.152988978236527e-248,7.152988978236527e-248,2.3984094367803437e+60,I_stable,I_stable,0.6716196936990277,0.7176888271731363
0.05918367346938776,0.6077551020408163,7.162813754569394e-248,7.162813754569394e-248,2.847689341094832e+60,I_stable,I_stable,0.6883296226168335,0.732538379468813
0.05918367346938776,0.6273469387755102,7.173776181460641e-248,7.173776181460641e-248,3.241876814392318e+60,I_stable,I_stable,0.7049053996971941,0.7472094648927027
0.05918367346938776,0.6469387755102041,7.185920077615614e-248,7.185920077615614e-248,3.482916290775382e+60,I_stable,I_stable,0.7213522431638066,0.7617097047568138
0.05918367346938776,0.666530612244898,7.199463085933257e-248,7.199463085933257e-248,4.155564458950382e+60,I_stable,I_stable,0.7376750168593522,0.776046175076077
0.05918367346938776,0.6861224489795918,7.21478883367561e-248,7.21478883367561e-248,4.5144327928979634e+60,I_stable,I_stable,0.753878263994344,0.7902254603961592
0.05918367346938776,0.7057142857142857,7.232173966690942e-248,7.232173966690942e-248,5.246143679699211e+60,I_stable,I_stable,0.7699662368122037,0.8042537009284144
0.05918367346938776,0.7253061224489796,7.252113222335284e-248,7.252113222335284e-248,6.399196943952853e+60,I_stable,I_stable,0.785942922764163,0.8181366339862136
0.05918367346938776,0.7448979591836734,7.275180618367108e-248,7.275180618367108e-248,7.513590479611905e+60,I_stable,I_stable,0.8018120676876266,0.8318796305464131
0.05918367346938776,0.7644897959183673,1.2280425053492566e-247,1.2280425053492566e-247,8.958018805896073e+60,I_stable,I_stable,0.8175771964006852,0.845487727622176
0.05918367346938776,0.7840816326530612,1.2334465774187786e-247,1.2334465774187786e-247,1.1290156867694526e+61,I_stable,I_stable,0.8332416310595315,0.8589656570217082
0.05918367346938776,0.8036734693877551,1.2399760290632166e-247,1.2399760290632166e-247,1.3872243051922948e+61,I_stable,I_stable,0.8488085075715106,0.8723178709763119
0.05918367346938776,0.823265306122449,1.248031556931632e-247,1.248031556931632e-247,1.6960749439539332e+61,I_stable,I_stable,0.8642807903120353,0.8855485650463302
0.05918367346938776,0.8428571428571429,1.7053401396477404e-247,1.7053401396477404e-247,2.2499510124336817e+61,I_stable,I_stable,0.8796612853567701,0.8986616986518081
0.05918367346938776,0.8624489795918368,1.7233560188225812e-247,1.7233560188225812e-247,2.9597692842749626e+61,I_stable,I_stable,0.8949526524098372,0.9116610135234937
0.05918367346938776,0.8820408163265305,2.1686783293764667e-247,2.1686783293764667e-247,4.0419889348167736e+61,I_stable,I_stable,0.910157415583198,0.9245500503271527
0.05918367346938776,0.9016326530612244,2.6153836717562124e-247,2.6153836717562124e-247,5.996738454536361e+61,I_stable,I_stable,0.9252779731608697,0.9373321636784746
0.05918367346938776,0.9212244897959183,3.091188341507508e-247,3.091188341507508e-247,9.501187248016842e+61,I_stable,I_stable,0.9403166064635249,0.95001053573586
0.05918367346938776,0.9408163265306122,4.040162855497737e-247,4.040162855497737e-247,1.7188736898497114e+62,I_stable,I_stable,0.9552754879136958,0.9625881885330734
0.05918367346938776,0.9604081632653061,6.108096107043478e-247,6.108096107043478e-247,3.9222785605161914e+62,I_stable,I_stable,0.9701566883887878,0.975067995192316
0.05918367346938776,0.98,1.5029515701011665e-246,1.5029515701011665e-246,1.571287162209978e+63,I_stable,I_stable,0.9849621839380145,0.9874526901400564
0.07877551020408163,0.02,1.4668951978623184e-26,2.1738665759504125e-20,10162612190.127731,II_spike,I_stable,0.053182958969449884,0.08672488792828036
0.07877551020408163,0.03959183673469388,5.340153865897513e-241,5.340153865897513e-241,2.368955603565362e+59,I_stable,I_stable,0.0887573316607622,0.13289343624648517
0.07877551020408163,0.05918367346938776,1.662719804784128e-241,1.662719804784128e-241,1.921866058996494e+59,I_stable,I_stable,0.11999176412600944,0.17085441221071906
0.07877551020408163,0.07877551020408163,3.462632796304013e-241,3.462632796304013e-241,2.4383253937584275e+59,I_stable,I_stable,0.14869399108610135,0.20428878025677358
0.07877551020408163,0.09836734693877551,2.152789365658029e-241,2.152789365658029e-241,1.9393338631579607e+59,I_stable,I_stable,0.17564598165422904,0.23471013804909577
0.07877551020408163,0.11795918367346939,4.4712269059220446e-241,4.4712269059220446e-241,2.229324083613533e+59,I_stable,I_stable,0.20127916346199196,0.2629252823644016
0.07877551020408163,0.13755102040816325,4.856454616049422e-241,4.856454616049422e-241,2.834487280660645e+59,I_stable,I_stable,0.2258644406312193,0.2894275613209483
0.07877551020408163,0.1571428571428571,5.011676601493092e-241,5.011676601493092e-241,3.4743983533482008e+59,I_stable,I_stable,0.24958643848936826,0.3145459902001079
0.07877551020408163,0.176734693877551,5.15835661226137e-241,5.15835661226137e-241,2.4693446663271206e+59,I_stable,I_stable,0.27257835044093476,0.3385136086233395
0.07877551020408163,0.1963265306122449,5.325173992167942e-241,5.325173992167942e-241,3.581318745090909e+59,I_stable,I_stable,0.29494038580671944,0.3615029702725009
0.07877551020408163,0.21591836734693876,2.9621081230269736e-241,2.9621081230269736e-241,4.1401151093028645e+59,I_stable,I_stable,0.31675041368227413,0.38364628074541884
0.07877551020408163,0.23551020408163262,3.218928166484819e-241,3.218928166484819e-241,3.7911515386068785e+59,I_stable,I_stable,0.33807051609020067,0.40504761611013695
0.07877551020408163,0.25510204081632654,3.239250006721352e-241,3.239250006721352e-241,3.866472173559635e+59,I_stable,I_stable,0.35895123321356215,0.4257907359260144
0.07877551020408163,0.2746938775510204,3.3875521772611465e-241,3.3875521772611465e-241,4.164948475543106e+59,I_stable,I_stable,0.3794344287204513,0.4459442950811514
0.07877551020408163,0.29428571428571426,3.070057552526486e-241,3.070057552526486e-241,4.535312952236438e+59,I_stable,I_stable,0.39955529026532965,0.46556544382477766
0.07877551020408163,0.31387755102040815,2.6648856075545068e-241,2.6648856075545068e-241,6.429700805254659e+59,I_stable,I_stable,0.41934376641984905,0.4847023882973251
0.07877551020408163,0.33346938775510204,3.054566851538147e-241,3.054566851538147e-241,6.344624036128941e+59,I_stable,I_stable,0.4388256240669263,0.5033962576661685
0.07877551020408163,0.35306122448979593,3.056066285220456e-241,3.056066285220456e-241,7.472710376268952e+59,I_stable,I_stable,0.45802324290480784,0.521682495210736
0.07877551020408163,0.3726530612244898,3.0013725748779154e-241,3.0013725748779154e-241,7.695628540130132e+59,I_stable,I_stable,0.4769562233715155,0.5395919143211331
0.07877551020408163,0.39224489795918366,2.9925328166344106e-241,2.9925328166344106e-241,8.586921385389468e+59,I_stable,I_stable,0.49564185930152915,0.5571515134352752
0.07877551020408163,0.41183673469387755,2.450660716657407e-241,2.450660716657407e-241,9.842803039780333e+59,I_stable,I_stable,0.5140955106577026,0.5743851141903371
0.07877551020408163,0.43142857142857144,2.4203984413080192e-241,2.4203984413080192e-241,1.1034487359901898e+60,I_stable,I_stable,0.5323309012057498,0.5913138676923984
0.07877551020408163,0.4510204081632653,2.394151263436384e-241,2.394151263436384e-241,1.1567880162153357e+60,I_stable,I_stable,0.5503603589627031,0.6079566608873909
0.07877551020408163,0.47061224489795916,2.4820924865932315e-241,2.4820924865932315e-241,1.3150994647373543e+60,I_stable,I_stable,0.5681950124246583,0.6243304462120175
0.07877551020408163,0.49020408163265305,2.3642202169858408e-241,2.3642202169858408e-241,1.5137530928205172e+60,I_stable,I_stable,0.5858449522056745,0.6404505115873405
0.07877551020408163,0.509795918367347,7.121232821050804e-248,7.121232821050804e-248,1.6558133837538814e+60,I_stable,I_stable,0.6033193653210811,0.6563307034948636
0.07877551020408163,0.5293877551020408,7.128138805340051e-248,7.128138805340051e-248,1.6229895231350152e+60,I_stable,I_stable,0.6206266476163069,0.6719836127708723
0.07877551020408163,0.5489795918367347,7.1356763628691646e-248,7.1356763628691646e-248,1.8217401080866447e+60,I_stable,I_stable,0.6377744985737119,0.6874207304936282
0.07877551020408163,0.5685714285714285,7.1438723344723156e-248,7.1438723344723156e-248,2.11017226868779e+60,I_stable,I_stable,0.654770001788624,0.7026525796689959
0.07877551020408163,0.5881632653061224,7.152873379266285e-248,7.152873379266285e-248,2.2879915246715826e+60,I_stable,I_stable,0.6716196936990277,0.7176888271731363
0.07877551020408163,0.6077551020408163,7.162745298103872e-248,7.162745298103872e-248,2.7198623429496514e+60,I_stable,I_stable,0.6883296226168335,0.732538379468813
0.07877551020408163,0.6273469387755102,7.173723360598395e-248,7.173723360598395e-248,3.102617544648219e+60,I_stable,I_stable,0.7049053996971941,0.7472094648927027
0.07877551020408163,0.6469387755102041,7.185798185584865e-248,7.185798185584865e-248,3.722311069340304e+60,I_stable,I_stable,0.7213522431638066,0.7617097047568138
0.07877551020408163,0.666530612244898,7.199410543339458e-248,7.199410543339458e-248,3.990255718897515e+60,I_stable,I_stable,0.7376750168593522,0.776046175076077
0.07877551020408163,0.6861224489795918,7.214659581222248e-248,7.214659581222248e-248,4.772465106992644e+60,I_stable,I_stable,0.753878263994344,0.7902254603961592
0.07877551020408163,0.7057142857142857,7.232127193217722e-248,7.232127193217722e-248,5.5190445645658334e+60,I_stable,I_stable,0.7699662368122037,0.8042537009284144
0.07877551020408163,0.7253061224489796,7.252054553251201e-248,7.252054553251201e-248,6.697724346076274e+60,I_stable,I_stable,0.785942922764163,0.8181366339862136
0.07877551020408163,0.7448979591836734,7.275060986488148e-248,7.275060986488148e-248,7.828093284235718e+60,I_stable,I_stable,0.8018120676876266,0.8318796305464131
0.07877551020408163,0.7644897959183673,1.228023203500395e-247,1.228023203500395e-247,9.290486450614289e+60,I_stable,I_stable,0.8175771964006852,0.845487727622176
0.07877551020408163,0.7840816326530612,1.2334281642729924e-247,1.2334281642729924e-247,1.0974613907783117e+61,I_stable,I_stable,0.8332416310595315,0.8589656570217082
0.07877551020408163,0.8036734693877551,1.2399678646270646e-247,1.2399678646270646e-247,1.3509762255460886e+61,I_stable,I_stable,0.8488085075715106,0.8723178709763119
0.07877551020408163,0.823265306122449,1.2480235501355464e-247,1.2480235501355464e-247,1.738444705658798e+61,I_stable,I_stable,0.8642807903120353,0.8855485650463302
0.07877551020408163,0.8428571428571429,1.7053284870321154e-247,1.7053284870321154e-247,2.2008576033830017e+61,I_stable,I_stable,0.8796612853567701,0.8986616986518081
0.07877551020408163,0.8624489795918368,1.7233308186194557e-247,1.7233308186194557e-247,3.0125480426210793e+61,I_stable,I_stable,0.8949526524098372,0.9116610135234937
0.07877551020408163,0.8820408163265305,2.1686658146316454e-247,2.1686658146316454e-247,4.098770066136776e+61,I_stable,I_stable,0.910157415583198,0.9245500503271527
0.07877551020408163,0.9016326530612244,2.6153690028735234e-247,2.6153690028735234e-247,6.063229981365153e+61,I_stable,I_stable,0.9252779731608697,0.9373321636784746
0.07877551020408163,0.9212244897959183,3.091140223399265e-247,3.091140223399265e-247,9.578794207195532e+61,I_stable,I_stable,0.9403166064635249,0.95001053573586
0.07877551020408163,0.9408163265306122,4.04009793916697e-247,4.04009793916697e-247,1.7285967124820568e+62,I_stable,I_stable,0.9552754879136958,0.9625881885330734
0.07877551020408163,0.9604081632653061,6.108063192606714e-247,6.108063192606714e-247,3.935034061522957e+62,I_stable,I_stable,0.9701566883887878,0.975067995192316
0.07877551020408163,0.98,1.5029434894690945e-246,1.5029434894690945e-246,1.5730310493203858e+63,I_stable,I_stable,0.9849621839380145,0.9874526901400564
0.09836734693877551,0.02,1.1316692994471404e-26,1.1462604180570582e-24,2519251619955.473,III_signgd,I_stable,0.053182958969449884,0.08672488792828036
0.09836734693877551,0.03959183673469388,3.0058847895426513e-70,3.7711432556631334e-23,5.918098130576713e+46,II_spike,I_stable,0.0887573316607622,0.13289343624648517
0.09836734693877551,0.05918367346938776,2.0288485643357072e-241,2.0288485643357072e-241,2.788975295073745e+59,I_stable,I_stable,0.11999176412600944,0.17085441221071906
0.09836734693877551,0.07877551020408163,4.7319859175352454e-241,4.7319859175352454e-241,2.9959530564807384e+59,I_stable,I_stable,0.14869399108610135,0.20428878025677358
0.09836734693877551,0.09836734693877551,3.1289794953750525e-241,3.1289794953750525e-241,2.1920407461700123e+59,I_stable,I_stable,0.17564598165422904,0.23471013804909577
0.09836734693877551,0.11795918367346939,6.628623031115483e-241,6.628623031115483e-241,2.397309373314064e+59,I_stable,I_stable,0.20127916346199196,0.2629252823644016
0.09836734693877551,0.13755102040816325,5.836775112575395e-241,5.836775112575395e-241,2.949558392090144e+59,I_stable,I_stable,0.2258644406312193,0.2894275613209483
0.09836734693877551,0.1571428571428571,6.202838961917362e-241,6.202838961917362e-241,3.5332028856257575e+59,I_stable,I_stable,0.24958643848936826,0.3145459902001079
0.09836734693877551,0.176734693877551,2.8983621027869616e-241,2.8983621027869616e-241,3.8098639955063602e+59,I_stable,I_stable,0.27257835044093476,0.3385136086233395
0.09836734693877551,0.1963265306122449,2.7075485429850584e-241,2.7075485429850584e-241,3.5387111067452776e+59,I_stable,I_stable,0.29494038580671944,0.3615029702725009
0.09836734693877551,0.21591836734693876,3.0147161054309464e-241,3.0147161054309464e-241,4.052372295158385e+59,I_stable,I_stable,0.31675041368227413,0.38364628074541884
0.09836734693877551,0.23551020408163262,4.980415043444576e-241,4.980415043444576e-241,3.6840036948297727e+59,I_stable,I_stable,0.33807051609020067,0.40504761611013695
0.09836734693877551,0.25510204081632654,2.515659475020781e-241,2.515659475020781e-241,5.258374082381611e+59,I_stable,I_stable,0.35895123321356215,0.4257907359260144
0.09836734693877551,0.2746938775510204,2.5670479182435145e-241,2.5670479182435145e-241,5.535626004621489e+59,I_stable,I_stable,0.3794344287204513,0.4459442950811514
0.09836734693877551,0.29428571428571426,3.168982934408736e-241,3.168982934408736e-241,5.903914867559986e+59,I_stable,I_stable,0.39955529026532965,0.46556544382477766
0.09836734693877551,0.31387755102040815,2.971131731482235e-241,2.971131731482235e-241,6.148799869732629e+59,I_stable,I_stable,0.41934376641984905,0.4847023882973251
0.09836734693877551,0.33346938775510204,3.211213715616063e-241,3.211213715616063e-241,6.0574760556665016e+59,I_stable,I_stable,0.4388256240669263,0.5033962576661685
0.09836734693877551,0.35306122448979593,3.22025142627036e-241,3.22025142627036e-241,7.1247136364631205e+59,I_stable,I_stable,0.45802324290480784,0.521682495210736
0.09836734693877551,0.3726530612244898,3.2221542834829896e-241,3.2221542834829896e-241,7.330659695929542e+59,I_stable,I_stable,0.4769562233715155,0.5395919143211331
0.09836734693877551,0.39224489795918366,2.4054097401467957e-241,2.4054097401467957e-241,8.175795888943675e+59,I_stable,I_stable,0.49564185930152915,0.5571515134352752
0.09836734693877551,0.41183673469387755,2.5717430876642326e-241,2.5717430876642326e-241,9.36792832081231e+59,I_stable,I_stable,0.5140955106577026,0.5743851141903371
0.09836734693877551,0.43142857142857144,2.8051507649267522e-241,2.8051507649267522e-241,1.0500690790978847e+60,I_stable,I_stable,0.5323309012057498,0.5913138676923984
0.09836734693877551,0.4510204081632653,2.7739198955514314e-241,2.7739198955514314e-241,1.1013572924113166e+60,I_stable,I_stable,0.5503603589627031,0.6079566608873909
0.09836734693877551,0.47061224489795916,2.8334623789158578e-241,2.8334623789158578e-241,1.2525807305842013e+60,I_stable,I_stable,0.5681950124246583,0.6243304462120175
0.09836734693877551,0.49020408163265305,2.7291126622236923e-241,2.7291126622236923e-241,1.4424837085321698e+60,I_stable,I_stable,0.5858449522056745,0.6404505115873405
0.09836734693877551,0.509795918367347,7.121099882386225e-248,7.121099882386225e-248,1.5791067484383159e+60,I_stable,I_stable,0.6033193653210811,0.6563307034948636
0.09836734693877551,0.5293877551020408,7.128069912221691e-248,7.128069912221691e-248,1.8164825262311712e+60,I_stable,I_stable,0.6206266476163069,0.6719836127708723
0.09836734693877551,0.5489795918367347,7.135606271600573e-248,7.135606271600573e-248,2.0222729579499377e+60,I_stable,I_stable,0.6377744985737119,0.6874207304936282
0.09836734693877551,0.5685714285714285,7.1438156070093135e-248,7.1438156070093135e-248,2.324190021302502e+60,I_stable,I_stable,0.654770001788624,0.7026525796689959
0.09836734693877551,0.5881632653061224,7.15280489221267e-248,7.15280489221267e-248,2.5018777357027463e+60,I_stable,I_stable,0.6716196936990277,0.7176888271731363
0.09836734693877551,0.6077551020408163,7.162627159792171e-248,7.162627159792171e-248,2.953835802751453e+60,I_stable,I_stable,0.6883296226168335,0.732538379468813
0.09836734693877551,0.6273469387755102,7.173591339577115e-248,7.173591339577115e-248,3.347248559411536e+60,I_stable,I_stable,0.7049053996971941,0.7472094648927027
0.09836734693877551,0.6469387755102041,7.18573584985845e-248,7.18573584985845e-248,3.5800417222751265e+60,I_stable,I_stable,0.7213522431638066,0.7617097047568138
0.09836734693877551,0.666530612244898,7.199351083791775e-248,7.199351083791775e-248,4.253384206795025e+60,I_stable,I_stable,0.7376750168593522,0.776046175076077
0.09836734693877551,0.6861224489795918,7.214607016813194e-248,7.214607016813194e-248,4.6046703900246354e+60,I_stable,I_stable,0.753878263994344,0.7902254603961592
0.09836734693877551,0.7057142857142857,7.2319952179934e-248,7.2319952179934e-248,5.333011123461943e+60,I_stable,I_stable,0.7699662368122037,0.8042537009284144
0.09836734693877551,0.7253061224489796,7.251930982309432e-248,7.251930982309432e-248,6.481281880133156e+60,I_stable,I_stable,0.785942922764163,0.8181366339862136
0.09836734693877551,0.7448979591836734,7.275002603093373e-248,7.275002603093373e-248,7.591050804896506e+60,I_stable,I_stable,0.8018120676876266,0.8318796305464131
0.09836734693877551,0.7644897959183673,1.2280132132128721e-247,1.2280132132128721e-247,9.026812276724542e+60,I_stable,I_stable,0.8175771964006852,0.845487727622176
0.09836734693877551,0.7840816326530612,1.233416622183163e-247,1.233416622183163e-247,1.1350923758728639e+61,I_stable,I_stable,0.8332416310595315,0.8589656570217082
0.09836734693877551,0.8036734693877551,1.2399479398018253e-247,1.2399479398018253e-247,1.3918064325402448e+61,I_stable,I_stable,0.8488085075715106,0.8723178709763119
0.09836734693877551,0.823265306122449,1.2480036647776943e-247,1.2480036647776943e-247,1.7828623839517188e+61,I_stable,I_stable,0.8642807903120353,0.8855485650463302
0.09836734693877551,0.8428571428571429,1.705303529861805e-247,1.705303529861805e-247,2.2487592698892454e+61,I_stable,I_stable,0.8796612853567701,0.8986616986518081
0.09836734693877551,0.8624489795918368,1.723316685682808e-247,1.723316685682808e-247,2.9549388718488174e+61,I_stable,I_stable,0.8949526524098372,0.9116610135234937
0.09836734693877551,0.8820408163265305,2.1686330193769338e-247,2.1686330193769338e-247,4.1592101735696957e+61,I_stable,I_stable,0.910157415583198,0.9245500503271527
0.09836734693877551,0.9016326530612244,2.6153481063548705e-247,2.6153481063548705e-247,6.132870291263986e+61,I_stable,I_stable,0.9252779731608697,0.9373321636784746
0.09836734693877551,0.9212244897959183,3.091122800044932e-247,3.091122800044932e-247,9.661209018105145e+61,I_stable,I_stable,0.9403166064635249,0.95001053573586
0.09836734693877551,0.9408163265306122,4.0400669666398684e-247,4.0400669666398684e-247,1.7379990139868014e+62,I_stable,I_stable,0.9552754879136958,0.9625881885330734
0.09836734693877551,0.9604081632653061,6.10802773080773e-247,6.10802773080773e-247,3.948936680685028e+62,I_stable,I_stable,0.9701566883887878,0.975067995192316
0.09836734693877551,0.98,1.5029132410245144e-246,1.5029132410245144e-246,1.5754122409458284e+63,I_stable,I_stable,0.9849621839380145,0.9874526901400564
0.11795918367346939,0.02,1.090127325744662e-26,4.5589850096464e-20,2400282263.7339497,III_signgd,I_stable,0.053182958969449884,0.08672488792828036
0.11795918367346939,0.03959183673469388,1.279227162913382e-28,2.0255097480584736e-20,3447048698.1199427,II_spike,I_stable,0.0887573316607622,0.13289343624648517
0.11795918367346939,0.05918367346938776,1.4389946103464707e-241,1.4389946103464707e-241,5.377256422490231e+59,I_stable,I_stable,0.11999176412600944,0.17085441221071906
0.11795918367346939,0.07877551020408163,4.5909081942356454e-241,4.5909081942356454e-241,4.092953368539627e+59,I_stable,I_stable,0.14869399108610135,0.20428878025677358
0.11795918367346939,0.09836734693877551,4.528405667600449e-241,4.528405667600449e-241,4.745842438968175e+59,I_stable,I_stable,0.17564598165422904,0.23471013804909577
0.11795918367346939,0.11795918367346939,2.0003169206293655e-241,2.0003169206293655e-241,4.635509921421669e+59,I_stable,I_stable,0.20127916346199196,0.2629252823644016
0.11795918367346939,0.13755102040816325,2.2239284967027934e-241,2.2239284967027934e-241,3.200283581229609e+59,I_stable,I_stable,0.2258644406312193,0.2894275613209483
0.11795918367346939,0.1571428571428571,2.458890430037082e-241,2.458890430037082e-241,3.7201845732929584e+59,I_stable,I_stable,0.24958643848936826,0.3145459902001079
0.11795918367346939,0.176734693877551,2.596718060532453e-241,2.596718060532453e-241,3.9254501649199597e+59,I_stable,I_stable,0.27257835044093476,0.3385136086233395
0.11795918367346939,0.1963265306122449,2.736318571429303e-241,2.736318571429303e-241,3.587112909685404e+59,I_stable,I_stable,0.29494038580671944,0.3615029702725009
0.11795918367346939,0.21591836734693876,4.737082677227308e-241,4.737082677227308e-241,4.056720294171161e+59,I_stable,I_stable,0.31675041368227413,0.38364628074541884
0.11795918367346939,0.23551020408163262,2.6950409218067833e-241,2.6950409218067833e-241,5.242342931192415e+59,I_stable,I_stable,0.33807051609020067,0.40504761611013695
0.11795918367346939,0.25510204081632654,2.7110004553534628e-241,2.7110004553534628e-241,5.17262830685767e+59,I_stable,I_stable,0.35895123321356215,0.4257907359260144
0.11795918367346939,0.2746938775510204,2.9782546690033354e-241,2.9782546690033354e-241,5.413696007387661e+59,I_stable,I_stable,0.3794344287204513,0.4459442950811514
0.11795918367346939,0.29428571428571426,2.4204485578801895e-241,2.4204485578801895e-241,5.747346464593106e+59,I_stable,I_stable,0.39955529026532965,0.46556544382477766
0.11795918367346939,0.31387755102040815,2.3980402528331458e-241,2.3980402528331458e-241,5.962332669029161e+59,I_stable,I_stable,0.41934376641984905,0.4847023882973251
0.11795918367346939,0.33346938775510204,2.4593130673239578e-241,2.4593130673239578e-241,7.706458051395022e+59,I_stable,I_stable,0.4388256240669263,0.5033962576661685
0.11795918367346939,0.35306122448979593,2.4756338994015888e-241,2.4756338994015888e-241,6.871362153314407e+59,I_stable,I_stable,0.45802324290480784,0.521682495210736
0.11795918367346939,0.3726530612244898,2.4897482823500388e-241,2.4897482823500388e-241,9.029705042080129e+59,I_stable,I_stable,0.4769562233715155,0.5395919143211331
0.11795918367346939,0.39224489795918366,2.4979773092739962e-241,2.4979773092739962e-241,9.928077664071364e+59,I_stable,I_stable,0.49564185930152915,0.5571515134352752
0.11795918367346939,0.41183673469387755,2.290946239249729e-241,2.290946239249729e-241,8.993783135693902e+59,I_stable,I_stable,0.5140955106577026,0.5743851141903371
0.11795918367346939,0.43142857142857144,2.2861109189007866e-241,2.2861109189007866e-241,1.0075329255688643e+60,I_stable,I_stable,0.5323309012057498,0.5913138676923984
0.11795918367346939,0.4510204081632653,2.2512013967302672e-241,2.2512013967302672e-241,1.2889104611011724e+60,I_stable,I_stable,0.5503603589627031,0.6079566608873909
0.11795918367346939,0.47061224489795916,2.2762772630704647e-241,2.2762772630704647e-241,1.4502876916667944e+60,I_stable,I_stable,0.5681950124246583,0.6243304462120175
0.11795918367346939,0.49020408163265305,2.2337368046306714e-241,2.2337368046306714e-241,1.3835254221382621e+60,I_stable,I_stable,0.5858449522056745,0.6404505115873405
0.11795918367346939,0.509795918367347,7.120971790638133e-248,7.120971790638133e-248,1.5148704167919508e+60,I_stable,I_stable,0.6033193653210811,0.6563307034948636
0.11795918367346939,0.5293877551020408,7.127946189530427e-248,7.127946189530427e-248,1.7431968933900747e+60,I_stable,I_stable,0.6206266476163069,0.6719836127708723
0.11795918367346939,0.5489795918367347,7.135484235291532e-248,7.135484235291532e-248,1.941803163846537e+60,I_stable,I_stable,0.6377744985737119,0.6874207304936282
0.11795918367346939,0.5685714285714285,7.143680772819868e-248,7.143680772819868e-248,2.233896735038084e+60,I_stable,I_stable,0.654770001788624,0.7026525796689959
0.11795918367346939,0.5881632653061224,7.152682897259855e-248,7.152682897259855e-248,2.4069840029132463e+60,I_stable,I_stable,0.6716196936990277,0.7176888271731363
0.11795918367346939,0.6077551020408163,7.162555448706478e-248,7.162555448706478e-248,2.8444135621551566e+60,I_stable,I_stable,0.6883296226168335,0.732538379468813
0.11795918367346939,0.6273469387755102,7.17353496355674e-248,7.17353496355674e-248,3.2271904147162945e+60,I_stable,I_stable,0.7049053996971941,0.7472094648927027
0.11795918367346939,0.6469387755102041,7.18561113514744e-248,7.18561113514744e-248,3.8517112267745585e+60,I_stable,I_stable,0.7213522431638066,0.7617097047568138
0.11795918367346939,0.666530612244898,7.199223599601051e-248,7.199223599601051e-248,4.10910809832742e+60,I_stable,I_stable,0.7376750168593522,0.776046175076077
0.11795918367346939,0.6861224489795918,7.214472240031227e-248,7.214472240031227e-248,4.894280218674338e+60,I_stable,I_stable,0.753878263994344,0.7902254603961592
0.11795918367346939,0.7057142857142857,7.231940270441498e-248,7.231940270441498e-248,5.6348253737837984e+60,I_stable,I_stable,0.7699662368122037,0.8042537009284144
0.11795918367346939,0.7253061224489796,7.251867874886268e-248,7.251867874886268e-248,6.814225105333229e+60,I_stable,I_stable,0.785942922764163,0.8181366339862136
0.11795918367346939,0.7448979591836734,7.274951658770839e-248,7.274951658770839e-248,7.937979347677944e+60,I_stable,I_stable,0.8018120676876266,0.8318796305464131
0.11795918367346939,0.7644897959183673,1.2280040298433782e-247,1.2280040298433782e-247,9.395673809824742e+60,I_stable,I_stable,0.8175771964006852,0.845487727622176
0.11795918367346939,0.7840816326530612,1.233408198005783e-247,1.233408198005783e-247,1.1065646297649721e+61,I_stable,I_stable,0.8332416310595315,0.8589656570217082
0.11795918367346939,0.8036734693877551,1.2399372555066868e-247,1.2399372555066868e-247,1.3588756149208753e+61,I_stable,I_stable,0.8488085075715106,0.8723178709763119
0.11795918367346939,0.823265306122449,1.2479933267681768e-247,1.2479933267681768e-247,1.7440032700075118e+61,I_stable,I_stable,0.8642807903120353,0.8855485650463302
0.11795918367346939,0.8428571428571429,1.705286845888595e-247,1.705286845888595e-247,2.3002191949553225e+61,I_stable,I_stable,0.8796612853567701,0.8986616986518081
0.11795918367346939,0.8624489795918368,1.7233040900314312e-247,1.7233040900314312e-247,3.0118454344609986e+61,I_stable,I_stable,0.8949526524098372,0.9116610135234937
0.11795918367346939,0.8820408163265305,2.1686133162797633e-247,2.1686133162797633e-247,4.0928412567164513e+61,I_stable,I_stable,0.910157415583198,0.9245500503271527
0.11795918367346939,0.9016326530612244,2.615305945884551e-247,2.615305945884551e-247,6.050854438132031e+61,I_stable,I_stable,0.9252779731608697,0.9373321636784746
0.11795918367346939,0.9212244897959183,3.091099393207047e-247,3.091099393207047e-247,9.546535340273401e+61,I_stable,I_stable,0.9403166064635249,0.95001053573586
0.11795918367346939,0.9408163265306122,4.04004377723393e-247,4.04004377723393e-247,1.748748729468629e+62,I_stable,I_stable,0.9552754879136958,0.9625881885330734
0.11795918367346939,0.9604081632653061,6.107987356390867e-247,6.107987356390867e-247,3.962045857932554e+62,I_stable,I_stable,0.9701566883887878,0.975067995192316
0.11795918367346939,0.98,1.5029001203445498e-246,1.5029001203445498e-246,1.5694860516684517e+63,I_stable,I_stable,0.9849621839380145,0.9874526901400564
0.13755102040816325,0.02,2.6872753611360917e-35,5.988330253234825e-20,9.083606822549525e+23,III_signgd,I_stable,0.053182958969449884,0.08672488792828036
0.13755102040816325,0.03959183673469388,4.6693070963953295e-26,9.50844446748272e-25,312980637.5168113,III_signgd,I_stable,0.0887573316607622,0.13289343624648517
0.13755102040816325,0.05918367346938776,7.263364418364372e-55,8.537671027451848e-24,3.4811807775247013e+31,II_spike,I_stable,0.11999176412600944,0.17085441221071906
0.13755102040816325,0.07877551020408163,8.842118115429532e-242,8.842118115429532e-242,6.507199743742777e+59,I_stable,I_stable,0.14869399108610135,0.20428878025677358
0.13755102040816325,0.09836734693877551,1.3561634596149724e-241,1.3561634596149724e-241,6.298673210884222e+59,I_stable,I_stable,0.17564598165422904,0.23471013804909577
0.13755102040816325,0.11795918367346939,1.6024239558787795e-241,1.6024239558787795e-241,5.598443219690461e+59,I_stable,I_stable,0.20127916346199196,0.2629252823644016
0.13755102040816325,0.13755102040816325,1.8930955486796607e-241,1.8930955486796607e-241,3.6469374280397604e+59,I_stable,I_stable,0.2258644406312193,0.2894275613209483
0.13755102040816325,0.1571428571428571,2.1669175349798288e-241,2.1669175349798288e-241,4.076708654597194e+59,I_stable,I_stable,0.24958643848936826,0.3145459902001079
0.13755102040816325,0.176734693877551,3.9488622956081983e-241,3.9488622956081983e-241,4.1823397446049605e+59,I_stable,I_stable,0.27257835044093476,0.3385136086233395
0.13755102040816325,0.1963265306122449,2.4184387273520966e-241,2.4184387273520966e-241,5.623381269098216e+59,I_stable,I_stable,0.29494038580671944,0.3615029702725009
0.13755102040816325,0.21591836734693876,2.3890980323858542e-241,2.3890980323858542e-241,4.164856068688605e+59,I_stable,I_stable,0.31675041368227413,0.38364628074541884
0.13755102040816325,0.23551020408163262,2.65100141302628e-241,2.65100141302628e-241,5.315900332082103e+59,I_stable,I_stable,0.33807051609020067,0.40504761611013695
0.13755102040816325,0.25510204081632654,2.8609892496505732e-241,2.8609892496505732e-241,5.192192509688834e+59,I_stable,I_stable,0.35895123321356215,0.4257907359260144
0.13755102040816325,0.2746938775510204,2.276478199457962e-241,2.276478199457962e-241,5.3903621536469476e+59,I_stable,I_stable,0.3794344287204513,0.4459442950811514
0.13755102040816325,0.29428571428571426,2.652839601852244e-241,2.652839601852244e-241,5.685020630735985e+59,I_stable,I_stable,0.39955529026532965,0.46556544382477766
0.13755102040816325,0.31387755102040815,2.3587415895883357e-241,2.3587415895883357e-241,7.837575607333514e+59,I_stable,I_stable,0.41934376641984905,0.4847023882973251
0.13755102040816325,0.33346938775510204,2.7145811740276812e-241,2.7145811740276812e-241,7.550481044048895e+59,I_stable,I_stable,0.4388256240669263,0.5033962576661685
0.13755102040816325,0.35306122448979593,2.967729625599539e-241,2.967729625599539e-241,8.701377697152481e+59,I_stable,I_stable,0.45802324290480784,0.521682495210736
0.13755102040816325,0.3726530612244898,2.7764215769168257e-241,2.7764215769168257e-241,8.791181868207538e+59,I_stable,I_stable,0.4769562233715155,0.5395919143211331
0.13755102040816325,0.39224489795918366,2.2213964788970792e-241,2.2213964788970792e-241,9.645015055956087e+59,I_stable,I_stable,0.49564185930152915,0.5571515134352752
0.13755102040816325,0.41183673469387755,2.343099936611132e-241,2.343099936611132e-241,1.088356166948706e+60,I_stable,I_stable,0.5140955106577026,0.5743851141903371
0.13755102040816325,0.43142857142857144,2.3462507784278474e-241,2.3462507784278474e-241,1.2033418338046036e+60,I_stable,I_stable,0.5323309012057498,0.5913138676923984
0.13755102040816325,0.4510204081632653,2.332449512692888e-241,2.332449512692888e-241,1.246491285884035e+60,I_stable,I_stable,0.5503603589627031,0.6079566608873909
0.13755102040816325,0.47061224489795916,2.615414014785005e-241,2.615414014785005e-241,1.4015978964746518e+60,I_stable,I_stable,0.5681950124246583,0.6243304462120175
0.13755102040816325,0.49020408163265305,2.3275017372507805e-241,2.3275017372507805e-241,1.5971908674573803e+60,I_stable,I_stable,0.5858449522056745,0.6404505115873405
0.13755102040816325,0.509795918367347,7.120900991292262e-248,7.120900991292262e-248,1.7311058078034654e+60,I_stable,I_stable,0.6033193653210811,0.6563307034948636
0.13755102040816325,0.5293877551020408,7.12780087294907e-248,7.12780087294907e-248,1.9730481791534892e+60,I_stable,I_stable,0.6206266476163069,0.6719836127708723
0.13755102040816325,0.5489795918367347,7.135340809075806e-248,7.135340809075806e-248,2.178593090552694e+60,I_stable,I_stable,0.6377744985737119,0.6874207304936282
0.13755102040816325,0.5685714285714285,7.143620553458844e-248,7.143620553458844e-248,2.1575651646610147e+60,I_stable,I_stable,0.654770001788624,0.7026525796689959
0.13755102040816325,0.5881632653061224,7.152609425469967e-248,7.152609425469967e-248,2.655271595118292e+60,I_stable,I_stable,0.6716196936990277,0.7176888271731363
0.13755102040816325,0.6077551020408163,7.162432046712258e-248,7.162432046712258e-248,2.7502573966669123e+60,I_stable,I_stable,0.6883296226168335,0.732538379468813
0.13755102040816325,0.6273469387755102,7.173398286490088e-248,7.173398286490088e-248,3.121494247785382e+60,I_stable,I_stable,0.7049053996971941,0.7472094648927027
0.13755102040816325,0.6469387755102041,7.185543217648143e-248,7.185543217648143e-248,3.729723436296327e+60,I_stable,I_stable,0.7213522431638066,0.7617097047568138
0.13755102040816325,0.666530612244898,7.199159276516356e-248,7.199159276516356e-248,4.408251226833142e+60,I_stable,I_stable,0.7376750168593522,0.776046175076077
0.13755102040816325,0.6861224489795918,7.214414617929962e-248,7.214414617929962e-248,4.7474475431684245e+60,I_stable,I_stable,0.753878263994344,0.7902254603961592
0.13755102040816325,0.7057142857142857,7.231804513295965e-248,7.231804513295965e-248,5.473624987536821e+60,I_stable,I_stable,0.7699662368122037,0.8042537009284144
0.13755102040816325,0.7253061224489796,7.251739480923777e-248,7.251739480923777e-248,6.625853806370944e+60,I_stable,I_stable,0.785942922764163,0.8181366339862136
0.13755102040816325,0.7448979591836734,7.274816337023002e-248,7.274816337023002e-248,7.727845559312685e+60,I_stable,I_stable,0.8018120676876266,0.8318796305464131
0.13755102040816325,0.7644897959183673,1.2279813498718572e-247,1.2279813498718572e-247,9.159607627304803e+60,I_stable,I_stable,0.8175771964006852,0.845487727622176
0.13755102040816325,0.7840816326530612,1.2333879452099807e-247,1.2333879452099807e-247,1.148081263242519e+61,I_stable,I_stable,0.8332416310595315,0.8589656570217082
0.13755102040816325,0.8036734693877551,1.2399169814241831e-247,1.2399169814241831e-247,1.403557985538922e+61,I_stable,I_stable,0.8488085075715106,0.8723178709763119
0.13755102040816325,0.823265306122449,1.2479841890755637e-247,1.2479841890755637e-247,1.7939565563392696e+61,I_stable,I_stable,0.8642807903120353,0.8855485650463302
0.13755102040816325,0.8428571428571429,1.7052605056678654e-247,1.7052605056678654e-247,2.2575971541520676e+61,I_stable,I_stable,0.8796612853567701,0.8986616986518081
0.13755102040816325,0.8624489795918368,1.7232742629720016e-247,1.7232742629720016e-247,2.960901971276325e+61,I_stable,I_stable,0.8949526524098372,0.9116610135234937
0.13755102040816325,0.8820408163265305,2.1685993604313847e-247,2.1685993604313847e-247,4.159291965591378e+61,I_stable,I_stable,0.910157415583198,0.9245500503271527
0.13755102040816325,0.9016326530612244,2.615289186586667e-247,2.615289186586667e-247,6.126815519943989e+61,I_stable,I_stable,0.9252779731608697,0.9373321636784746
0.13755102040816325,0.9212244897959183,3.0910461763397566e-247,3.0910461763397566e-247,9.637418739168315e+61,I_stable,I_stable,0.9403166064635249,0.95001053573586
0.13755102040816325,0.9408163265306122,4.0400189904043224e-247,4.0400189904043224e-247,1.7332248257891866e+62,I_stable,I_stable,0.9552754879136958,0.9625881885330734
0.13755102040816325,0.9604081632653061,6.107876396614947e-247,6.107876396614947e-247,3.9370587252572295e+62,I_stable,I_stable,0.9701566883887878,0.975067995192316
0.13755102040816325,0.98,1.5028907016395126e-246,1.5028907016395126e-246,1.5721654868398794e+63,I_stable,I_stable,0.9849621839380145,0.9874526901400564
0.1571428571428571,0.02,3.1243794909342957e-31,1.6157379093047086e-27,8.352229038070645e+16,III_signgd,I_stable,0.053182958969449884,0.08672488792828036
0.1571428571428571,0.03959183673469388,5.095909411985129e-27,2.977263577639255e-20,39588785943.41816,III_signgd,I_stable,0.0887573316607622,0.13289343624648517
0.1571428571428571,0.05918367346938776,9.912549667920657e-27,1.8925264140632837e-20,209407628562.33493,II_spike,I_stable,0.11999176412600944,0.17085441221071906
0.1571428571428571,0.07877551020408163,1.3975395096494047e-73,1.4211118156578305e-20,1.2822007266682892e+37,II_spike,I_stable,0.14869399108610135,0.20428878025677358
0.1571428571428571,0.09836734693877551,9.082075401080691e-242,9.082075401080691e-242,9.445453877629582e+59,I_stable,I_stable,0.17564598165422904,0.23471013804909577
0.1571428571428571,0.11795918367346939,2.29652133658088e-241,2.29652133658088e-241,7.323082095639432e+59,I_stable,I_stable,0.20127916346199196,0.2629252823644016
0.1571428571428571,0.13755102040816325,2.7551900409969824e-241,2.7551900409969824e-241,4.40879930256532e+59,I_stable,I_stable,0.2258644406312193,0.2894275613209483
0.1571428571428571,0.1571428571428571,3.112872830503505e-241,3.112872830503505e-241,4.680683466361239e+59,I_stable,I_stable,0.24958643848936826,0.3145459902001079
0.1571428571428571,0.176734693877551,1.8632118213045776e-241,1.8632118213045776e-241,4.630627980604032e+59,I_stable,I_stable,0.27257835044093476,0.3385136086233395
0.1571428571428571,0.1963265306122449,3.774034526777249e-241,3.774034526777249e-241,6.061576352842325e+59,I_stable,I_stable,0.29494038580671944,0.3615029702725009
0.1571428571428571,0.21591836734693876,2.283450427945699e-241,2.283450427945699e-241,6.452292246293683e+59,I_stable,I_stable,0.31675041368227413,0.38364628074541884
0.1571428571428571,0.23551020408163262,2.5874161502122467e-241,2.5874161502122467e-241,5.524805637109758e+59,I_stable,I_stable,0.33807051609020067,0.40504761611013695
0.1571428571428571,0.25510204081632654,2.0509267572289365e-241,2.0509267572289365e-241,5.328741140638167e+59,I_stable,I_stable,0.35895123321356215,0.4257907359260144
0.1571428571428571,0.2746938775510204,2.129153728879141e-241,2.129153728879141e-241,7.560427180756834e+59,I_stable,I_stable,0.3794344287204513,0.4459442950811514
0.1571428571428571,0.29428571428571426,2.698796177038592e-241,2.698796177038592e-241,7.7730448547324506e+59,I_stable,I_stable,0.39955529026532965,0.46556544382477766
0.1571428571428571,0.31387755102040815,2.5654955144701772e-241,2.5654955144701772e-241,7.83790749352731e+59,I_stable,I_stable,0.41934376641984905,0.4847023882973251
0.1571428571428571,0.33346938775510204,2.7878295010800854e-241,2.7878295010800854e-241,7.506370937901271e+59,I_stable,I_stable,0.4388256240669263,0.5033962576661685
0.1571428571428571,0.35306122448979593,2.2266047558754527e-241,2.2266047558754527e-241,8.612759767995065e+59,I_stable,I_stable,0.45802324290480784,0.521682495210736
0.1571428571428571,0.3726530612244898,2.8797391061556733e-241,2.8797391061556733e-241,8.664878502728871e+59,I_stable,I_stable,0.4769562233715155,0.5395919143211331
0.1571428571428571,0.39224489795918366,2.2543825153437442e-241,2.2543825153437442e-241,9.47407889241575e+59,I_stable,I_stable,0.49564185930152915,0.5571515134352752
0.1571428571428571,0.41183673469387755,2.6270420600942403e-241,2.6270420600942403e-241,1.0665637114989895e+60,I_stable,I_stable,0.5140955106577026,0.5743851141903371
0.1571428571428571,0.43142857142857144,2.6366050849528956e-241,2.6366050849528956e-241,1.1765606367139628e+60,I_stable,I_stable,0.5323309012057498,0.5913138676923984
0.1571428571428571,0.4510204081632653,2.5774730936391002e-241,2.5774730936391002e-241,1.216396168283591e+60,I_stable,I_stable,0.5503603589627031,0.6079566608873909
0.1571428571428571,0.47061224489795916,2.1216343674050367e-241,2.1216343674050367e-241,1.3655995919844348e+60,I_stable,I_stable,0.5681950124246583,0.6243304462120175
0.1571428571428571,0.49020408163265305,2.63361074190414e-241,2.63361074190414e-241,1.5539919716865503e+60,I_stable,I_stable,0.5858449522056745,0.6404505115873405
0.1571428571428571,0.509795918367347,7.1207681419819535e-248,7.1207681419819535e-248,1.683397498522586e+60,I_stable,I_stable,0.6033193653210811,0.6563307034948636
0.1571428571428571,0.5293877551020408,7.1277284019301026e-248,7.1277284019301026e-248,1.9177854824551753e+60,I_stable,I_stable,0.6206266476163069,0.6719836127708723
0.1571428571428571,0.5489795918367347,7.135268774981981e-248,7.135268774981981e-248,2.1165645985918544e+60,I_stable,I_stable,0.6377744985737119,0.6874207304936282
0.1571428571428571,0.5685714285714285,7.1434776341337005e-248,7.1434776341337005e-248,2.4127779218175394e+60,I_stable,I_stable,0.654770001788624,0.7026525796689959
0.1571428571428571,0.5881632653061224,7.152464693467059e-248,7.152464693467059e-248,2.5788621518975447e+60,I_stable,I_stable,0.6716196936990277,0.7176888271731363
0.1571428571428571,0.6077551020408163,7.16235613892759e-248,7.16235613892759e-248,3.0255929133161148e+60,I_stable,I_stable,0.6883296226168335,0.732538379468813
0.1571428571428571,0.6273469387755102,7.173336302284646e-248,7.173336302284646e-248,3.4084395144847705e+60,I_stable,I_stable,0.7049053996971941,0.7472094648927027
0.1571428571428571,0.6469387755102041,7.185411394532601e-248,7.185411394532601e-248,3.6256135515642575e+60,I_stable,I_stable,0.7213522431638066,0.7617097047568138
0.1571428571428571,0.666530612244898,7.19902643206596e-248,7.19902643206596e-248,4.287789938249094e+60,I_stable,I_stable,0.7376750168593522,0.776046175076077
0.1571428571428571,0.6861224489795918,7.214274906855947e-248,7.214274906855947e-248,5.078070079412152e+60,I_stable,I_stable,0.753878263994344,0.7902254603961592
0.1571428571428571,0.7057142857142857,7.231744643629224e-248,7.231744643629224e-248,5.817499978714577e+60,I_stable,I_stable,0.7699662368122037,0.8042537009284144
0.1571428571428571,0.7253061224489796,7.251675327876573e-248,7.251675327876573e-248,6.998932470777912e+60,I_stable,I_stable,0.785942922764163,0.8181366339862136
0.1571428571428571,0.7448979591836734,7.274756984122546e-248,7.274756984122546e-248,8.119046978403843e+60,I_stable,I_stable,0.8018120676876266,0.8318796305464131
0.1571428571428571,0.7644897959183673,1.2279716810897126e-247,1.2279716810897126e-247,9.571769966790705e+60,I_stable,I_stable,0.8175771964006852,0.845487727622176
0.1571428571428571,0.7840816326530612,1.233375875914552e-247,1.233375875914552e-247,1.122893643470421e+61,I_stable,I_stable,0.8332416310595315,0.8589656570217082
0.1571428571428571,0.8036734693877551,1.239905323825039e-247,1.239905323825039e-247,1.451486825633709e+61,I_stable,I_stable,0.8488085075715106,0.8723178709763119
0.1571428571428571,0.823265306122449,1.2479628667296225e-247,1.2479628667296225e-247,1.759490660321612e+61,I_stable,I_stable,0.8642807903120353,0.8855485650463302
0.1571428571428571,0.8428571428571429,1.705245013753867e-247,1.705245013753867e-247,2.3137267001746923e+61,I_stable,I_stable,0.8796612853567701,0.8986616986518081
0.1571428571428571,0.8624489795918368,1.7232618035108762e-247,1.7232618035108762e-247,3.022382783112716e+61,I_stable,I_stable,0.8949526524098372,0.9116610135234937
0.1571428571428571,0.8820408163265305,2.1685646818826826e-247,2.1685646818826826e-247,4.229922614373782e+61,I_stable,I_stable,0.910157415583198,0.9245500503271527
0.1571428571428571,0.9016326530612244,2.6152666077480686e-247,2.6152666077480686e-247,6.048994327287223e+61,I_stable,I_stable,0.9252779731608697,0.9373321636784746
0.1571428571428571,0.9212244897959183,3.0910266288517134e-247,3.0910266288517134e-247,9.734104795918605e+61,I_stable,I_stable,0.9403166064635249,0.95001053573586
0.1571428571428571,0.9408163265306122,4.0399495830575387e-247,4.0399495830575387e-247,1.7452732737998996e+62,I_stable,I_stable,0.9552754879136958,0.9625881885330734
0.1571428571428571,0.9604081632653061,6.107838123376518e-247,6.107838123376518e-247,3.953531303619864e+62,I_stable,I_stable,0.9701566883887878,0.975067995192316
0.1571428571428571,0.98,1.502878310103183e-246,1.502878310103183e-246,1.5746857125662098e+63,I_stable,I_stable,0.9849621839380145,0.9874526901400564
0.176734693877551,0.02,1.8683983197037648e-24,5.865038154375267e-18,73488132.92804025,III_signgd,I_stable,0.053182958969449884,0.08672488792828036
0.176734693877551,0.03959183673469388,1.5525486925728159e-28,1.478077604634487e-27,4988713997970.497,III_signgd,I_stable,0.0887573316607622,0.13289343624648517
0.176734693877551,0.05918367346938776,4.413494564481478e-27,3.3866126119991094e-25,23964799007.690845,III_signgd,I_stable,0.11999176412600944,0.17085441221071906
0.176734693877551,0.07877551020408163,2.552656347608814e-35,1.5731524132817896e-20,1.0607593124706415e+18,II_spike,I_stable,0.14869399108610135,0.20428878025677358
0.176734693877551,0.09836734693877551,1.3605042480454547e-243,1.3605042480454547e-243,1.2059916688026545e+61,II_spike,I_stable,0.17564598165422904,0.23471013804909577
0.176734693877551,0.11795918367346939,1.6278445757778304e-241,1.6278445757778304e-241,1.0650723770724213e+60,I_stable,I_stable,0.20127916346199196,0.2629252823644016
0.176734693877551,0.13755102040816325,2.1533394557603987e-241,2.1533394557603987e-241,5.73571455764304e+59,I_stable,I_stable,0.2258644406312193,0.2894275613209483
0.176734693877551,0.1571428571428571,2.5904927262025722e-241,2.5904927262025722e-241,5.682556592652328e+59,I_stable,I_stable,0.24958643848936826,0.3145459902001079
0.176734693877551,0.176734693877551,1.7051712728580075e-241,1.7051712728580075e-241,5.362861967449078e+59,I_stable,I_stable,0.27257835044093476,0.3385136086233395
0.176734693877551,0.1963265306122449,1.8184106990496165e-241,1.8184106990496165e-241,6.784077981835569e+59,I_stable,I_stable,0.29494038580671944,0.3615029702725009
0.176734693877551,0.21591836734693876,2.2008905788161112e-241,2.2008905788161112e-241,7.0386730062519804e+59,I_stable,I_stable,0.31675041368227413,0.38364628074541884
0.176734693877551,0.23551020408163262,3.7872484456102374e-241,3.7872484456102374e-241,5.905913660158395e+59,I_stable,I_stable,0.33807051609020067,0.40504761611013695
0.176734693877551,0.25510204081632654,1.908361625343774e-241,1.908361625343774e-241,7.8856271586333855e+59,I_stable,I_stable,0.35895123321356215,0.4257907359260144
0.176734693877551,0.2746938775510204,2.270705694846615e-241,2.270705694846615e-241,7.850804456784474e+59,I_stable,I_stable,0.3794344287204513,0.4459442950811514
0.176734693877551,0.29428571428571426,2.6017553660869685e-241,2.6017553660869685e-241,7.985222310573307e+59,I_stable,I_stable,0.39955529026532965,0.46556544382477766
0.176734693877551,0.31387755102040815,2.590107155894623e-241,2.590107155894623e-241,7.981062968834735e+59,I_stable,I_stable,0.41934376641984905,0.4847023882973251
0.176734693877551,0.33346938775510204,2.132030926595657e-241,2.132030926595657e-241,7.586457723746101e+59,I_stable,I_stable,0.4388256240669263,0.5033962576661685
0.176734693877551,0.35306122448979593,2.1632019140284065e-241,2.1632019140284065e-241,8.6500893886004e+59,I_stable,I_stable,0.45802324290480784,0.521682495210736
0.176734693877551,0.3726530612244898,2.2006980979693277e-241,2.2006980979693277e-241,1.108147898530519e+60,I_stable,I_stable,0.4769562233715155,0.5395919143211331
0.176734693877551,0.39224489795918366,2.2202440048331836e-241,2.2202440048331836e-241,1.190592086923229e+60,I_stable,I_stable,0.49564185930152915,0.5571515134352752
0.176734693877551,0.41183673469387755,2.080819295358283e-241,2.080819295358283e-241,1.0569079603049344e+60,I_stable,I_stable,0.5140955106577026,0.5743851141903371
0.176734693877551,0.43142857142857144,2.0884611648524256e-241,2.0884611648524256e-241,1.1622032716285073e+60,I_stable,I_stable,0.5323309012057498,0.5913138676923984
0.176734693877551,0.4510204081632653,2.0913473437063583e-241,2.0913473437063583e-241,1.4619912249144098e+60,I_stable,I_stable,0.5503603589627031,0.6079566608873909
0.176734693877551,0.47061224489795916,2.1832752151547512e-241,2.1832752151547512e-241,1.620366351049491e+60,I_stable,I_stable,0.5681950124246583,0.6243304462120175
0.176734693877551,0.49020408163265305,2.098197826869906e-241,2.098197826869906e-241,1.5251021233906664e+60,I_stable,I_stable,0.5858449522056745,0.6404505115873405
0.176734693877551,0.509795918367347,7.120685519929503e-248,7.120685519929503e-248,1.6493198265260407e+60,I_stable,I_stable,0.6033193653210811,0.6563307034948636
0.176734693877551,0.5293877551020408,7.127589055944281e-248,7.127589055944281e-248,1.876604971744318e+60,I_stable,I_stable,0.6206266476163069,0.6719836127708723
0.176734693877551,0.5489795918367347,7.135132435546959e-248,7.135132435546959e-248,2.069109841543838e+60,I_stable,I_stable,0.6377744985737119,0.6874207304936282
0.176734693877551,0.5685714285714285,7.1433407165561975e-248,7.1433407165561975e-248,2.3572079513428844e+60,I_stable,I_stable,0.654770001788624,0.7026525796689959
0.176734693877551,0.5881632653061224,7.152334285765802e-248,7.152334285765802e-248,2.8762048724782942e+60,I_stable,I_stable,0.6716196936990277,0.7176888271731363
0.176734693877551,0.6077551020408163,7.162225260484742e-248,7.162225260484742e-248,2.953532144116034e+60,I_stable,I_stable,0.6883296226168335,0.732538379468813
0.176734693877551,0.6273469387755102,7.173195383697352e-248,7.173195383697352e-248,3.326513030063225e+60,I_stable,I_stable,0.7049053996971941,0.7472094648927027
0.176734693877551,0.6469387755102041,7.185340530484708e-248,7.185340530484708e-248,3.945999175493916e+60,I_stable,I_stable,0.7213522431638066,0.7617097047568138
0.176734693877551,0.666530612244898,7.198883249723005e-248,7.198883249723005e-248,4.632864239239768e+60,I_stable,I_stable,0.7376750168593522,0.776046175076077
0.176734693877551,0.6861224489795918,7.21421333398972e-248,7.21421333398972e-248,4.9587630924893e+60,I_stable,I_stable,0.753878263994344,0.7902254603961592
0.176734693877551,0.7057142857142857,7.231602991598407e-248,7.231602991598407e-248,5.684324318866174e+60,I_stable,I_stable,0.7699662368122037,0.8042537009284144
0.176734693877551,0.7253061224489796,7.25153916905083e-248,7.25153916905083e-248,6.844122757737342e+60,I_stable,I_stable,0.785942922764163,0.8181366339862136
0.176734693877551,0.7448979591836734,7.274616087935307e-248,7.274616087935307e-248,7.942598626223603e+60,I_stable,I_stable,0.8018120676876266,0.8318796305464131
0.176734693877551,0.7644897959183673,1.2279502296540843e-247,1.2279502296540843e-247,9.37166697555835e+60,I_stable,I_stable,0.8175771964006852,0.845487727622176
0.176734693877551,0.7840816326530612,1.2333555869127916e-247,1.2333555869127916e-247,1.169762803692011e+61,I_stable,I_stable,0.8332416310595315,0.8589656570217082
0.176734693877551,0.8036734693877551,1.2398837465755846e-247,1.2398837465755846e-247,1.4241564875476207e+61,I_stable,I_stable,0.8488085075715106,0.8723178709763119
0.176734693877551,0.823265306122449,1.2479511009546582e-247,1.2479511009546582e-247,1.8143963284906373e+61,I_stable,I_stable,0.8642807903120353,0.8855485650463302
0.176734693877551,0.8428571428571429,1.7052304673328273e-247,1.7052304673328273e-247,2.2760029342289622e+61,I_stable,I_stable,0.8796612853567701,0.8986616986518081
0.176734693877551,0.8624489795918368,1.7232480838166903e-247,1.7232480838166903e-247,3.08910733153762e+61,I_stable,I_stable,0.8949526524098372,0.9116610135234937
0.176734693877551,0.8820408163265305,2.1685427543724378e-247,2.1685427543724378e-247,4.1724513051102916e+61,I_stable,I_stable,0.910157415583198,0.9245500503271527
0.176734693877551,0.9016326530612244,2.6152217040279178e-247,2.6152217040279178e-247,6.134413863479254e+61,I_stable,I_stable,0.9252779731608697,0.9373321636784746
0.176734693877551,0.9212244897959183,3.0909998270555e-247,3.0909998270555e-247,9.631666285142789e+61,I_stable,I_stable,0.9403166064635249,0.95001053573586
0.176734693877551,0.9408163265306122,4.0399147381719126e-247,4.0399147381719126e-247,1.757005444833362e+62,I_stable,I_stable,0.9552754879136958,0.9625881885330734
0.176734693877551,0.9604081632653061,6.107795033607084e-247,6.107795033607084e-247,3.9690949754251027e+62,I_stable,I_stable,0.9701566883887878,0.975067995192316
0.176734693877551,0.98,1.502867882591335e-246,1.502867882591335e-246,1.5770323489991652e+63,I_stable,I_stable,0.9849621839380145,0.9874526901400564
0.1963265306122449,0.02,2.0496850413454596e-27,2.0585716625733577e-24,2.511073664592596e+16,III_signgd,I_stable,0.053182958969449884,0.08672488792828036
0.1963265306122449,0.03959183673469388,1.2629409566362545e-37,3.8632474064478804e-20,3.301341454627163e+27,III_signgd,I_stable,0.0887573316607622,0.13289343624648517
0.1963265306122449,0.05918367346938776,1.7079760297090155e-29,2.3130931528017726e-20,276327136960921.4,III_signgd,I_stable,0.11999176412600944,0.17085441221071906
0.1963265306122449,0.07877551020408163,9.845792630664067e-32,1.6881165999905788e-20,24405401940521.695,II_spike,I_stable,0.14869399108610135,0.20428878025677358
0.1963265306122449,0.09836734693877551,2.5407724206218063e-42,2.1037349201985403e-24,5.644131978520087e+31,II_spike,I_stable,0.17564598165422904,0.23471013804909577
0.1963265306122449,0.11795918367346939,1.622280328078541e-241,1.622280328078541e-241,1.7606396034685703e+60,I_stable,I_stable,0.20127916346199196,0.2629252823644016
0.1963265306122449,0.13755102040816325,2.3726245588216444e-241,2.3726245588216444e-241,8.207523543786393e+59,I_stable,I_stable,0.2258644406312193,0.2894275613209483
0.1963265306122449,0.1571428571428571,3.007525555456995e-241,3.007525555456995e-241,7.390125694421368e+59,I_stable,I_stable,0.24958643848936826,0.3145459902001079
0.1963265306122449,0.176734693877551,1.4694010140335125e-241,1.4694010140335125e-241,6.55297004118145e+59,I_stable,I_stable,0.27257835044093476,0.3385136086233395
0.1963265306122449,0.1963265306122449,1.7237691917325636e-241,1.7237691917325636e-241,7.931934336657472e+59,I_stable,I_stable,0.29494038580671944,0.3615029702725009
0.1963265306122449,0.21591836734693876,3.202236142558032e-241,3.202236142558032e-241,7.964621719854389e+59,I_stable,I_stable,0.31675041368227413,0.38364628074541884
0.1963265306122449,0.23551020408163262,3.503931062492316e-241,3.503931062492316e-241,6.51551683123368e+59,I_stable,I_stable,0.33807051609020067,0.40504761611013695
0.1963265306122449,0.25510204081632654,1.9971096311577442e-241,1.9971096311577442e-241,8.528026478192289e+59,I_stable,I_stable,0.35895123321356215,0.4257907359260144
0.1963265306122449,0.2746938775510204,2.267791332730771e-241,2.267791332730771e-241,8.354022752490742e+59,I_stable,I_stable,0.3794344287204513,0.4459442950811514
0.1963265306122449,0.29428571428571426,1.92078147922453e-241,1.92078147922453e-241,8.383801112703379e+59,I_stable,I_stable,0.39955529026532965,0.46556544382477766
0.1963265306122449,0.31387755102040815,1.9185353928328393e-241,1.9185353928328393e-241,8.287923402695231e+59,I_stable,I_stable,0.41934376641984905,0.4847023882973251
0.1963265306122449,0.33346938775510204,2.328459966716976e-241,2.328459966716976e-241,1.0273696263068034e+60,I_stable,I_stable,0.4388256240669263,0.5033962576661685
0.1963265306122449,0.35306122448979593,2.3660070024019547e-241,2.3660070024019547e-241,8.830219732737842e+59,I_stable,I_stable,0.45802324290480784,0.521682495210736
0.1963265306122449,0.3726530612244898,2.371281500641418e-241,2.371281500641418e-241,1.1234690559558448e+60,I_stable,I_stable,0.4769562233715155,0.5395919143211331
0.1963265306122449,0.39224489795918366,2.441997928933888e-241,2.441997928933888e-241,1.2009208641457775e+60,I_stable,I_stable,0.49564185930152915,0.5571515134352752
0.1963265306122449,0.41183673469387755,2.1012436490455388e-241,2.1012436490455388e-241,1.3238056687529464e+60,I_stable,I_stable,0.5140955106577026,0.5743851141903371
0.1963265306122449,0.43142857142857144,2.1157356268920796e-241,2.1157356268920796e-241,1.432976583119993e+60,I_stable,I_stable,0.5323309012057498,0.5913138676923984
0.1963265306122449,0.4510204081632653,2.1188291176781582e-241,2.1188291176781582e-241,1.4559441601796514e+60,I_stable,I_stable,0.5503603589627031,0.6079566608873909
0.1963265306122449,0.47061224489795916,2.413824140154864e-241,2.413824140154864e-241,1.608275445635725e+60,I_stable,I_stable,0.5681950124246583,0.6243304462120175
0.1963265306122449,0.49020408163265305,2.4026002824368147e-241,2.4026002824368147e-241,1.8038469791660874e+60,I_stable,I_stable,0.5858449522056745,0.6404505115873405
0.1963265306122449,0.509795918367347,7.120535865209059e-248,7.120535865209059e-248,1.927593662146237e+60,I_stable,I_stable,0.6033193653210811,0.6563307034948636
0.1963265306122449,0.5293877551020408,7.127509649585598e-248,7.127509649585598e-248,2.16897561191876e+60,I_stable,I_stable,0.6206266476163069,0.6719836127708723
0.1963265306122449,0.5489795918367347,7.1350485143226125e-248,7.1350485143226125e-248,2.366242751541548e+60,I_stable,I_stable,0.6377744985737119,0.6874207304936282
0.1963265306122449,0.5685714285714285,7.143259367437145e-248,7.143259367437145e-248,2.6695962343525377e+60,I_stable,I_stable,0.654770001788624,0.7026525796689959
0.1963265306122449,0.5881632653061224,7.152253469683628e-248,7.152253469683628e-248,2.824832124702662e+60,I_stable,I_stable,0.6716196936990277,0.7176888271731363
0.1963265306122449,0.6077551020408163,7.162142356637236e-248,7.162142356637236e-248,3.282301880032668e+60,I_stable,I_stable,0.6883296226168335,0.732538379468813
0.1963265306122449,0.6273469387755102,7.173052399126235e-248,7.173052399126235e-248,3.666093572794352e+60,I_stable,I_stable,0.7049053996971941,0.7472094648927027
0.1963265306122449,0.6469387755102041,7.185202300881912e-248,7.185202300881912e-248,3.86822959949644e+60,I_stable,I_stable,0.7213522431638066,0.7617097047568138
0.1963265306122449,0.666530612244898,7.198819044925956e-248,7.198819044925956e-248,4.5403939085273946e+60,I_stable,I_stable,0.7376750168593522,0.776046175076077
0.1963265306122449,0.6861224489795918,7.214066495007966e-248,7.214066495007966e-248,5.340710772730663e+60,I_stable,I_stable,0.753878263994344,0.7902254603961592
0.1963265306122449,0.7057142857142857,7.231539117710043e-248,7.231539117710043e-248,6.079453495793846e+60,I_stable,I_stable,0.7699662368122037,0.8042537009284144
0.1963265306122449,0.7253061224489796,7.251467965047992e-248,7.251467965047992e-248,6.710600394986843e+60,I_stable,I_stable,0.785942922764163,0.8181366339862136
0.1963265306122449,0.7448979591836734,7.274552472974995e-248,7.274552472974995e-248,8.387818271102352e+60,I_stable,I_stable,0.8018120676876266,0.8318796305464131
0.1963265306122449,0.7644897959183673,1.2279374161198735e-247,1.2279374161198735e-247,9.834061560941931e+60,I_stable,I_stable,0.8175771964006852,0.845487727622176
0.1963265306122449,0.7840816326530612,1.2333416155901177e-247,1.2333416155901177e-247,1.1488951550882203e+61,I_stable,I_stable,0.8332416310595315,0.8589656570217082
0.1963265306122449,0.8036734693877551,1.2398710350830537e-247,1.2398710350830537e-247,1.4783671453136992e+61,I_stable,I_stable,0.8488085075715106,0.8723178709763119
0.1963265306122449,0.823265306122449,1.2479292408058676e-247,1.2479292408058676e-247,1.7848006238829717e+61,I_stable,I_stable,0.8642807903120353,0.8855485650463302
0.1963265306122449,0.8428571428571429,1.705202575994051e-247,1.705202575994051e-247,2.339714314079976e+61,I_stable,I_stable,0.8796612853567701,0.8986616986518081
0.1963265306122449,0.8624489795918368,1.723216129826756e-247,1.723216129826756e-247,3.045439415142753e+61,I_stable,I_stable,0.8949526524098372,0.9116610135234937
0.1963265306122449,0.8820408163265305,2.1685272885929676e-247,2.1685272885929676e-247,4.249860328889129e+61,I_stable,I_stable,0.910157415583198,0.9245500503271527
0.1963265306122449,0.9016326530612244,2.6152026914583393e-247,2.6152026914583393e-247,6.223446689233179e+61,I_stable,I_stable,0.9252779731608697,0.9373321636784746
0.1963265306122449,0.9212244897959183,3.090976468367077e-247,3.090976468367077e-247,9.738662044628683e+61,I_stable,I_stable,0.9403166064635249,0.95001053573586
0.1963265306122449,0.9408163265306122,4.0398871612763915e-247,4.0398871612763915e-247,1.7437269146588612e+62,I_stable,I_stable,0.9552754879136958,0.9625881885330734
0.1963265306122449,0.9604081632653061,6.107751895926345e-247,6.107751895926345e-247,3.9855899239047815e+62,I_stable,I_stable,0.9701566883887878,0.975067995192316
0.1963265306122449,0.98,1.5028558155090667e-246,1.5028558155090667e-246,1.5799648909372645e+63,I_stable,I_stable,0.9849621839380145,0.9874526901400564
0.21591836734693876,0.02,2.730375778788498e-36,1.8470187713848314e-17,1.649363651862667e+28,III_signgd,II_spike,0.053182958969449884,0.08672488792828036
0.21591836734693876,0.03959183673469388,2.838178968097997e-34,4.2511272934197853e-20,8.486185955409477e+23,III_signgd,I_stable,0.0887573316607622,0.13289343624648517
0.21591836734693876,0.05918367346938776,1.134377209367389e-32,1.1067388852981867e-27,5.201794544154039e+19,III_signgd,I_stable,0.11999176412600944,0.17085441221071906
0.21591836734693876,0.07877551020408163,2.7292834272515546e-28,8.746380003997603e-26,10468254178.83503,III_signgd,I_stable,0.14869399108610135,0.20428878025677358
0.21591836734693876,0.09836734693877551,7.732453276558136e-31,1.410122038942742e-20,95728295007248.14,II_spike,I_stable,0.17564598165422904,0.23471013804909577
0.21591836734693876,0.11795918367346939,3.307232945443567e-58,1.1929780846338982e-20,1.2574818370889266e+28,II_spike,I_stable,0.20127916346199196,0.2629252823644016
0.21591836734693876,0.13755102040816325,1.673007652303545e-241,1.673007652303545e-241,1.3413091228695882e+60,I_stable,I_stable,0.2258644406312193,0.2894275613209483
0.21591836734693876,0.1571428571428571,1.0470573842321952e-241,1.0470573842321952e-241,1.049484572563203e+60,I_stable,I_stable,0.24958643848936826,0.3145459902001079
0.21591836734693876,0.176734693877551,1.3389784242544876e-241,1.3389784242544876e-241,8.548811149601597e+59,I_stable,I_stable,0.27257835044093476,0.3385136086233395
0.21591836734693876,0.1963265306122449,1.5536809033013113e-241,1.5536809033013113e-241,9.768573255919772e+59,I_stable,I_stable,0.29494038580671944,0.3615029702725009
0.21591836734693876,0.21591836734693876,2.8013735652753447e-241,2.8013735652753447e-241,9.40733354448406e+59,I_stable,I_stable,0.31675041368227413,0.38364628074541884
0.21591836734693876,0.23551020408163262,1.7053310506743465e-241,1.7053310506743465e-241,7.455136547427172e+59,I_stable,I_stable,0.33807051609020067,0.40504761611013695
0.21591836734693876,0.25510204081632654,1.980826334105493e-241,1.980826334105493e-241,9.519737150193099e+59,I_stable,I_stable,0.35895123321356215,0.4257907359260144
0.21591836734693876,0.2746938775510204,2.1517582854926312e-241,2.1517582854926312e-241,9.138981978835686e+59,I_stable,I_stable,0.3794344287204513,0.4459442950811514
0.21591836734693876,0.29428571428571426,2.071154725072491e-241,2.071154725072491e-241,9.022821662504087e+59,I_stable,I_stable,0.39955529026532965,0.46556544382477766
0.21591836734693876,0.31387755102040815,1.8549939823009636e-241,1.8549939823009636e-241,8.798332451783587e+59,I_stable,I_stable,0.41934376641984905,0.4847023882973251
0.21591836734693876,0.33346938775510204,2.1900554049633226e-241,2.1900554049633226e-241,1.078008892133745e+60,I_stable,I_stable,0.4388256240669263,0.5033962576661685
0.21591836734693876,0.35306122448979593,2.43708335491039e-241,2.43708335491039e-241,1.1906649238383256e+60,I_stable,I_stable,0.45802324290480784,0.521682495210736
0.21591836734693876,0.3726530612244898,2.2823921827100986e-241,2.2823921827100986e-241,1.1582959156377925e+60,I_stable,I_stable,0.4769562233715155,0.5395919143211331
0.21591836734693876,0.39224489795918366,1.9077738498814573e-241,1.9077738498814573e-241,1.22884299666582e+60,I_stable,I_stable,0.49564185930152915,0.5571515134352752
0.21591836734693876,0.41183673469387755,2.0559731478758872e-241,2.0559731478758872e-241,1.3461399748364286e+60,I_stable,I_stable,0.5140955106577026,0.5743851141903371
0.21591836734693876,0.43142857142857144,2.308369906106854e-241,2.308369906106854e-241,1.4497737192296596e+60,I_stable,I_stable,0.5323309012057498,0.5913138676923984
0.21591836734693876,0.4510204081632653,2.330938736717585e-241,2.330938736717585e-241,1.4662434163885261e+60,I_stable,I_stable,0.5503603589627031,0.6079566608873909
0.21591836734693876,0.47061224489795916,1.9401273212346936e-241,1.9401273212346936e-241,1.6135793339152482e+60,I_stable,I_stable,0.5681950124246583,0.6243304462120175
0.21591836734693876,0.49020408163265305,2.3996942295155962e-241,2.3996942295155962e-241,1.803367184799297e+60,I_stable,I_stable,0.5858449522056745,0.6404505115873405
0.21591836734693876,0.509795918367347,7.120390340792074e-248,7.120390340792074e-248,1.921241909036384e+60,I_stable,I_stable,0.6033193653210811,0.6563307034948636
0.21591836734693876,0.5293877551020408,7.127354685096167e-248,7.127354685096167e-248,2.155829652732357e+60,I_stable,I_stable,0.6206266476163069,0.6719836127708723
0.21591836734693876,0.5489795918367347,7.134894823459584e-248,7.134894823459584e-248,2.3466159514951856e+60,I_stable,I_stable,0.6377744985737119,0.6874207304936282
0.21591836734693876,0.5685714285714285,7.143107205749459e-248,7.143107205749459e-248,2.64237522942604e+60,I_stable,I_stable,0.654770001788624,0.7026525796689959
0.21591836734693876,0.5881632653061224,7.152112071154037e-248,7.152112071154037e-248,2.7921492996252198e+60,I_stable,I_stable,0.6716196936990277,0.7176888271731363
0.21591836734693876,0.6077551020408163,7.162003360576561e-248,7.162003360576561e-248,3.240342255889224e+60,I_stable,I_stable,0.6883296226168335,0.732538379468813
0.21591836734693876,0.6273469387755102,7.172975041461282e-248,7.172975041461282e-248,3.6144922259668696e+60,I_stable,I_stable,0.7049053996971941,0.7472094648927027
0.21591836734693876,0.6469387755102041,7.185123480003879e-248,7.185123480003879e-248,4.2488606179528835e+60,I_stable,I_stable,0.7213522431638066,0.7617097047568138
0.21591836734693876,0.666530612244898,7.19866502744721e-248,7.19866502744721e-248,4.4702172742871786e+60,I_stable,I_stable,0.7376750168593522,0.776046175076077
0.21591836734693876,0.6861224489795918,7.213999150360898e-248,7.213999150360898e-248,5.254948488560987e+60,I_stable,I_stable,0.753878263994344,0.7902254603961592
0.21591836734693876,0.7057142857142857,7.231386741778275e-248,7.231386741778275e-248,5.9815233330785376e+60,I_stable,I_stable,0.7699662368122037,0.8042537009284144
0.21591836734693876,0.7253061224489796,7.251328354674093e-248,7.251328354674093e-248,7.15397484983188e+60,I_stable,I_stable,0.785942922764163,0.8181366339862136
0.21591836734693876,0.7448979591836734,7.27440099836515e-248,7.27440099836515e-248,8.251617745179515e+60,I_stable,I_stable,0.8018120676876266,0.8318796305464131
0.21591836734693876,0.7644897959183673,1.2279150548590515e-247,1.2279150548590515e-247,9.677147428515715e+60,I_stable,I_stable,0.8175771964006852,0.845487727622176
0.21591836734693876,0.7840816326530612,1.2333192948959552e-247,1.2333192948959552e-247,1.2012793659794867e+61,I_stable,I_stable,0.8332416310595315,0.8589656570217082
0.21591836734693876,0.8036734693877551,1.2398485451735874e-247,1.2398485451735874e-247,1.4561382630661e+61,I_stable,I_stable,0.8488085075715106,0.8723178709763119
0.21591836734693876,0.823265306122449,1.2479161635276231e-247,1.2479161635276231e-247,1.8464005384502207e+61,I_stable,I_stable,0.8642807903120353,0.8855485650463302
0.21591836734693876,0.8428571428571429,1.7051832911179737e-247,1.7051832911179737e-247,2.3070622693389214e+61,I_stable,I_stable,0.8796612853567701,0.8986616986518081
0.21591836734693876,0.8624489795918368,1.723200037221845e-247,1.723200037221845e-247,3.1197970603829814e+61,I_stable,I_stable,0.8949526524098372,0.9116610135234937
0.21591836734693876,0.8820408163265305,2.1684839731040748e-247,2.1684839731040748e-247,4.2004915936355313e+61,I_stable,I_stable,0.910157415583198,0.9245500503271527
0.21591836734693876,0.9016326530612244,2.615177110397271e-247,2.615177110397271e-247,6.15647220984961e+61,I_stable,I_stable,0.9252779731608697,0.9373321636784746
0.21591836734693876,0.9212244897959183,3.0909217035593964e-247,3.0909217035593964e-247,9.848364195952428e+61,I_stable,I_stable,0.9403166064635249,0.95001053573586
0.21591836734693876,0.9408163265306122,4.0398153407672866e-247,4.0398153407672866e-247,1.7571385196481637e+62,I_stable,I_stable,0.9552754879136958,0.9625881885330734
0.21591836734693876,0.9604081632653061,6.107639201469876e-247,6.107639201469876e-247,3.962867438747335e+62,I_stable,I_stable,0.9701566883887878,0.975067995192316
0.21591836734693876,0.98,1.5028439725462645e-246,1.5028439725462645e-246,1.58270036189524e+63,I_stable,I_stable,0.9849621839380145,0.9874526901400564
0.23551020408163262,0.02,6.228575488707646e-41,3.537661234433308e-18,9.08262680417785e+35,III_signgd,I_stable,0.053182958969449884,0.08672488792828036
0.23551020408163262,0.03959183673469388,5.642605721121198e-29,1.1184309848456358e-22,1.397876008633667e+17,III_signgd,I_stable,0.0887573316607622,0.13289343624648517
0.23551020408163262,0.05918367346938776,1.0029041095446429e-33,2.5965624883704004e-20,1.5542948730434832e+21,III_signgd,I_stable,0.11999176412600944,0.17085441221071906
0.23551020408163262,0.07877551020408163,1.7832924585172702e-32,1.8265769851804025e-20,3.181275451950838e+19,III_signgd,I_stable,0.14869399108610135,0.20428878025677358
0.23551020408163262,0.09836734693877551,5.832431860685792e-35,1.4348116018823756e-20,7.74505374397267e+27,III_signgd,I_stable,0.17564598165422904,0.23471013804909577
0.23551020408163262,0.11795918367346939,1.4120999080046492e-38,5.133381394308082e-25,1.7831668167173383e+21,II_spike,I_stable,0.20127916346199196,0.2629252823644016
0.23551020408163262,0.13755102040816325,3.8735443695024174e-81,1.3451297859747337e-24,9.334791630375148e+64,II_spike,I_stable,0.2258644406312193,0.2894275613209483
0.23551020408163262,0.1571428571428571,7.517642842317859e-242,7.517642842317859e-242,1.6804194596442354e+60,I_stable,I_stable,0.24958643848936826,0.3145459902001079
0.23551020408163262,0.176734693877551,1.0061988281640473e-241,1.0061988281640473e-241,1.211898376293014e+60,I_stable,I_stable,0.27257835044093476,0.3385136086233395
0.23551020408163262,0.1963265306122449,1.2320529338051457e-241,1.2320529338051457e-241,1.2814654924329102e+60,I_stable,I_stable,0.29494038580671944,0.3615029702725009
0.23551020408163262,0.21591836734693876,2.4335599504940252e-241,2.4335599504940252e-241,1.1688874510389194e+60,I_stable,I_stable,0.31675041368227413,0.38364628074541884
0.23551020408163262,0.23551020408163262,1.4667136139529079e-241,1.4667136139529079e-241,8.899337365439545e+59,I_stable,I_stable,0.33807051609020067,0.40504761611013695
0.23551020408163262,0.25510204081632654,1.7374422514295385e-241,1.7374422514295385e-241,1.101504512851821e+60,I_stable,I_stable,0.35895123321356215,0.4257907359260144
0.23551020408163262,0.2746938775510204,1.5613652631638782e-241,1.5613652631638782e-241,1.0315574032019324e+60,I_stable,I_stable,0.3794344287204513,0.4459442950811514
0.23551020408163262,0.29428571428571426,1.8712851469342892e-241,1.8712851469342892e-241,9.982221407521425e+59,I_stable,I_stable,0.39955529026532965,0.46556544382477766
0.23551020408163262,0.31387755102040815,1.973523865409476e-241,1.973523865409476e-241,9.572687147646867e+59,I_stable,I_stable,0.41934376641984905,0.4847023882973251
0.23551020408163262,0.33346938775510204,2.2246457921440505e-241,2.2246457921440505e-241,1.1564209966927019e+60,I_stable,I_stable,0.4388256240669263,0.5033962576661685
0.23551020408163262,0.35306122448979593,2.278794124031661e-241,2.278794124031661e-241,1.2621597145651615e+60,I_stable,I_stable,0.45802324290480784,0.521682495210736
0.23551020408163262,0.3726530612244898,2.369557512504098e-241,2.369557512504098e-241,1.2155706572358932e+60,I_stable,I_stable,0.4769562233715155,0.5395919143211331
0.23551020408163262,0.39224489795918366,1.8902371727091683e-241,1.8902371727091683e-241,1.2785993135955752e+60,I_stable,I_stable,0.49564185930152915,0.5571515134352752
0.23551020408163262,0.41183673469387755,2.2310382928029762e-241,2.2310382928029762e-241,1.390227688389612e+60,I_stable,I_stable,0.5140955106577026,0.5743851141903371
0.23551020408163262,0.43142857142857144,2.2587683825362317e-241,2.2587683825362317e-241,1.4869494520475703e+60,I_stable,I_stable,0.5323309012057498,0.5913138676923984
0.23551020408163262,0.4510204081632653,2.2873361437836244e-241,2.2873361437836244e-241,1.4951513986385725e+60,I_stable,I_stable,0.5503603589627031,0.6079566608873909
0.23551020408163262,0.47061224489795916,1.8945676354855952e-241,1.8945676354855952e-241,1.6374568549308198e+60,I_stable,I_stable,0.5681950124246583,0.6243304462120175
0.23551020408163262,0.49020408163265305,1.885401650122038e-241,1.885401650122038e-241,1.82185961572715e+60,I_stable,I_stable,0.5858449522056745,0.6404505115873405
0.23551020408163262,0.509795918367347,7.120301688838793e-248,7.120301688838793e-248,1.9336320995615327e+60,I_stable,I_stable,0.6033193653210811,0.6563307034948636
0.23551020408163262,0.5293877551020408,7.127202693089499e-248,7.127202693089499e-248,2.1626359253633146e+60,I_stable,I_stable,0.6206266476163069,0.6719836127708723
0.23551020408163262,0.5489795918367347,7.134744089456528e-248,7.134744089456528e-248,2.3470203929309443e+60,I_stable,I_stable,0.6377744985737119,0.6874207304936282
0.23551020408163262,0.5685714285714285,7.142956701289964e-248,7.142956701289964e-248,2.6358864597887906e+60,I_stable,I_stable,0.654770001788624,0.7026525796689959
0.23551020408163262,0.5881632653061224,7.151952024707965e-248,7.151952024707965e-248,2.778713821372601e+60,I_stable,I_stable,0.6716196936990277,0.7176888271731363
0.23551020408163262,0.6077551020408163,7.161844687185363e-248,7.161844687185363e-248,3.21859575221743e+60,I_stable,I_stable,0.6883296226168335,0.732538379468813
0.23551020408163262,0.6273469387755102,7.172819469383152e-248,7.172819469383152e-248,3.584919566639213e+60,I_stable,I_stable,0.7049053996971941,0.7472094648927027
0.23551020408163262,0.6469387755102041,7.184966136877914e-248,7.184966136877914e-248,4.208718733558245e+60,I_stable,I_stable,0.7213522431638066,0.7617097047568138
0.23551020408163262,0.666530612244898,7.198585590074522e-248,7.198585590074522e-248,4.8930327924465115e+60,I_stable,I_stable,0.7376750168593522,0.776046175076077
0.23551020408163262,0.6861224489795918,7.21384465666806e-248,7.21384465666806e-248,5.1942261103116614e+60,I_stable,I_stable,0.753878263994344,0.7902254603961592
0.23551020408163262,0.7057142857142857,7.231312047580289e-248,7.231312047580289e-248,5.906568501983938e+60,I_stable,I_stable,0.7699662368122037,0.8042537009284144
0.23551020408163262,0.7253061224489796,7.251251134000352e-248,7.251251134000352e-248,7.06162444783508e+60,I_stable,I_stable,0.785942922764163,0.8181366339862136
0.23551020408163262,0.7448979591836734,7.27425586479057e-248,7.27425586479057e-248,8.140747503164734e+60,I_stable,I_stable,0.8018120676876266,0.8318796305464131
0.23551020408163262,0.7644897959183673,1.227901020206221e-247,1.227901020206221e-247,1.0211831202128316e+61,I_stable,I_stable,0.8175771964006852,0.845487727622176
0.23551020408163262,0.7840816326530612,1.2333055161882385e-247,1.2333055161882385e-247,1.1852455262864546e+61,I_stable,I_stable,0.8332416310595315,0.8589656570217082
0.23551020408163262,0.8036734693877551,1.2398349244633756e-247,1.2398349244633756e-247,1.4367510628433858e+61,I_stable,I_stable,0.8488085075715106,0.8723178709763119
0.23551020408163262,0.823265306122449,1.247893139947071e-247,1.247893139947071e-247,1.8221523060248317e+61,I_stable,I_stable,0.8642807903120353,0.8855485650463302
0.23551020408163262,0.8428571428571429,1.7051535465232805e-247,1.7051535465232805e-247,2.377623261260412e+61,I_stable,I_stable,0.8796612853567701,0.8986616986518081
0.23551020408163262,0.8624489795918368,1.7231667103131796e-247,1.7231667103131796e-247,3.082842554797007e+61,I_stable,I_stable,0.8949526524098372,0.9116610135234937
0.23551020408163262,0.8820408163265305,2.168465579050754e-247,2.168465579050754e-247,4.28657845510066e+61,I_stable,I_stable,0.910157415583198,0.9245500503271527
0.23551020408163262,0.9016326530612244,2.615129523567761e-247,2.615129523567761e-247,6.255112599538534e+61,I_stable,I_stable,0.9252779731608697,0.9373321636784746
0.23551020408163262,0.9212244897959183,3.090891955076692e-247,3.090891955076692e-247,9.76356379712946e+61,I_stable,I_stable,0.9403166064635249,0.95001053573586
0.23551020408163262,0.9408163265306122,4.039773235121815e-247,4.039773235121815e-247,1.7710754655836273e+62,I_stable,I_stable,0.9552754879136958,0.9625881885330734
0.23551020408163262,0.9604081632653061,6.107579537605706e-247,6.107579537605706e-247,3.981825274078068e+62,I_stable,I_stable,0.9701566883887878,0.975067995192316
0.23551020408163262,0.98,1.502810522755776e-246,1.502810522755776e-246,1.5776792247404096e+63,I_stable,I_stable,0.9849621839380145,0.9874526901400564
0.25510204081632654,0.02,4.417969688187394e-27,5.213546966955789e-18,2370470119224.648,III_signgd,I_stable,0.053182958969449884,0.08672488792828036
0.25510204081632654,0.03959183673469388,3.569731914530459e-24,3.180026933413498e-18,28269565646.45907,III_signgd,I_stable,0.0887573316607622,0.13289343624648517
0.25510204081632654,0.05918367346938776,3.075652015169495e-36,4.776397798346648e-30,1.4418226396541849e+25,III_signgd,I_stable,0.11999176412600944,0.17085441221071906
0.25510204081632654,0.07877551020408163,2.5471019628450087e-36,1.851231960781507e-20,9.281748985973262e+21,III_signgd,I_stable,0.14869399108610135,0.20428878025677358
0.25510204081632654,0.09836734693877551,5.919600878461099e-36,1.7086090869071624e-26,1.968819143323658e+25,III_signgd,I_stable,0.17564598165422904,0.23471013804909577
0.25510204081632654,0.11795918367346939,1.877216468110043e-38,1.2403314815728995e-25,3.367101367052513e+29,II_spike,I_stable,0.20127916346199196,0.2629252823644016
0.25510204081632654,0.13755102040816325,2.6483147696934578e-39,1.0352008978209865e-20,5.424211269844985e+19,II_spike,I_stable,0.2258644406312193,0.2894275613209483
0.25510204081632654,0.1571428571428571,3.87985887759293e-154,2.8174198053253735e-21,5.928940825718347e+99,II_spike,I_stable,0.24958643848936826,0.3145459902001079
0.25510204081632654,0.176734693877551,7.603850316920929e-242,7.603850316920929e-242,1.920075756641543e+60,I_stable,I_stable,0.27257835044093476,0.3385136086233395
0.25510204081632654,0.1963265306122449,9.826410335576933e-242,9.826410335576933e-242,1.8204909572063154e+60,I_stable,I_stable,0.29494038580671944,0.3615029702725009
0.25510204081632654,0.21591836734693876,2.0949696820615012e-241,2.0949696820615012e-241,1.5451929496684847e+60,I_stable,I_stable,0.31675041368227413,0.38364628074541884
0.25510204081632654,0.23551020408163262,1.4413975740555837e-241,1.4413975740555837e-241,1.1168012113020504e+60,I_stable,I_stable,0.33807051609020067,0.40504761611013695
0.25510204081632654,0.25510204081632654,1.6498666063255722e-241,1.6498666063255722e-241,1.3293645327265102e+60,I_stable,I_stable,0.35895123321356215,0.4257907359260144
0.25510204081632654,0.2746938775510204,1.3706050512380283e-241,1.3706050512380283e-241,1.207276402350745e+60,I_stable,I_stable,0.3794344287204513,0.4459442950811514
0.25510204081632654,0.29428571428571426,1.6785513186017422e-241,1.6785513186017422e-241,1.1395815786162203e+60,I_stable,I_stable,0.39955529026532965,0.46556544382477766
0.25510204081632654,0.31387755102040815,1.8178125776229137e-241,1.8178125776229137e-241,1.0708303217680078e+60,I_stable,I_stable,0.41934376641984905,0.4847023882973251
0.25510204081632654,0.33346938775510204,2.0263721022216316e-241,2.0263721022216316e-241,1.2719569745850763e+60,I_stable,I_stable,0.4388256240669263,0.5033962576661685
0.25510204081632654,0.35306122448979593,1.694143147905065e-241,1.694143147905065e-241,1.368281648225564e+60,I_stable,I_stable,0.45802324290480784,0.521682495210736
0.25510204081632654,0.3726530612244898,1.7439613359887082e-241,1.7439613359887082e-241,1.301545752366106e+60,I_stable,I_stable,0.4769562233715155,0.5395919143211331
0.25510204081632654,0.39224489795918366,1.7773648587570174e-241,1.7773648587570174e-241,1.3546162259195381e+60,I_stable,I_stable,0.49564185930152915,0.5571515134352752
0.25510204081632654,0.41183673469387755,2.142794623469676e-241,2.142794623469676e-241,1.4592327724359857e+60,I_stable,I_stable,0.5140955106577026,0.5743851141903371
0.25510204081632654,0.43142857142857144,1.784454518035746e-241,1.784454518035746e-241,1.548635454272437e+60,I_stable,I_stable,0.5323309012057498,0.5913138676923984
0.25510204081632654,0.4510204081632653,1.8070112510505664e-241,1.8070112510505664e-241,1.5461498777205263e+60,I_stable,I_stable,0.5503603589627031,0.6079566608873909
0.25510204081632654,0.47061224489795916,1.8948818711926643e-241,1.8948818711926643e-241,1.682365657321035e+60,I_stable,I_stable,0.5681950124246583,0.6243304462120175
0.25510204081632654,0.49020408163265305,1.9148358877473413e-241,1.9148358877473413e-241,1.8621089467231652e+60,I_stable,I_stable,0.5858449522056745,0.6404505115873405
0.25510204081632654,0.509795918367347,7.120132689960009e-248,7.120132689960009e-248,1.9669266559460003e+60,I_stable,I_stable,0.6033193653210811,0.6563307034948636
0.25510204081632654,0.5293877551020408,7.127032310656594e-248,7.127032310656594e-248,2.1898562358843107e+60,I_stable,I_stable,0.6206266476163069,0.6719836127708723
0.25510204081632654,0.5489795918367347,7.134656412340908e-248,7.134656412340908e-248,2.3676317341491015e+60,I_stable,I_stable,0.6377744985737119,0.6874207304936282
0.25510204081632654,0.5685714285714285,7.142868071609518e-248,7.142868071609518e-248,2.6500329470333527e+60,I_stable,I_stable,0.654770001788624,0.7026525796689959
0.25510204081632654,0.5881632653061224,7.151861140140354e-248,7.151861140140354e-248,3.180908604267875e+60,I_stable,I_stable,0.6716196936990277,0.7176888271731363
0.25510204081632654,0.6077551020408163,7.161754186993515e-248,7.161754186993515e-248,3.2194161014098276e+60,I_stable,I_stable,0.6883296226168335,0.732538379468813
0.25510204081632654,0.6273469387755102,7.172665207254486e-248,7.172665207254486e-248,3.5770975631233024e+60,I_stable,I_stable,0.7049053996971941,0.7472094648927027
0.25510204081632654,0.6469387755102041,7.184817251340161e-248,7.184817251340161e-248,4.1917118737762746e+60,I_stable,I_stable,0.7213522431638066,0.7617097047568138
0.25510204081632654,0.666530612244898,7.198435398783978e-248,7.198435398783978e-248,4.865227004317935e+60,I_stable,I_stable,0.7376750168593522,0.776046175076077
0.25510204081632654,0.6861224489795918,7.21368247913745e-248,7.21368247913745e-248,5.6660125241193474e+60,I_stable,I_stable,0.753878263994344,0.7902254603961592
0.25510204081632654,0.7057142857142857,7.231159917135631e-248,7.231159917135631e-248,6.391063756828687e+60,I_stable,I_stable,0.7699662368122037,0.8042537009284144
0.25510204081632654,0.7253061224489796,7.251094686115281e-248,7.251094686115281e-248,6.994665665876512e+60,I_stable,I_stable,0.785942922764163,0.8181366339862136
0.25510204081632654,0.7448979591836734,7.27417888340076e-248,7.27417888340076e-248,8.677832551097287e+60,I_stable,I_stable,0.8018120676876266,0.8318796305464131
0.25510204081632654,0.7644897959183673,1.227875309548498e-247,1.227875309548498e-247,1.0106223339877681e+61,I_stable,I_stable,0.8175771964006852,0.845487727622176
0.25510204081632654,0.7840816326530612,1.2332794802521428e-247,1.2332794802521428e-247,1.2460852298296845e+61,I_stable,I_stable,0.8332416310595315,0.8589656570217082
0.25510204081632654,0.8036734693877551,1.2398111420784702e-247,1.2398111420784702e-247,1.5012022009227518e+61,I_stable,I_stable,0.8488085075715106,0.8723178709763119
0.25510204081632654,0.823265306122449,1.2478787954119099e-247,1.2478787954119099e-247,1.8927500321732054e+61,I_stable,I_stable,0.8642807903120353,0.8855485650463302
0.25510204081632654,0.8428571428571429,1.7051329024290628e-247,1.7051329024290628e-247,2.3525677461377263e+61,I_stable,I_stable,0.8796612853567701,0.8986616986518081
0.25510204081632654,0.8624489795918368,1.7231499438831883e-247,1.7231499438831883e-247,3.166945153631551e+61,I_stable,I_stable,0.8949526524098372,0.9116610135234937
0.25510204081632654,0.8820408163265305,2.16842062646919e-247,2.16842062646919e-247,4.2455478886452855e+61,I_stable,I_stable,0.910157415583198,0.9245500503271527
0.25510204081632654,0.9016326530612244,2.615107032501102e-247,2.615107032501102e-247,6.201624893930919e+61,I_stable,I_stable,0.9252779731608697,0.9373321636784746
0.25510204081632654,0.9212244897959183,3.090832878402121e-247,3.090832878402121e-247,9.886526104901829e+61,I_stable,I_stable,0.9403166064635249,0.95001053573586
0.25510204081632654,0.9408163265306122,4.0397409896352473e-247,4.0397409896352473e-247,1.7597249353355247e+62,I_stable,I_stable,0.9552754879136958,0.9625881885330734
0.25510204081632654,0.9604081632653061,6.107528719175227e-247,6.107528719175227e-247,4.0015574482710287e+62,I_stable,I_stable,0.9701566883887878,0.975067995192316
0.25510204081632654,0.98,1.5027938572457486e-246,1.5027938572457486e-246,1.5805239435869212e+63,I_stable,I_stable,0.9849621839380145,0.9874526901400564
0.2746938775510204,0.02,1.3453606500218847e-27,4.6284618255978705e-18,4581139624509152.0,III_signgd,I_stable,0.053182958969449884,0.08672488792828036
0.2746938775510204,0.03959183673469388,2.6884143638737795e-21,1.3387250074018344e-20,16561864.316604726,III_signgd,I_stable,0.0887573316607622,0.13289343624648517
0.2746938775510204,0.05918367346938776,2.050593114426124e-34,1.3508351179964853e-27,3.316894156536874e+21,III_signgd,I_stable,0.11999176412600944,0.17085441221071906
0.2746938775510204,0.07877551020408163,1.190143845709163e-49,1.846389701664455e-20,3.927595550821825e+47,III_signgd,I_stable,0.14869399108610135,0.20428878025677358
0.2746938775510204,0.09836734693877551,1.579662006912416e-34,1.189922226437538e-27,3.743419187151945e+22,III_signgd,I_stable,0.17564598165422904,0.23471013804909577
0.2746938775510204,0.11795918367346939,6.45727123347088e-41,2.207841393566953e-26,9.607831096200696e+29,III_signgd,I_stable,0.20127916346199196,0.2629252823644016
0.2746938775510204,0.13755102040816325,3.3841420130769585e-49,1.1030655598132248e-25,2.7262114671039283e+47,II_spike,I_stable,0.2258644406312193,0.2894275613209483
0.2746938775510204,0.1571428571428571,7.714357528602137e-52,4.064255431342199e-22,1.211343404398757e+43,II_spike,I_stable,0.24958643848936826,0.3145459902001079
0.2746938775510204,0.176734693877551,1.9508757344849526e-245,3.791784714293319e-242,7.244853643463505e+70,II_spike,I_stable,0.27257835044093476,0.3385136086233395
0.2746938775510204,0.1963265306122449,7.714403059625998e-242,7.714403059625998e-242,1.9131757753222013e+60,I_stable,I_stable,0.29494038580671944,0.3615029702725009
0.2746938775510204,0.21591836734693876,1.6538892548051732e-241,1.6538892548051732e-241,1.5038885175912848e+60,I_stable,I_stable,0.31675041368227413,0.38364628074541884
0.2746938775510204,0.23551020408163262,1.0349506435970509e-241,1.0349506435970509e-241,1.4892347320584718e+60,I_stable,I_stable,0.33807051609020067,0.40504761611013695
0.2746938775510204,0.25510204081632654,1.4337448671897201e-241,1.4337448671897201e-241,1.6857431393518107e+60,I_stable,I_stable,0.35895123321356215,0.4257907359260144
0.2746938775510204,0.2746938775510204,1.2010703048605204e-241,1.2010703048605204e-241,1.4736903761820253e+60,I_stable,I_stable,0.3794344287204513,0.4459442950811514
0.2746938775510204,0.29428571428571426,1.4833901106732414e-241,1.4833901106732414e-241,1.3488788614418863e+60,I_stable,I_stable,0.39955529026532965,0.46556544382477766
0.2746938775510204,0.31387755102040815,1.6333068495274387e-241,1.6333068495274387e-241,1.2364557861734617e+60,I_stable,I_stable,0.41934376641984905,0.4847023882973251
0.2746938775510204,0.33346938775510204,1.5140663599360217e-241,1.5140663599360217e-241,1.4387507101392e+60,I_stable,I_stable,0.4388256240669263,0.5033962576661685
0.2746938775510204,0.35306122448979593,1.5588513007685595e-241,1.5588513007685595e-241,1.5208637664128106e+60,I_stable,I_stable,0.45802324290480784,0.521682495210736
0.2746938775510204,0.3726530612244898,1.616489299943515e-241,1.616489299943515e-241,1.4253299489944817e+60,I_stable,I_stable,0.4769562233715155,0.5395919143211331
0.2746938775510204,0.39224489795918366,1.710953960305201e-241,1.710953960305201e-241,1.4645759361405087e+60,I_stable,I_stable,0.49564185930152915,0.5571515134352752
0.2746938775510204,0.41183673469387755,1.6629359276775413e-241,1.6629359276775413e-241,1.5603735318666163e+60,I_stable,I_stable,0.5140955106577026,0.5743851141903371
0.2746938775510204,0.43142857142857144,1.685751868225074e-241,1.685751868225074e-241,1.6395726244406954e+60,I_stable,I_stable,0.5323309012057498,0.5913138676923984
0.2746938775510204,0.4510204081632653,1.715821341198525e-241,1.715821341198525e-241,1.6234962604638737e+60,I_stable,I_stable,0.5503603589627031,0.6079566608873909
0.2746938775510204,0.47061224489795916,2.0785939838535657e-241,2.0785939838535657e-241,1.7532354800584065e+60,I_stable,I_stable,0.5681950124246583,0.6243304462120175
0.2746938775510204,0.49020408163265305,1.847625383706978e-241,1.847625383706978e-241,1.9275500393635847e+60,I_stable,I_stable,0.5858449522056745,0.6404505115873405
0.2746938775510204,0.509795918367347,7.119962115492242e-248,7.119962115492242e-248,2.0238667120148374e+60,I_stable,I_stable,0.6033193653210811,0.6563307034948636
0.2746938775510204,0.5293877551020408,7.1269418474874935e-248,7.1269418474874935e-248,2.2418941307253478e+60,I_stable,I_stable,0.6206266476163069,0.6719836127708723
0.2746938775510204,0.5489795918367347,7.134484421837111e-248,7.134484421837111e-248,2.412824939094394e+60,I_stable,I_stable,0.6377744985737119,0.6874207304936282
0.2746938775510204,0.5685714285714285,7.1427017044379105e-248,7.1427017044379105e-248,2.6895793178167672e+60,I_stable,I_stable,0.654770001788624,0.7026525796689959
0.2746938775510204,0.5881632653061224,7.151691800932243e-248,7.151691800932243e-248,3.215548198109183e+60,I_stable,I_stable,0.6716196936990277,0.7176888271731363
0.2746938775510204,0.6077551020408163,7.161586547472268e-248,7.161586547472268e-248,3.674259915656435e+60,I_stable,I_stable,0.6883296226168335,0.732538379468813
0.2746938775510204,0.6273469387755102,7.172577147693032e-248,7.172577147693032e-248,4.0391848493645975e+60,I_stable,I_stable,0.7049053996971941,0.7472094648927027
0.2746938775510204,0.6469387755102041,7.184728798340337e-248,7.184728798340337e-248,4.200725025566993e+60,I_stable,I_stable,0.7213522431638066,0.7617097047568138
0.2746938775510204,0.666530612244898,7.198270038179967e-248,7.198270038179967e-248,4.8664071849377064e+60,I_stable,I_stable,0.7376750168593522,0.776046175076077
0.2746938775510204,0.6861224489795918,7.213605908269877e-248,7.213605908269877e-248,5.654776380045151e+60,I_stable,I_stable,0.753878263994344,0.7902254603961592
0.2746938775510204,0.7057142857142857,7.23099943613625e-248,7.23099943613625e-248,6.367339916589e+60,I_stable,I_stable,0.7699662368122037,0.8042537009284144
0.2746938775510204,0.7253061224489796,7.250938702280009e-248,7.250938702280009e-248,7.54293223394051e+60,I_stable,I_stable,0.785942922764163,0.8181366339862136
0.2746938775510204,0.7448979591836734,7.274014986302515e-248,7.274014986302515e-248,8.623002213568255e+60,I_stable,I_stable,0.8018120676876266,0.8318796305464131
0.2746938775510204,0.7644897959183673,1.2278501515390073e-247,1.2278501515390073e-247,1.0032914102954391e+61,I_stable,I_stable,0.8175771964006852,0.845487727622176
0.2746938775510204,0.7840816326530612,1.2332554863611162e-247,1.2332554863611162e-247,1.2362028920605495e+61,I_stable,I_stable,0.8332416310595315,0.8589656570217082
0.2746938775510204,0.8036734693877551,1.2397959377268004e-247,1.2397959377268004e-247,1.4883343909337125e+61,I_stable,I_stable,0.8488085075715106,0.8723178709763119
0.2746938775510204,0.823265306122449,1.2478547139347175e-247,1.2478547139347175e-247,1.876060078335772e+61,I_stable,I_stable,0.8642807903120353,0.8855485650463302
0.2746938775510204,0.8428571428571429,1.7051016040391152e-247,1.7051016040391152e-247,2.433647545656587e+61,I_stable,I_stable,0.8796612853567701,0.8986616986518081
0.2746938775510204,0.8624489795918368,1.7231145502417512e-247,1.7231145502417512e-247,3.1379860063970445e+61,I_stable,I_stable,0.8949526524098372,0.9116610135234937
0.2746938775510204,0.8820408163265305,2.1684005579325885e-247,2.1684005579325885e-247,4.343666683925827e+61,I_stable,I_stable,0.910157415583198,0.9245500503271527
0.2746938775510204,0.9016326530612244,2.6150517342077815e-247,2.6150517342077815e-247,6.312630797639365e+61,I_stable,I_stable,0.9252779731608697,0.9373321636784746
0.2746938775510204,0.9212244897959183,3.0908057496377777e-247,3.0908057496377777e-247,9.813379203620263e+61,I_stable,I_stable,0.9403166064635249,0.95001053573586
0.2746938775510204,0.9408163265306122,4.039664762515149e-247,4.039664762515149e-247,1.7757257272267158e+62,I_stable,I_stable,0.9552754879136958,0.9625881885330734
0.2746938775510204,0.9604081632653061,6.1074751514824e-247,6.1074751514824e-247,3.9821889735334946e+62,I_stable,I_stable,0.9701566883887878,0.975067995192316
0.2746938775510204,0.98,1.5027800955580668e-246,1.5027800955580668e-246,1.5838907653686604e+63,I_stable,I_stable,0.9849621839380145,0.9874526901400564
0.29428571428571426,0.02,1.370856016658529e-27,4.039238102139439e-17,48927821522159.32,III_signgd,II_spike,0.053182958969449884,0.08672488792828036
0.29428571428571426,0.03959183673469388,1.8935252200370126e-29,2.7995835311482233e-21,3.9542143633254467e+18,III_signgd,I_stable,0.0887573316607622,0.13289343624648517
0.29428571428571426,0.05918367346938776,2.972928445950048e-25,1.169156310566352e-18,52109625014275.08,III_signgd,I_stable,0.11999176412600944,0.17085441221071906
0.29428571428571426,0.07877551020408163,1.1661462014614989e-52,1.1389986129700633e-23,3.5138263149775344e+51,III_signgd,I_stable,0.14869399108610135,0.20428878025677358
0.29428571428571426,0.09836734693877551,5.178406941234531e-31,2.589080445149442e-22,1.7817179033705162e+20,III_signgd,I_stable,0.17564598165422904,0.23471013804909577
0.29428571428571426,0.11795918367346939,1.055178233713307e-52,1.7302728576816504e-37,7.456680913347189e+52,III_signgd,I_stable,0.20127916346199196,0.2629252823644016
0.29428571428571426,0.13755102040816325,2.384542517786448e-61,8.778819700340027e-24,1.3241883265102062e+64,III_signgd,I_stable,0.2258644406312193,0.2894275613209483
0.29428571428571426,0.1571428571428571,9.159326748840063e-53,6.775756262514305e-28,2.283790373430891e+53,II_spike,I_stable,0.24958643848936826,0.3145459902001079
0.29428571428571426,0.176734693877551,4.850100861397585e-54,2.4875888351716078e-29,2.4794215594935357e+51,II_spike,I_stable,0.27257835044093476,0.3385136086233395
0.29428571428571426,0.1963265306122449,5.767283261672235e-242,5.767283261672235e-242,4.906619883935787e+60,I_stable,I_stable,0.29494038580671944,0.3615029702725009
0.29428571428571426,0.21591836734693876,1.2713945529885709e-241,1.2713945529885709e-241,2.3772079206026092e+60,I_stable,I_stable,0.31675041368227413,0.38364628074541884
0.29428571428571426,0.23551020408163262,8.811156598769957e-242,8.811156598769957e-242,2.142546480822057e+60,I_stable,I_stable,0.33807051609020067,0.40504761611013695
0.29428571428571426,0.25510204081632654,1.1267540150837388e-241,1.1267540150837388e-241,1.6137958967797534e+60,I_stable,I_stable,0.35895123321356215,0.4257907359260144
0.29428571428571426,0.2746938775510204,1.0658218560011996e-241,1.0658218560011996e-241,1.889886041016772e+60,I_stable,I_stable,0.3794344287204513,0.4459442950811514
0.29428571428571426,0.29428571428571426,1.3302522040609372e-241,1.3302522040609372e-241,1.6653151529654954e+60,I_stable,I_stable,0.39955529026532965,0.46556544382477766
0.29428571428571426,0.31387755102040815,1.478173957546477e-241,1.478173957546477e-241,1.4805316710857431e+60,I_stable,I_stable,0.41934376641984905,0.4847023882973251
0.29428571428571426,0.33346938775510204,1.382603743537279e-241,1.382603743537279e-241,1.6798824537477952e+60,I_stable,I_stable,0.4388256240669263,0.5033962576661685
0.29428571428571426,0.35306122448979593,1.427943611372218e-241,1.427943611372218e-241,1.7393460553576823e+60,I_stable,I_stable,0.45802324290480784,0.521682495210736
0.29428571428571426,0.3726530612244898,1.5618178724358182e-241,1.5618178724358182e-241,1.600814370480667e+60,I_stable,I_stable,0.4769562233715155,0.5395919143211331
0.29428571428571426,0.39224489795918366,1.5918089804171253e-241,1.5918089804171253e-241,1.6198710997499008e+60,I_stable,I_stable,0.49564185930152915,0.5571515134352752
0.29428571428571426,0.41183673469387755,1.5585393202104316e-241,1.5585393202104316e-241,1.703003333998831e+60,I_stable,I_stable,0.5140955106577026,0.5743851141903371
0.29428571428571426,0.43142857142857144,1.6018949541115337e-241,1.6018949541115337e-241,1.7689558430995597e+60,I_stable,I_stable,0.5323309012057498,0.5913138676923984
0.29428571428571426,0.4510204081632653,1.7071406930259322e-241,1.7071406930259322e-241,1.7335301148536978e+60,I_stable,I_stable,0.5503603589627031,0.6079566608873909
0.29428571428571426,0.47061224489795916,1.9932090299688595e-241,1.9932090299688595e-241,1.8552596945395585e+60,I_stable,I_stable,0.5681950124246583,0.6243304462120175
0.29428571428571426,0.49020408163265305,2.0146718472991338e-241,2.0146718472991338e-241,2.0234945211542235e+60,I_stable,I_stable,0.5858449522056745,0.6404505115873405
0.29428571428571426,0.509795918367347,7.119780110692904e-248,7.119780110692904e-248,2.4968210096468156e+60,I_stable,I_stable,0.6033193653210811,0.6563307034948636
0.29428571428571426,0.5293877551020408,7.126768023097281e-248,7.126768023097281e-248,2.3222648458887522e+60,I_stable,I_stable,0.6206266476163069,0.6719836127708723
0.29428571428571426,0.5489795918367347,7.134304487376989e-248,7.134304487376989e-248,2.8868114927890832e+60,I_stable,I_stable,0.6377744985737119,0.6874207304936282
0.29428571428571426,0.5685714285714285,7.1425242498081144e-248,7.1425242498081144e-248,3.1736468278092663e+60,I_stable,I_stable,0.654770001788624,0.7026525796689959
0.29428571428571426,0.5881632653061224,7.15153302780749e-248,7.15153302780749e-248,3.281099140166161e+60,I_stable,I_stable,0.6716196936990277,0.7176888271731363
0.29428571428571426,0.6077551020408163,7.161427100025701e-248,7.161427100025701e-248,3.731571765823884e+60,I_stable,I_stable,0.6883296226168335,0.732538379468813
0.29428571428571426,0.6273469387755102,7.172405550223015e-248,7.172405550223015e-248,4.087884631836154e+60,I_stable,I_stable,0.7049053996971941,0.7472094648927027
0.29428571428571426,0.6469387755102041,7.184558619490477e-248,7.184558619490477e-248,4.2385606051119244e+60,I_stable,I_stable,0.7213522431638066,0.7617097047568138
0.29428571428571426,0.666530612244898,7.198181595064346e-248,7.198181595064346e-248,4.8955171479443736e+60,I_stable,I_stable,0.7376750168593522,0.776046175076077
0.29428571428571426,0.6861224489795918,7.213439229727732e-248,7.213439229727732e-248,5.6747068146126765e+60,I_stable,I_stable,0.753878263994344,0.7902254603961592
0.29428571428571426,0.7057142857142857,7.230910911670393e-248,7.230910911670393e-248,6.3759614175424215e+60,I_stable,I_stable,0.7699662368122037,0.8042537009284144
0.29428571428571426,0.7253061224489796,7.250851056944673e-248,7.250851056944673e-248,7.536693611890886e+60,I_stable,I_stable,0.785942922764163,0.8181366339862136
0.29428571428571426,0.7448979591836734,7.273936877770397e-248,7.273936877770397e-248,8.601510854590016e+60,I_stable,I_stable,0.8018120676876266,0.8318796305464131
0.29428571428571426,0.7644897959183673,1.227834415943374e-247,1.227834415943374e-247,1.0689259597338204e+61,I_stable,I_stable,0.8175771964006852,0.845487727622176
0.29428571428571426,0.7840816326530612,1.2332392672198788e-247,1.2332392672198788e-247,1.2303908662675837e+61,I_stable,I_stable,0.8332416310595315,0.8589656570217082
0.29428571428571426,0.8036734693877551,1.2397706083323023e-247,1.2397706083323023e-247,1.479610580329655e+61,I_stable,I_stable,0.8488085075715106,0.8723178709763119
0.29428571428571426,0.823265306122449,1.2478390523615397e-247,1.2478390523615397e-247,1.8635563345806067e+61,I_stable,I_stable,0.8642807903120353,0.8855485650463302
0.29428571428571426,0.8428571428571429,1.70507891890042e-247,1.70507891890042e-247,2.4164029421435743e+61,I_stable,I_stable,0.8796612853567701,0.8986616986518081
0.29428571428571426,0.8624489795918368,1.7230956985515887e-247,1.7230956985515887e-247,3.116169294359472e+61,I_stable,I_stable,0.8949526524098372,0.9116610135234937
0.29428571428571426,0.8820408163265305,2.1683533944802345e-247,2.1683533944802345e-247,4.311059794817798e+61,I_stable,I_stable,0.910157415583198,0.9245500503271527
0.29428571428571426,0.9016326530612244,2.615026180631536e-247,2.615026180631536e-247,6.267758999375994e+61,I_stable,I_stable,0.9252779731608697,0.9373321636784746
0.29428571428571426,0.9212244897959183,3.0907700406043574e-247,3.0907700406043574e-247,9.952179642300425e+61,I_stable,I_stable,0.9403166064635249,0.95001053573586
0.29428571428571426,0.9408163265306122,4.039617273533037e-247,4.039617273533037e-247,1.7655639975754995e+62,I_stable,I_stable,0.9552754879136958,0.9625881885330734
0.29428571428571426,0.9604081632653061,6.107339431657904e-247,6.107339431657904e-247,4.0054131577131445e+62,I_stable,I_stable,0.9701566883887878,0.975067995192316
0.29428571428571426,0.98,1.5027639083417193e-246,1.5027639083417193e-246,1.5877719436313418e+63,I_stable,I_stable,0.9849621839380145,0.9874526901400564
0.31387755102040815,0.02,1.8213048871193414e-24,7.256850095655189e-18,466727935111.6722,III_signgd,I_stable,0.053182958969449884,0.08672488792828036
0.31387755102040815,0.03959183673469388,1.546266843960674e-20,1.5962473802955127e-20,38891.343599033746,III_signgd,I_stable,0.0887573316607622,0.13289343624648517
0.31387755102040815,0.05918367346938776,1.9511063341739986e-32,1.767602928350974e-18,3.634940803093164e+21,III_signgd,I_stable,0.11999176412600944,0.17085441221071906
0.31387755102040815,0.07877551020408163,6.004534476201599e-26,4.893849447532002e-19,17047592664.051016,III_signgd,I_stable,0.14869399108610135,0.20428878025677358
0.31387755102040815,0.09836734693877551,2.5356380900316615e-26,2.4579652403787445e-22,1.2571296059975264e+16,III_signgd,I_stable,0.17564598165422904,0.23471013804909577
0.31387755102040815,0.11795918367346939,1.529984218311935e-51,1.3757024051947576e-24,1.5953837006027914e+49,III_signgd,I_stable,0.20127916346199196,0.2629252823644016
0.31387755102040815,0.13755102040816325,3.249079125640149e-54,4.914610381395139e-29,2.585857242194131e+46,III_signgd,I_stable,0.2258644406312193,0.2894275613209483
0.31387755102040815,0.1571428571428571,2.1930412399442775e-63,7.200211174523261e-21,8.809442132824217e+70,II_spike,I_stable,0.24958643848936826,0.3145459902001079
0.31387755102040815,0.176734693877551,9.703386840481986e-58,6.763735627647736e-23,3.3388950776302384e+61,II_spike,I_stable,0.27257835044093476,0.3385136086233395
0.31387755102040815,0.1963265306122449,1.3076793917437034e-58,4.557846423771262e-21,1.258177868746092e+24,II_spike,I_stable,0.29494038580671944,0.3615029702725009
0.31387755102040815,0.21591836734693876,8.91886771824635e-242,8.91886771824635e-242,3.4624147019421486e+60,I_stable,I_stable,0.31675041368227413,0.38364628074541884
0.31387755102040815,0.23551020408163262,7.270251180460773e-242,7.270251180460773e-242,2.3710741501866744e+60,I_stable,I_stable,0.33807051609020067,0.40504761611013695
0.31387755102040815,0.25510204081632654,9.582840553016203e-242,9.582840553016203e-242,2.3432396774665727e+60,I_stable,I_stable,0.35895123321356215,0.4257907359260144
0.31387755102040815,0.2746938775510204,1.1239925296788997e-241,1.1239925296788997e-241,1.86338142119576e+60,I_stable,I_stable,0.3794344287204513,0.4459442950811514
0.31387755102040815,0.29428571428571426,1.1815086139926676e-241,1.1815086139926676e-241,2.161059422725267e+60,I_stable,I_stable,0.39955529026532965,0.46556544382477766
0.31387755102040815,0.31387755102040815,1.3032831217761356e-241,1.3032831217761356e-241,1.8497045902366674e+60,I_stable,I_stable,0.41934376641984905,0.4847023882973251
0.31387755102040815,0.33346938775510204,1.520385818858744e-241,1.520385818858744e-241,1.5463313588422715e+60,I_stable,I_stable,0.4388256240669263,0.5033962576661685
0.31387755102040815,0.35306122448979593,1.3081943419447538e-241,1.3081943419447538e-241,1.582776992498024e+60,I_stable,I_stable,0.45802324290480784,0.521682495210736
0.31387755102040815,0.3726530612244898,1.378424909826207e-241,1.378424909826207e-241,1.849750068178025e+60,I_stable,I_stable,0.4769562233715155,0.5395919143211331
0.31387755102040815,0.39224489795918366,1.480704965253504e-241,1.480704965253504e-241,1.83760587269411e+60,I_stable,I_stable,0.49564185930152915,0.5571515134352752
0.31387755102040815,0.41183673469387755,1.458415055533692e-241,1.458415055533692e-241,1.901863941956813e+60,I_stable,I_stable,0.5140955106577026,0.5743851141903371
0.31387755102040815,0.43142857142857144,1.5036380187707192e-241,1.5036380187707192e-241,1.9481583961007374e+60,I_stable,I_stable,0.5323309012057498,0.5913138676923984
0.31387755102040815,0.4510204081632653,1.6110799063178385e-241,1.6110799063178385e-241,1.8863043555895592e+60,I_stable,I_stable,0.5503603589627031,0.6079566608873909
0.31387755102040815,0.47061224489795916,1.89214752679434e-241,1.89214752679434e-241,1.9973326552517435e+60,I_stable,I_stable,0.5681950124246583,0.6243304462120175
0.31387755102040815,0.49020408163265305,1.9181464635575293e-241,1.9181464635575293e-241,2.1579118311886503e+60,I_stable,I_stable,0.5858449522056745,0.6404505115873405
0.31387755102040815,0.509795918367347,7.11961005390122e-248,7.11961005390122e-248,2.6401003410938252e+60,I_stable,I_stable,0.6033193653210811,0.6563307034948636
0.31387755102040815,0.5293877551020408,7.12658157214354e-248,7.12658157214354e-248,2.436903074102013e+60,I_stable,I_stable,0.6206266476163069,0.6719836127708723
0.31387755102040815,0.5489795918367347,7.1341252260700505e-248,7.1341252260700505e-248,3.0084731589758505e+60,I_stable,I_stable,0.6377744985737119,0.6874207304936282
0.31387755102040815,0.5685714285714285,7.142339105261733e-248,7.142339105261733e-248,3.2877975862581494e+60,I_stable,I_stable,0.654770001788624,0.7026525796689959
0.31387755102040815,0.5881632653061224,7.151349725595027e-248,7.151349725595027e-248,3.379987003718348e+60,I_stable,I_stable,0.6716196936990277,0.7176888271731363
0.31387755102040815,0.6077551020408163,7.161249847740566e-248,7.161249847740566e-248,3.825424098729534e+60,I_stable,I_stable,0.6883296226168335,0.732538379468813
0.31387755102040815,0.6273469387755102,7.172231989583868e-248,7.172231989583868e-248,4.172697871064466e+60,I_stable,I_stable,0.7049053996971941,0.7472094648927027
0.31387755102040815,0.6469387755102041,7.184380946250821e-248,7.184380946250821e-248,4.8029092098233886e+60,I_stable,I_stable,0.7213522431638066,0.7617097047568138
0.31387755102040815,0.666530612244898,7.19800468135168e-248,7.19800468135168e-248,4.9592020148206774e+60,I_stable,I_stable,0.7376750168593522,0.776046175076077
0.31387755102040815,0.6861224489795918,7.21326105343736e-248,7.21326105343736e-248,5.729773720443969e+60,I_stable,I_stable,0.753878263994344,0.7902254603961592
0.31387755102040815,0.7057142857142857,7.230745068540918e-248,7.230745068540918e-248,6.419897886285141e+60,I_stable,I_stable,0.7699662368122037,0.8042537009284144
0.31387755102040815,0.7253061224489796,7.250678541855108e-248,7.250678541855108e-248,7.568096339367503e+60,I_stable,I_stable,0.785942922764163,0.8181366339862136
0.31387755102040815,0.7448979591836734,7.273762634625435e-248,7.273762634625435e-248,9.278240287428356e+60,I_stable,I_stable,0.8018120676876266,0.8318796305464131
0.31387755102040815,0.7644897959183673,1.2278064086343151e-247,1.2278064086343151e-247,1.0687169505821409e+61,I_stable,I_stable,0.8175771964006852,0.845487727622176
0.31387755102040815,0.7840816326530612,1.2332132976260669e-247,1.2332132976260669e-247,1.2282226209929041e+61,I_stable,I_stable,0.8332416310595315,0.8589656570217082
0.31387755102040815,0.8036734693877551,1.2397546823756647e-247,1.2397546823756647e-247,1.557802060350204e+61,I_stable,I_stable,0.8488085075715106,0.8723178709763119
0.31387755102040815,0.823265306122449,1.2478111738334124e-247,1.2478111738334124e-247,1.948825271948347e+61,I_stable,I_stable,0.8642807903120353,0.8855485650463302
0.31387755102040815,0.8428571428571429,1.705042184647311e-247,1.705042184647311e-247,2.4050230269156523e+61,I_stable,I_stable,0.8796612853567701,0.8986616986518081
0.31387755102040815,0.8624489795918368,1.723058234567059e-247,1.723058234567059e-247,3.214640233679847e+61,I_stable,I_stable,0.8949526524098372,0.9116610135234937
0.31387755102040815,0.8820408163265305,2.1683310709399366e-247,2.1683310709399366e-247,4.4227527764287937e+61,I_stable,I_stable,0.910157415583198,0.9245500503271527
0.31387755102040815,0.9016326530612244,2.614968437866845e-247,2.614968437866845e-247,6.395074111395423e+61,I_stable,I_stable,0.9252779731608697,0.9373321636784746
0.31387755102040815,0.9212244897959183,3.0907081642913644e-247,3.0907081642913644e-247,9.896701081387602e+61,I_stable,I_stable,0.9403166064635249,0.95001053573586
0.31387755102040815,0.9408163265306122,4.039577532089906e-247,4.039577532089906e-247,1.7831637744842503e+62,I_stable,I_stable,0.9552754879136958,0.9625881885330734
0.31387755102040815,0.9604081632653061,6.107280496964914e-247,6.107280496964914e-247,4.02925190849328e+62,I_stable,I_stable,0.9701566883887878,0.975067995192316
0.31387755102040815,0.98,1.5027472875217341e-246,1.5027472875217341e-246,1.5830744948261173e+63,I_stable,I_stable,0.9849621839380145,0.9874526901400564
0.33346938775510204,0.02,1.7865305081129783e-21,4.6709767923031157e-17,10345944.311146768,III_signgd,II_spike,0.053182958969449884,0.08672488792828036
0.33346938775510204,0.03959183673469388,1.8515657723921678e-39,1.1543532700631347e-17,2.802085319879692e+33,III_signgd,I_stable,0.0887573316607622,0.13289343624648517
0.33346938775510204,0.05918367346938776,1.4005236929394044e-22,1.4832444601039014e-17,28659145211.205948,III_signgd,I_stable,0.11999176412600944,0.17085441221071906
0.33346938775510204,0.07877551020408163,3.534507652630859e-28,6.645760428762642e-19,2.446780662610329e+17,III_signgd,I_stable,0.14869399108610135,0.20428878025677358
0.33346938775510204,0.09836734693877551,1.622970556056598e-34,1.1781645037135611e-27,5.21310813934429e+24,III_signgd,I_stable,0.17564598165422904,0.23471013804909577
0.33346938775510204,0.11795918367346939,1.829464259488738e-48,4.264178623247863e-25,4.746580680480283e+45,III_signgd,I_stable,0.20127916346199196,0.2629252823644016
0.33346938775510204,0.13755102040816325,4.896433740845325e-52,3.047920913068541e-25,1.4170174371207459e+50,III_signgd,I_stable,0.2258644406312193,0.2894275613209483
0.33346938775510204,0.1571428571428571,1.5238496809595792e-49,4.0429404815085723e-25,5.7885748823003236e+47,III_signgd,I_stable,0.24958643848936826,0.3145459902001079
0.33346938775510204,0.176734693877551,7.097844836938636e-51,2.5809848123636267e-22,2.235346162945682e+48,II_spike,I_stable,0.27257835044093476,0.3385136086233395
0.33346938775510204,0.1963265306122449,1.1675838886472048e-53,3.1825751360843105e-23,1.5030150990611802e+54,II_spike,I_stable,0.29494038580671944,0.3615029702725009
0.33346938775510204,0.21591836734693876,1.8194071166900466e-63,1.1138996890595958e-22,5.047920026915758e+60,II_spike,I_stable,0.31675041368227413,0.38364628074541884
0.33346938775510204,0.23551020408163262,8.79162030700847e-242,8.79162030700847e-242,4.842181962946635e+60,I_stable,I_stable,0.33807051609020067,0.40504761611013695
0.33346938775510204,0.25510204081632654,6.937359509023845e-242,6.937359509023845e-242,3.752888348019392e+60,I_stable,I_stable,0.35895123321356215,0.4257907359260144
0.33346938775510204,0.2746938775510204,8.937226605314294e-242,8.937226605314294e-242,2.7349075031233045e+60,I_stable,I_stable,0.3794344287204513,0.4459442950811514
0.33346938775510204,0.29428571428571426,8.378732568492327e-242,8.378732568492327e-242,2.1940676224408556e+60,I_stable,I_stable,0.39955529026532965,0.46556544382477766
0.33346938775510204,0.31387755102040815,9.740135339400319e-242,9.740135339400319e-242,2.4297449564216816e+60,I_stable,I_stable,0.41934376641984905,0.4847023882973251
0.33346938775510204,0.33346938775510204,1.3654777267976756e-241,1.3654777267976756e-241,1.9551125450929664e+60,I_stable,I_stable,0.4388256240669263,0.5033962576661685
0.33346938775510204,0.35306122448979593,1.2110865643392532e-241,1.2110865643392532e-241,1.9398229914940647e+60,I_stable,I_stable,0.45802324290480784,0.521682495210736
0.33346938775510204,0.3726530612244898,1.2801124507382356e-241,1.2801124507382356e-241,2.2092721137813494e+60,I_stable,I_stable,0.4769562233715155,0.5395919143211331
0.33346938775510204,0.39224489795918366,1.382121346651927e-241,1.382121346651927e-241,2.146632925764026e+60,I_stable,I_stable,0.49564185930152915,0.5571515134352752
0.33346938775510204,0.41183673469387755,1.3697634636190482e-241,1.3697634636190482e-241,2.179727352269079e+60,I_stable,I_stable,0.5140955106577026,0.5743851141903371
0.33346938775510204,0.43142857142857144,1.4151516299087197e-241,1.4151516299087197e-241,2.196565922958605e+60,I_stable,I_stable,0.5323309012057498,0.5913138676923984
0.33346938775510204,0.4510204081632653,1.5224014540755883e-241,1.5224014540755883e-241,2.096097777590168e+60,I_stable,I_stable,0.5503603589627031,0.6079566608873909
0.33346938775510204,0.47061224489795916,1.7922249068067375e-241,1.7922249068067375e-241,2.1915262209087677e+60,I_stable,I_stable,0.5681950124246583,0.6243304462120175
0.33346938775510204,0.49020408163265305,1.823655859464269e-241,1.823655859464269e-241,2.3411861101297352e+60,I_stable,I_stable,0.5858449522056745,0.6404505115873405
0.33346938775510204,0.509795918367347,7.119416322657105e-248,7.119416322657105e-248,2.3959119165260702e+60,I_stable,I_stable,0.6033193653210811,0.6563307034948636
0.33346938775510204,0.5293877551020408,7.126390257439319e-248,7.126390257439319e-248,2.5938870830769894e+60,I_stable,I_stable,0.6206266476163069,0.6719836127708723
0.33346938775510204,0.5489795918367347,7.13395174518475e-248,7.13395174518475e-248,3.1768072015466052e+60,I_stable,I_stable,0.6377744985737119,0.6874207304936282
0.33346938775510204,0.5685714285714285,7.142165520503539e-248,7.142165520503539e-248,3.445709147388918e+60,I_stable,I_stable,0.654770001788624,0.7026525796689959
0.33346938775510204,0.5881632653061224,7.151164531490728e-248,7.151164531490728e-248,3.520192699979897e+60,I_stable,I_stable,0.6716196936990277,0.7176888271731363
0.33346938775510204,0.6077551020408163,7.161061570101113e-248,7.161061570101113e-248,3.9605337695250296e+60,I_stable,I_stable,0.6883296226168335,0.732538379468813
0.33346938775510204,0.6273469387755102,7.172057832445612e-248,7.172057832445612e-248,4.2964184827820984e+60,I_stable,I_stable,0.7049053996971941,0.7472094648927027
0.33346938775510204,0.6469387755102041,7.184208892877758e-248,7.184208892877758e-248,4.921950784666394e+60,I_stable,I_stable,0.7213522431638066,0.7617097047568138
0.33346938775510204,0.666530612244898,7.197823184951947e-248,7.197823184951947e-248,5.0598629884988956e+60,I_stable,I_stable,0.7376750168593522,0.776046175076077
0.33346938775510204,0.6861224489795918,7.213079929778241e-248,7.213079929778241e-248,5.8235529873818106e+60,I_stable,I_stable,0.753878263994344,0.7902254603961592
0.33346938775510204,0.7057142857142857,7.230565596276794e-248,7.230565596276794e-248,7.093166855129835e+60,I_stable,I_stable,0.7699662368122037,0.8042537009284144
0.33346938775510204,0.7253061224489796,7.250511407615403e-248,7.250511407615403e-248,7.64267656309913e+60,I_stable,I_stable,0.785942922764163,0.8181366339862136
0.33346938775510204,0.7448979591836734,7.273586137785158e-248,7.273586137785158e-248,9.343230269740137e+60,I_stable,I_stable,0.8018120676876266,0.8318796305464131
0.33346938775510204,0.7644897959183673,1.2277787304148989e-247,1.2277787304148989e-247,1.0737633300711183e+61,I_stable,I_stable,0.8175771964006852,0.845487727622176
0.33346938775510204,0.7840816326530612,1.2331845094785793e-247,1.2331845094785793e-247,1.3082166151994884e+61,I_stable,I_stable,0.8332416310595315,0.8589656570217082
0.33346938775510204,0.8036734693877551,1.2397257728998306e-247,1.2397257728998306e-247,1.5587829957246443e+61,I_stable,I_stable,0.8488085075715106,0.8723178709763119
0.33346938775510204,0.823265306122449,1.247784001509619e-247,1.247784001509619e-247,1.9458213892562794e+61,I_stable,I_stable,0.8642807903120353,0.8855485650463302
0.33346938775510204,0.8428571428571429,1.7050056535794165e-247,1.7050056535794165e-247,2.5034896430558415e+61,I_stable,I_stable,0.8796612853567701,0.8986616986518081
0.33346938775510204,0.8624489795918368,1.723021838475409e-247,1.723021838475409e-247,3.203727709696039e+61,I_stable,I_stable,0.8949526524098372,0.9116610135234937
0.33346938775510204,0.8820408163265305,2.1682816840344614e-247,2.1682816840344614e-247,4.4033622343879615e+61,I_stable,I_stable,0.910157415583198,0.9245500503271527
0.33346938775510204,0.9016326530612244,2.6149403211676764e-247,2.6149403211676764e-247,6.362563619402014e+61,I_stable,I_stable,0.9252779731608697,0.9373321636784746
0.33346938775510204,0.9212244897959183,3.0906686705752235e-247,3.0906686705752235e-247,1.0050644106607121e+62,I_stable,I_stable,0.9403166064635249,0.95001053573586
0.33346938775510204,0.9408163265306122,4.039484240318011e-247,4.039484240318011e-247,1.7752821946550195e+62,I_stable,I_stable,0.9552754879136958,0.9625881885330734
0.33346938775510204,0.9604081632653061,6.107216546310337e-247,6.107216546310337e-247,4.0122047087278677e+62,I_stable,I_stable,0.9701566883887878,0.975067995192316
0.33346938775510204,0.98,1.5027100658160885e-246,1.5027100658160885e-246,1.5868528396447125e+63,I_stable,I_stable,0.9849621839380145,0.9874526901400564
0.35306122448979593,0.02,2.2700344967905768e-38,4.8350314868556296e-17,1.884550532090837e+33,III_signgd,II_spike,0.053182958969449884,0.08672488792828036
0.35306122448979593,0.03959183673469388,9.677813456282897e-25,4.374060218482123e-18,1274767398.1877053,III_signgd,I_stable,0.0887573316607622,0.13289343624648517
0.35306122448979593,0.05918367346938776,9.923577416945052e-30,3.403207822106165e-18,8.996828921732949e+16,III_signgd,I_stable,0.11999176412600944,0.17085441221071906
0.35306122448979593,0.07877551020408163,4.152074251280332e-24,8.925566052827697e-19,32186321.081496883,III_signgd,I_stable,0.14869399108610135,0.20428878025677358
0.35306122448979593,0.09836734693877551,1.253928616865965e-24,3.5255458225742123e-19,56671602.19158187,III_signgd,I_stable,0.17564598165422904,0.23471013804909577
0.35306122448979593,0.11795918367346939,4.232200850478057e-30,3.498951541717597e-22,9.240937876279655e+22,III_signgd,I_stable,0.20127916346199196,0.2629252823644016
0.35306122448979593,0.13755102040816325,2.0639259129085578e-60,2.0748379491331812e-26,1.229047901413849e+64,III_signgd,I_stable,0.2258644406312193,0.2894275613209483
0.35306122448979593,0.1571428571428571,3.2605272929927814e-57,3.1591707473047e-28,3.2811742701130014e+56,III_signgd,I_stable,0.24958643848936826,0.3145459902001079
0.35306122448979593,0.176734693877551,5.654797446607134e-50,2.4081264490059373e-21,7.614128942513968e+46,III_signgd,I_stable,0.27257835044093476,0.3385136086233395
0.35306122448979593,0.1963265306122449,2.4888628995794e-42,5.026109421006566e-22,3.8015896126316552e+31,II_spike,I_stable,0.29494038580671944,0.3615029702725009
0.35306122448979593,0.21591836734693876,7.443757012340128e-51,6.076708234708576e-21,7.457704866021533e+49,II_spike,I_stable,0.31675041368227413,0.38364628074541884
0.35306122448979593,0.23551020408163262,4.877343918756322e-70,5.238861611463831e-25,2.9522029719770056e+54,II_spike,I_stable,0.33807051609020067,0.40504761611013695
0.35306122448979593,0.25510204081632654,4.516742335898549e-242,4.516742335898549e-242,4.889285386974995e+60,I_stable,I_stable,0.35895123321356215,0.4257907359260144
0.35306122448979593,0.2746938775510204,6.7048459370341274e-242,6.7048459370341274e-242,3.2041541746290593e+60,I_stable,I_stable,0.3794344287204513,0.4459442950811514
0.35306122448979593,0.29428571428571426,7.0473003290218705e-242,7.0473003290218705e-242,3.2607160686522224e+60,I_stable,I_stable,0.39955529026532965,0.46556544382477766
0.35306122448979593,0.31387755102040815,8.653542100506044e-242,8.653542100506044e-242,2.5387816331667822e+60,I_stable,I_stable,0.41934376641984905,0.4847023882973251
0.35306122448979593,0.33346938775510204,1.0954855706809568e-241,1.0954855706809568e-241,2.6008949877831108e+60,I_stable,I_stable,0.4388256240669263,0.5033962576661685
0.35306122448979593,0.35306122448979593,1.3523674050122768e-241,1.3523674050122768e-241,2.4831268811459623e+60,I_stable,I_stable,0.45802324290480784,0.521682495210736
0.35306122448979593,0.3726530612244898,1.450343373565521e-241,1.450343373565521e-241,2.140766615106975e+60,I_stable,I_stable,0.4769562233715155,0.5395919143211331
0.35306122448979593,0.39224489795918366,1.2339359879454016e-241,1.2339359879454016e-241,2.051738682952026e+60,I_stable,I_stable,0.49564185930152915,0.5571515134352752
0.35306122448979593,0.41183673469387755,1.5183873383495073e-241,1.5183873383495073e-241,2.06136729195705e+60,I_stable,I_stable,0.5140955106577026,0.5743851141903371
0.35306122448979593,0.43142857142857144,1.3181846772384218e-241,1.3181846772384218e-241,2.5428480031945233e+60,I_stable,I_stable,0.5323309012057498,0.5913138676923984
0.35306122448979593,0.4510204081632653,1.3569495280028392e-241,1.3569495280028392e-241,2.385281801384632e+60,I_stable,I_stable,0.5503603589627031,0.6079566608873909
0.35306122448979593,0.47061224489795916,1.6883734791203788e-241,1.6883734791203788e-241,2.457242498804414e+60,I_stable,I_stable,0.5681950124246583,0.6243304462120175
0.35306122448979593,0.49020408163265305,1.7379834657574472e-241,1.7379834657574472e-241,2.5900562882940176e+60,I_stable,I_stable,0.5858449522056745,0.6404505115873405
0.35306122448979593,0.509795918367347,7.1192177066642704e-248,7.1192177066642704e-248,2.6190630274743537e+60,I_stable,I_stable,0.6033193653210811,0.6563307034948636
0.35306122448979593,0.5293877551020408,7.126191780082176e-248,7.126191780082176e-248,2.8052718875920218e+60,I_stable,I_stable,0.6206266476163069,0.6719836127708723
0.35306122448979593,0.5489795918367347,7.133755413905837e-248,7.133755413905837e-248,2.9294848830941745e+60,I_stable,I_stable,0.6377744985737119,0.6874207304936282
0.35306122448979593,0.5685714285714285,7.141969659214744e-248,7.141969659214744e-248,3.1786330835200478e+60,I_stable,I_stable,0.654770001788624,0.7026525796689959
0.35306122448979593,0.5881632653061224,7.150969272320382e-248,7.150969272320382e-248,3.709644026499896e+60,I_stable,I_stable,0.6716196936990277,0.7176888271731363
0.35306122448979593,0.6077551020408163,7.160868199770452e-248,7.160868199770452e-248,4.146441300854449e+60,I_stable,I_stable,0.6883296226168335,0.732538379468813
0.35306122448979593,0.6273469387755102,7.171867061658247e-248,7.171867061658247e-248,4.468877626959003e+60,I_stable,I_stable,0.7049053996971941,0.7472094648927027
0.35306122448979593,0.6469387755102041,7.184022835211977e-248,7.184022835211977e-248,5.0905332502511006e+60,I_stable,I_stable,0.7213522431638066,0.7617097047568138
0.35306122448979593,0.666530612244898,7.197647149202569e-248,7.197647149202569e-248,5.76082256042074e+60,I_stable,I_stable,0.7376750168593522,0.776046175076077
0.35306122448979593,0.6861224489795918,7.212976167768133e-248,7.212976167768133e-248,5.961808013921775e+60,I_stable,I_stable,0.753878263994344,0.7902254603961592
0.35306122448979593,0.7057142857142857,7.23037886946283e-248,7.23037886946283e-248,7.23104864682982e+60,I_stable,I_stable,0.7699662368122037,0.8042537009284144
0.35306122448979593,0.7253061224489796,7.250325558561928e-248,7.250325558561928e-248,7.761617478851633e+60,I_stable,I_stable,0.785942922764163,0.8181366339862136
0.35306122448979593,0.7448979591836734,7.273403822168114e-248,7.273403822168114e-248,9.454578325164338e+60,I_stable,I_stable,0.8018120676876266,0.8318796305464131
0.35306122448979593,0.7644897959183673,1.2277480094169385e-247,1.2277480094169385e-247,1.083156743199332e+61,I_stable,I_stable,0.8175771964006852,0.845487727622176
0.35306122448979593,0.7840816326530612,1.2331656486123365e-247,1.2331656486123365e-247,1.3166308488094227e+61,I_stable,I_stable,0.8332416310595315,0.8589656570217082
0.35306122448979593,0.8036734693877551,1.2396949844717978e-247,1.2396949844717978e-247,1.5646691304249353e+61,I_stable,I_stable,0.8488085075715106,0.8723178709763119
0.35306122448979593,0.823265306122449,1.247766134007035e-247,1.247766134007035e-247,1.949132690172131e+61,I_stable,I_stable,0.8642807903120353,0.8855485650463302
0.35306122448979593,0.8428571428571429,1.7049798945139043e-247,1.7049798945139043e-247,2.5032236139323346e+61,I_stable,I_stable,0.8796612853567701,0.8986616986518081
0.35306122448979593,0.8624489795918368,1.722998683128868e-247,1.722998683128868e-247,3.199566767163561e+61,I_stable,I_stable,0.8949526524098372,0.9116610135234937
0.35306122448979593,0.8820408163265305,2.1682358170849686e-247,2.1682358170849686e-247,4.3917792254812816e+61,I_stable,I_stable,0.910157415583198,0.9245500503271527
0.35306122448979593,0.9016326530612244,2.6148789392435207e-247,2.6148789392435207e-247,6.509879661093857e+61,I_stable,I_stable,0.9252779731608697,0.9373321636784746
0.35306122448979593,0.9212244897959183,3.09060355817693e-247,3.09060355817693e-247,1.0013950600139148e+62,I_stable,I_stable,0.9403166064635249,0.95001053573586
0.35306122448979593,0.9408163265306122,4.0394424473821653e-247,4.0394424473821653e-247,1.7949116426604312e+62,I_stable,I_stable,0.9552754879136958,0.9625881885330734
0.35306122448979593,0.9604081632653061,6.10707152502486e-247,6.10707152502486e-247,4.0404337769534917e+62,I_stable,I_stable,0.9701566883887878,0.975067995192316
0.35306122448979593,0.98,1.502689560025857e-246,1.502689560025857e-246,1.5910683428426462e+63,I_stable,I_stable,0.9849621839380145,0.9874526901400564
0.3726530612244898,0.02,5.671427638118875e-40,8.256121290815372e-18,7.50703309188964e+37,III_signgd,I_stable,0.053182958969449884,0.08672488792828036
0.3726530612244898,0.03959183673469388,4.078897987172147e-28,7.552004639263644e-18,6.802406287533542e+16,III_signgd,I_stable,0.0887573316607622,0.13289343624648517
0.3726530612244898,0.05918367346938776,2.9981400129898175e-20,5.491121296537903e-19,16588.561922069646,III_signgd,I_stable,0.11999176412600944,0.17085441221071906
0.3726530612244898,0.07877551020408163,3.820468946504101e-31,3.4264626185304554e-20,5.173900552581891e+18,III_signgd,I_stable,0.14869399108610135,0.20428878025677358
0.3726530612244898,0.09836734693877551,1.2619288230676673e-25,4.378347059320025e-19,1445109361082.1301,III_signgd,I_stable,0.17564598165422904,0.23471013804909577
0.3726530612244898,0.11795918367346939,2.4207496602540005e-36,2.2196725293100326e-19,1.4335215448694307e+25,III_signgd,I_stable,0.20127916346199196,0.2629252823644016
0.3726530612244898,0.13755102040816325,5.525816312771838e-37,1.8288707255372519e-22,3.8159824450977916e+31,III_signgd,I_stable,0.2258644406312193,0.2894275613209483
0.3726530612244898,0.1571428571428571,2.0376893110256185e-51,2.7354434381820446e-21,1.9956503332197735e+46,III_signgd,I_stable,0.24958643848936826,0.3145459902001079
0.3726530612244898,0.176734693877551,1.779897312836688e-51,1.1188722391103441e-31,9.759151699541988e+49,III_signgd,I_stable,0.27257835044093476,0.3385136086233395
0.3726530612244898,0.1963265306122449,5.791665123006742e-51,6.978434835477929e-28,8.081256336857342e+49,III_signgd,I_stable,0.29494038580671944,0.3615029702725009
0.3726530612244898,0.21591836734693876,1.9247325859553164e-49,6.66847150833178e-27,1.7680278182815385e+46,II_spike,I_stable,0.31675041368227413,0.38364628074541884
0.3726530612244898,0.23551020408163262,2.3598933620876576e-53,9.323734687554493e-25,8.223457974776296e+50,II_spike,I_stable,0.33807051609020067,0.40504761611013695
0.3726530612244898,0.25510204081632654,1.0934121511172826e-74,1.646460575149963e-22,1.4804060642956997e+50,II_spike,I_stable,0.35895123321356215,0.4257907359260144
0.3726530612244898,0.2746938775510204,4.33305812552095e-242,4.33305812552095e-242,5.769942902576591e+60,I_stable,I_stable,0.3794344287204513,0.4459442950811514
0.3726530612244898,0.29428571428571426,6.826107701807643e-242,6.826107701807643e-242,3.9352780296095005e+60,I_stable,I_stable,0.39955529026532965,0.46556544382477766
0.3726530612244898,0.31387755102040815,8.616690366444843e-242,8.616690366444843e-242,3.824109482255089e+60,I_stable,I_stable,0.41934376641984905,0.4847023882973251
0.3726530612244898,0.33346938775510204,8.082629051530766e-242,8.082629051530766e-242,2.797581643533656e+60,I_stable,I_stable,0.4388256240669263,0.5033962576661685
0.3726530612244898,0.35306122448979593,1.0642591841289202e-241,1.0642591841289202e-241,2.580553007338959e+60,I_stable,I_stable,0.45802324290480784,0.521682495210736
0.3726530612244898,0.3726530612244898,1.1915501805410426e-241,1.1915501805410426e-241,2.774985550858092e+60,I_stable,I_stable,0.4769562233715155,0.5395919143211331
0.3726530612244898,0.39224489795918366,1.0676647616772475e-241,1.0676647616772475e-241,2.574680176871455e+60,I_stable,I_stable,0.49564185930152915,0.5571515134352752
0.3726530612244898,0.41183673469387755,1.3909264998520187e-241,1.3909264998520187e-241,2.5178031404854356e+60,I_stable,I_stable,0.5140955106577026,0.5743851141903371
0.3726530612244898,0.43142857142857144,1.485064012790713e-241,1.485064012790713e-241,2.458858239392085e+60,I_stable,I_stable,0.5323309012057498,0.5913138676923984
0.3726530612244898,0.4510204081632653,1.2639803872651404e-241,1.2639803872651404e-241,2.7887867564829104e+60,I_stable,I_stable,0.5503603589627031,0.6079566608873909
0.3726530612244898,0.47061224489795916,1.377797640913131e-241,1.377797640913131e-241,2.8220954504546176e+60,I_stable,I_stable,0.5681950124246583,0.6243304462120175
0.3726530612244898,0.49020408163265305,1.4269470256531978e-241,1.4269470256531978e-241,2.9281881275995693e+60,I_stable,I_stable,0.5858449522056745,0.6404505115873405
0.3726530612244898,0.509795918367347,7.118991830324791e-248,7.118991830324791e-248,2.9202949913445808e+60,I_stable,I_stable,0.6033193653210811,0.6563307034948636
0.3726530612244898,0.5293877551020408,7.125989225144177e-248,7.125989225144177e-248,3.0898008862415555e+60,I_stable,I_stable,0.6206266476163069,0.6719836127708723
0.3726530612244898,0.5489795918367347,7.133533540378174e-248,7.133533540378174e-248,3.190037781163986e+60,I_stable,I_stable,0.6377744985737119,0.6874207304936282
0.3726530612244898,0.5685714285714285,7.141748114849613e-248,7.141748114849613e-248,3.4268921118742195e+60,I_stable,I_stable,0.654770001788624,0.7026525796689959
0.3726530612244898,0.5881632653061224,7.1507677622587035e-248,7.1507677622587035e-248,3.9626085552742004e+60,I_stable,I_stable,0.6716196936990277,0.7176888271731363
0.3726530612244898,0.6077551020408163,7.1606671581699e-248,7.1606671581699e-248,4.392357205029562e+60,I_stable,I_stable,0.6883296226168335,0.732538379468813
0.3726530612244898,0.6273469387755102,7.171670150609067e-248,7.171670150609067e-248,4.698318441535287e+60,I_stable,I_stable,0.7049053996971941,0.7472094648927027
0.3726530612244898,0.6469387755102041,7.183826630682647e-248,7.183826630682647e-248,5.317470473679345e+60,I_stable,I_stable,0.7213522431638066,0.7617097047568138
0.3726530612244898,0.666530612244898,7.197452908903073e-248,7.197452908903073e-248,5.4029773595321194e+60,I_stable,I_stable,0.7376750168593522,0.776046175076077
0.3726530612244898,0.6861224489795918,7.212782495179608e-248,7.212782495179608e-248,6.153800500003229e+60,I_stable,I_stable,0.753878263994344,0.7902254603961592
0.3726530612244898,0.7057142857142857,7.230188123826363e-248,7.230188123826363e-248,7.425351601578915e+60,I_stable,I_stable,0.7699662368122037,0.8042537009284144
0.3726530612244898,0.7253061224489796,7.25022141705701e-248,7.25022141705701e-248,7.931726604703339e+60,I_stable,I_stable,0.785942922764163,0.8181366339862136
0.3726530612244898,0.7448979591836734,7.273212412303653e-248,7.273212412303653e-248,9.625091262787165e+60,I_stable,I_stable,0.8018120676876266,0.8318796305464131
0.3726530612244898,0.7644897959183673,1.2277291838040476e-247,1.2277291838040476e-247,1.0984587031788794e+61,I_stable,I_stable,0.8175771964006852,0.845487727622176
0.3726530612244898,0.7840816326530612,1.233134347741823e-247,1.233134347741823e-247,1.3305587963803424e+61,I_stable,I_stable,0.8332416310595315,0.8589656570217082
0.3726530612244898,0.8036734693877551,1.2396667245922553e-247,1.2396667245922553e-247,1.5763124209005524e+61,I_stable,I_stable,0.8488085075715106,0.8723178709763119
0.3726530612244898,0.823265306122449,1.2477348489718424e-247,1.2477348489718424e-247,1.959038738325034e+61,I_stable,I_stable,0.8642807903120353,0.8855485650463302
0.3726530612244898,0.8428571428571429,1.7049398580233703e-247,1.7049398580233703e-247,2.510181506057894e+61,I_stable,I_stable,0.8796612853567701,0.8986616986518081
0.3726530612244898,0.8624489795918368,1.7229563219784965e-247,1.7229563219784965e-247,3.321734851667729e+61,I_stable,I_stable,0.8949526524098372,0.9116610135234937
0.3726530612244898,0.8820408163265305,2.1682032363827297e-247,2.1682032363827297e-247,4.528268911287324e+61,I_stable,I_stable,0.910157415583198,0.9245500503271527
0.3726530612244898,0.9016326530612244,2.614842209780795e-247,2.614842209780795e-247,6.494435537328771e+61,I_stable,I_stable,0.9252779731608697,0.9373321636784746
0.3726530612244898,0.9212244897959183,3.090560191511507e-247,3.090560191511507e-247,1.0193467325935306e+62,I_stable,I_stable,0.9403166064635249,0.95001053573586
0.3726530612244898,0.9408163265306122,4.0393517369969524e-247,4.0393517369969524e-247,1.7894016430894432e+62,I_stable,I_stable,0.9552754879136958,0.9625881885330734
0.3726530612244898,0.9604081632653061,6.107000437995584e-247,6.107000437995584e-247,4.0268982366392084e+62,I_stable,I_stable,0.9701566883887878,0.975067995192316
0.3726530612244898,0.98,1.5026692655206606e-246,1.5026692655206606e-246,1.5957028552637807e+63,I_stable,I_stable,0.9849621839380145,0.9874526901400564
0.39224489795918366,0.02,5.9483441903685e-32,5.33012572060775e-17,3.411624858314678e+23,III_signgd,II_spike,0.053182958969449884,0.08672488792828036
0.39224489795918366,0.03959183673469388,4.4584651109349084e-32,2.0260019662727632e-16,6.428409056567424e+24,III_signgd,II_spike,0.0887573316607622,0.13289343624648517
0.39224489795918366,0.05918367346938776,2.5571396150338927e-22,1.6960058025691118e-17,9746757941.741844,III_signgd,II_spike,0.11999176412600944,0.17085441221071906
0.39224489795918366,0.07877551020408163,1.0771121339149721e-27,6.332901327541963e-20,1045700901894157.8,III_signgd,I_stable,0.14869399108610135,0.20428878025677358
0.39224489795918366,0.09836734693877551,2.984862745015285e-27,1.0196050178217214e-23,6019585809555.095,III_signgd,I_stable,0.17564598165422904,0.23471013804909577
0.39224489795918366,0.11795918367346939,4.646306899111184e-25,1.766136174643062e-21,663077055315.8284,III_signgd,I_stable,0.20127916346199196,0.2629252823644016
0.39224489795918366,0.13755102040816325,5.013242703593985e-50,3.367030921277235e-24,1.1733847335791996e+48,III_signgd,I_stable,0.2258644406312193,0.2894275613209483
0.39224489795918366,0.1571428571428571,1.562412618374431e-38,1.0097747741774662e-19,4.5448933230591e+27,III_signgd,I_stable,0.24958643848936826,0.3145459902001079
0.39224489795918366,0.176734693877551,1.7886097680689466e-29,6.972884749332176e-20,5096184454988303.0,III_signgd,I_stable,0.27257835044093476,0.3385136086233395
0.39224489795918366,0.1963265306122449,7.101891680992919e-59,8.903665255268878e-26,7.554527245253767e+62,III_signgd,I_stable,0.29494038580671944,0.3615029702725009
0.39224489795918366,0.21591836734693876,3.648968061099027e-52,6.968959330516028e-22,7.519480010122173e+51,III_signgd,I_stable,0.31675041368227413,0.38364628074541884
0.39224489795918366,0.23551020408163262,6.616901542291191e-49,1.8488564208903422e-20,2.061134155821996e+45,II_spike,I_stable,0.33807051609020067,0.40504761611013695
0.39224489795918366,0.25510204081632654,1.295051292291549e-41,1.4074955524295752e-24,2.502322725835516e+34,II_spike,I_stable,0.35895123321356215,0.4257907359260144
0.39224489795918366,0.2746938775510204,1.6398575221750155e-78,7.657045042307873e-27,7.092427690076353e+55,II_spike,I_stable,0.3794344287204513,0.4459442950811514
0.39224489795918366,0.29428571428571426,4.75956970271835e-242,4.75956970271835e-242,7.24090935728501e+60,I_stable,I_stable,0.39955529026532965,0.46556544382477766
0.39224489795918366,0.31387755102040815,6.306530493067598e-242,6.306530493067598e-242,4.76109321362624e+60,I_stable,I_stable,0.41934376641984905,0.4847023882973251
0.39224489795918366,0.33346938775510204,6.8576957350315984e-242,6.8576957350315984e-242,4.2771824757212466e+60,I_stable,I_stable,0.4388256240669263,0.5033962576661685
0.39224489795918366,0.35306122448979593,7.939349528920602e-242,7.939349528920602e-242,3.705242301377024e+60,I_stable,I_stable,0.45802324290480784,0.521682495210736
0.39224489795918366,0.3726530612244898,8.737684664564843e-242,8.737684664564843e-242,2.9634298101718168e+60,I_stable,I_stable,0.4769562233715155,0.5395919143211331
0.39224489795918366,0.39224489795918366,1.1607576871037304e-241,1.1607576871037304e-241,3.3813826679648e+60,I_stable,I_stable,0.49564185930152915,0.5571515134352752
0.39224489795918366,0.41183673469387755,1.0630206242140914e-241,1.0630206242140914e-241,3.1987424137324212e+60,I_stable,I_stable,0.5140955106577026,0.5743851141903371
0.39224489795918366,0.43142857142857144,1.3074763107662739e-241,1.3074763107662739e-241,3.0376556380739547e+60,I_stable,I_stable,0.5323309012057498,0.5913138676923984
0.39224489795918366,0.4510204081632653,1.4233078711235263e-241,1.4233078711235263e-241,2.756054148059481e+60,I_stable,I_stable,0.5503603589627031,0.6079566608873909
0.39224489795918366,0.47061224489795916,1.2206634597202705e-241,1.2206634597202705e-241,2.7596917409864677e+60,I_stable,I_stable,0.5681950124246583,0.6243304462120175
0.39224489795918366,0.49020408163265305,1.268287834891906e-241,1.268287834891906e-241,2.839961177250841e+60,I_stable,I_stable,0.5858449522056745,0.6404505115873405
0.39224489795918366,0.509795918367347,7.118783364800894e-248,7.118783364800894e-248,3.3291752667651294e+60,I_stable,I_stable,0.6033193653210811,0.6563307034948636
0.39224489795918366,0.5293877551020408,7.125773847627289e-248,7.125773847627289e-248,3.470629227993195e+60,I_stable,I_stable,0.6206266476163069,0.6719836127708723
0.39224489795918366,0.5489795918367347,7.133318367991069e-248,7.133318367991069e-248,3.537864427635267e+60,I_stable,I_stable,0.6377744985737119,0.6874207304936282
0.39224489795918366,0.5685714285714285,7.141540144721689e-248,7.141540144721689e-248,3.755235189665236e+60,I_stable,I_stable,0.654770001788624,0.7026525796689959
0.39224489795918366,0.5881632653061224,7.15055665974865e-248,7.15055665974865e-248,4.2960156950938096e+60,I_stable,I_stable,0.6716196936990277,0.7176888271731363
0.39224489795918366,0.6077551020408163,7.160460651848566e-248,7.160460651848566e-248,4.1642332394730306e+60,I_stable,I_stable,0.6883296226168335,0.732538379468813
0.39224489795918366,0.6273469387755102,7.171467082368151e-248,7.171467082368151e-248,5.002573451069268e+60,I_stable,I_stable,0.7049053996971941,0.7472094648927027
0.39224489795918366,0.6469387755102041,7.183624171023388e-248,7.183624171023388e-248,5.03526686863807e+60,I_stable,I_stable,0.7213522431638066,0.7617097047568138
0.39224489795918366,0.666530612244898,7.197251951739827e-248,7.197251951739827e-248,5.6635913710172845e+60,I_stable,I_stable,0.7376750168593522,0.776046175076077
0.39224489795918366,0.6861224489795918,7.212582562524529e-248,7.212582562524529e-248,6.4082703536092204e+60,I_stable,I_stable,0.753878263994344,0.7902254603961592
0.39224489795918366,0.7057142857142857,7.229992738190992e-248,7.229992738190992e-248,7.688921103688114e+60,I_stable,I_stable,0.7699662368122037,0.8042537009284144
0.39224489795918366,0.7253061224489796,7.250024271832078e-248,7.250024271832078e-248,8.167694050462755e+60,I_stable,I_stable,0.785942922764163,0.8181366339862136
0.39224489795918366,0.7448979591836734,7.273024380517494e-248,7.273024380517494e-248,9.859429241943654e+60,I_stable,I_stable,0.8018120676876266,0.8318796305464131
0.39224489795918366,0.7644897959183673,1.2276966508139113e-247,1.2276966508139113e-247,1.1200886275001518e+61,I_stable,I_stable,0.8175771964006852,0.845487727622176
0.39224489795918366,0.7840816326530612,1.2331016327284817e-247,1.2331016327284817e-247,1.3510337732691915e+61,I_stable,I_stable,0.8332416310595315,0.8589656570217082
0.39224489795918366,0.8036734693877551,1.2396340318975422e-247,1.2396340318975422e-247,1.595301771427559e+61,I_stable,I_stable,0.8488085075715106,0.8723178709763119
0.39224489795918366,0.823265306122449,1.2477030340419715e-247,1.2477030340419715e-247,1.9758909553839215e+61,I_stable,I_stable,0.8642807903120353,0.8855485650463302
0.39224489795918366,0.8428571428571429,1.7048995214545125e-247,1.7048995214545125e-247,2.5248953599041676e+61,I_stable,I_stable,0.8796612853567701,0.8986616986518081
0.39224489795918366,0.8624489795918368,1.7229154212912962e-247,1.7229154212912962e-247,3.3330480593378887e+61,I_stable,I_stable,0.8949526524098372,0.9116610135234937
0.39224489795918366,0.8820408163265305,2.1681487317348157e-247,2.1681487317348157e-247,4.53497688109015e+61,I_stable,I_stable,0.910157415583198,0.9245500503271527
0.39224489795918366,0.9016326530612244,2.6147820584756175e-247,2.6147820584756175e-247,6.494064611722991e+61,I_stable,I_stable,0.9252779731608697,0.9373321636784746
0.39224489795918366,0.9212244897959183,3.090490097577877e-247,3.090490097577877e-247,1.0176683455529805e+62,I_stable,I_stable,0.9403166064635249,0.95001053573586
0.39224489795918366,0.9408163265306122,4.0392949075553386e-247,4.0392949075553386e-247,1.8124319320494815e+62,I_stable,I_stable,0.9552754879136958,0.9625881885330734
0.39224489795918366,0.9604081632653061,6.106855980376513e-247,6.106855980376513e-247,4.0566442310916364e+62,I_stable,I_stable,0.9701566883887878,0.975067995192316
0.39224489795918366,0.98,1.5026486925468356e-246,1.5026486925468356e-246,1.5921914075682209e+63,I_stable,I_stable,0.9849621839380145,0.9874526901400564
0.41183673469387755,0.02,5.98672574650452e-39,8.742767328038637e-17,3.8670028093759086e+37,III_signgd,II_spike,0.053182958969449884,0.08672488792828036
0.41183673469387755,0.03959183673469388,4.2112534318525747e-35,2.2731504420283216e-16,6.428354656129418e+30,III_signgd,II_spike,0.0887573316607622,0.13289343624648517
0.41183673469387755,0.05918367346938776,2.4015704940228557e-27,2.878264941155526e-24,1386438630743896.0,III_signgd,I_stable,0.11999176412600944,0.17085441221071906
0.41183673469387755,0.07877551020408163,1.3702607569446343e-24,6.989719447057381e-17,22440272743.962955,III_signgd,II_spike,0.14869399108610135,0.20428878025677358
0.41183673469387755,0.09836734693877551,9.594392731438638e-26,6.525850941825903e-19,312184127282.0326,III_signgd,I_stable,0.17564598165422904,0.23471013804909577
0.41183673469387755,0.11795918367346939,7.483805376561799e-24,8.263871897252982e-19,12812665363.483288,III_signgd,I_stable,0.20127916346199196,0.2629252823644016
0.41183673469387755,0.13755102040816325,1.515967504866547e-52,8.518765915913092e-22,9.439432260705515e+51,III_signgd,I_stable,0.2258644406312193,0.2894275613209483
0.41183673469387755,0.1571428571428571,2.288572429253106e-27,2.490374551320143e-22,1.7428221028817082e+19,III_signgd,I_stable,0.24958643848936826,0.3145459902001079
0.41183673469387755,0.176734693877551,1.1681766632858333e-48,1.8082637938749611e-22,3.2561304003409666e+45,III_signgd,I_stable,0.27257835044093476,0.3385136086233395
0.41183673469387755,0.1963265306122449,3.613217920279411e-55,5.656855855316759e-22,1.577330031392082e+56,III_signgd,I_stable,0.29494038580671944,0.3615029702725009
0.41183673469387755,0.21591836734693876,1.898612038354748e-50,4.615759757036891e-21,3.383567533051261e+47,III_signgd,I_stable,0.31675041368227413,0.38364628074541884
0.41183673469387755,0.23551020408163262,3.545558183557034e-52,5.6597761829799205e-28,3.262908593331474e+51,III_signgd,I_stable,0.33807051609020067,0.40504761611013695
0.41183673469387755,0.25510204081632654,8.546687887274416e-54,9.254800956762028e-21,5.1674690857780565e+54,II_spike,I_stable,0.35895123321356215,0.4257907359260144
0.41183673469387755,0.2746938775510204,2.6289986558195174e-49,3.650953571774803e-24,3.9378955973063233e+46,II_spike,I_stable,0.3794344287204513,0.4459442950811514
0.41183673469387755,0.29428571428571426,2.2777230785748987e-95,2.014911911578447e-22,5.328305309175185e+58,II_spike,I_stable,0.39955529026532965,0.46556544382477766
0.41183673469387755,0.31387755102040815,4.108688942157887e-242,4.108688942157887e-242,6.689501753209711e+60,I_stable,I_stable,0.41934376641984905,0.4847023882973251
0.41183673469387755,0.33346938775510204,5.930295344684912e-242,5.930295344684912e-242,5.498700460060861e+60,I_stable,I_stable,0.4388256240669263,0.5033962576661685
0.41183673469387755,0.35306122448979593,8.088625534680148e-242,8.088625534680148e-242,4.438211152196731e+60,I_stable,I_stable,0.45802324290480784,0.521682495210736
0.41183673469387755,0.3726530612244898,9.391599361672046e-242,9.391599361672046e-242,4.320474585649558e+60,I_stable,I_stable,0.4769562233715155,0.5395919143211331
0.41183673469387755,0.39224489795918366,8.442943465059515e-242,8.442943465059515e-242,3.710763702809487e+60,I_stable,I_stable,0.49564185930152915,0.5571515134352752
0.41183673469387755,0.41183673469387755,9.228732220798723e-242,9.228732220798723e-242,3.410674959979504e+60,I_stable,I_stable,0.5140955106577026,0.5743851141903371
0.41183673469387755,0.43142857142857144,1.0477057359403066e-241,1.0477057359403066e-241,3.166493828018712e+60,I_stable,I_stable,0.5323309012057498,0.5913138676923984
0.41183673469387755,0.4510204081632653,1.1051695876051854e-241,1.1051695876051854e-241,3.442962745213517e+60,I_stable,I_stable,0.5503603589627031,0.6079566608873909
0.41183673469387755,0.47061224489795916,1.1538605138249524e-241,1.1538605138249524e-241,3.362212927275696e+60,I_stable,I_stable,0.5681950124246583,0.6243304462120175
0.41183673469387755,0.49020408163265305,1.1960920398873143e-241,1.1960920398873143e-241,3.385775411564343e+60,I_stable,I_stable,0.5858449522056745,0.6404505115873405
0.41183673469387755,0.509795918367347,7.118560258283783e-248,7.118560258283783e-248,3.289942419695064e+60,I_stable,I_stable,0.6033193653210811,0.6563307034948636
0.41183673469387755,0.5293877551020408,7.125433691176142e-248,7.125433691176142e-248,3.403433843630129e+60,I_stable,I_stable,0.6206266476163069,0.6719836127708723
0.41183673469387755,0.5489795918367347,7.133104930148666e-248,7.133104930148666e-248,4.004801221889956e+60,I_stable,I_stable,0.6377744985737119,0.6874207304936282
0.41183673469387755,0.5685714285714285,7.141327065227039e-248,7.141327065227039e-248,4.1917599409240206e+60,I_stable,I_stable,0.654770001788624,0.7026525796689959
0.41183673469387755,0.5881632653061224,7.150343523411489e-248,7.150343523411489e-248,4.148918553321387e+60,I_stable,I_stable,0.6716196936990277,0.7176888271731363
0.41183673469387755,0.6077551020408163,7.160244000889515e-248,7.160244000889515e-248,4.5404940867975104e+60,I_stable,I_stable,0.6883296226168335,0.732538379468813
0.41183673469387755,0.6273469387755102,7.171246066252962e-248,7.171246066252962e-248,4.804147467209527e+60,I_stable,I_stable,0.7049053996971941,0.7472094648927027
0.41183673469387755,0.6469387755102041,7.183411315793516e-248,7.183411315793516e-248,5.3840895193055195e+60,I_stable,I_stable,0.7213522431638066,0.7617097047568138
0.41183673469387755,0.666530612244898,7.197044102884463e-248,7.197044102884463e-248,6.003700486137313e+60,I_stable,I_stable,0.7376750168593522,0.776046175076077
0.41183673469387755,0.6861224489795918,7.212375913865028e-248,7.212375913865028e-248,6.741026277358106e+60,I_stable,I_stable,0.753878263994344,0.7902254603961592
0.41183673469387755,0.7057142857142857,7.229783032199778e-248,7.229783032199778e-248,7.359470753680064e+60,I_stable,I_stable,0.7699662368122037,0.8042537009284144
0.41183673469387755,0.7253061224489796,7.249820688539559e-248,7.249820688539559e-248,8.473707444287065e+60,I_stable,I_stable,0.785942922764163,0.8181366339862136
0.41183673469387755,0.7448979591836734,7.272819249968492e-248,7.272819249968492e-248,1.0168154760121304e+61,I_stable,I_stable,0.8018120676876266,0.8318796305464131
0.41183673469387755,0.7644897959183673,1.2276626724222757e-247,1.2276626724222757e-247,1.1496332119450128e+61,I_stable,I_stable,0.8175771964006852,0.845487727622176
0.41183673469387755,0.7840816326530612,1.2330677064167313e-247,1.2330677064167313e-247,1.3799587076329226e+61,I_stable,I_stable,0.8332416310595315,0.8589656570217082
0.41183673469387755,0.8036734693877551,1.2396127038512321e-247,1.2396127038512321e-247,1.621984282848318e+61,I_stable,I_stable,0.8488085075715106,0.8723178709763119
0.41183673469387755,0.823265306122449,1.2476712875238217e-247,1.2476712875238217e-247,2.0012062103315712e+61,I_stable,I_stable,0.8642807903120353,0.8855485650463302
0.41183673469387755,0.8428571428571429,1.7048537466979008e-247,1.7048537466979008e-247,2.5480538252983546e+61,I_stable,I_stable,0.8796612853567701,0.8986616986518081
0.41183673469387755,0.8624489795918368,1.722886159266337e-247,1.722886159266337e-247,3.3536537852910136e+61,I_stable,I_stable,0.8949526524098372,0.9116610135234937
0.41183673469387755,0.8820408163265305,2.1680976492238852e-247,2.1680976492238852e-247,4.551735865548468e+61,I_stable,I_stable,0.910157415583198,0.9245500503271527
0.41183673469387755,0.9016326530612244,2.6147143075705995e-247,2.6147143075705995e-247,6.50200516495226e+61,I_stable,I_stable,0.9252779731608697,0.9373321636784746
0.41183673469387755,0.9212244897959183,3.0904103017113336e-247,3.0904103017113336e-247,1.0172359919048307e+62,I_stable,I_stable,0.9403166064635249,0.95001053573586
0.41183673469387755,0.9408163265306122,4.0391897650711455e-247,4.0391897650711455e-247,1.810099747942693e+62,I_stable,I_stable,0.9552754879136958,0.9625881885330734
0.41183673469387755,0.9604081632653061,6.106763830169477e-247,6.106763830169477e-247,4.0483349318000373e+62,I_stable,I_stable,0.9701566883887878,0.975067995192316
0.41183673469387755,0.98,1.5026068858026555e-246,1.5026068858026555e-246,1.5972020514471842e+63,I_stable,I_stable,0.9849621839380145,0.9874526901400564
0.43142857142857144,0.02,6.38420063701674e-44,4.619361970915847e-14,1.9731380697857558e+45,III_signgd,II_spike,0.053182958969449884,0.08672488792828036
0.43142857142857144,0.03959183673469388,3.3451443764302695e-30,3.17257251799063e-17,5.662944550068887e+22,III_signgd,II_spike,0.0887573316607622,0.13289343624648517
0.43142857142857144,0.05918367346938776,1.1454927415122335e-30,2.9794914729616944e-27,6.666334800940415e+20,III_signgd,I_stable,0.11999176412600944,0.17085441221071906
0.43142857142857144,0.07877551020408163,6.41976863204251e-21,1.3307242736320494e-15,20607268.34546058,III_signgd,II_spike,0.14869399108610135,0.20428878025677358
0.43142857142857144,0.09836734693877551,6.190558242317904e-25,3.2578031892423685e-21,216472521628707.38,III_signgd,I_stable,0.17564598165422904,0.23471013804909577
0.43142857142857144,0.11795918367346939,2.441019017686514e-26,3.45337651376353e-19,12789279655433.688,III_signgd,I_stable,0.20127916346199196,0.2629252823644016
0.43142857142857144,0.13755102040816325,6.069245914218828e-30,2.3035530387856628e-23,1.2268298108980378e+17,III_signgd,I_stable,0.2258644406312193,0.2894275613209483
0.43142857142857144,0.1571428571428571,2.269852008967559e-28,5.234434030633104e-23,230351336662537.3,III_signgd,I_stable,0.24958643848936826,0.3145459902001079
0.43142857142857144,0.176734693877551,1.0549958218386829e-26,1.604473098287287e-22,5688738183399.539,III_signgd,I_stable,0.27257835044093476,0.3385136086233395
0.43142857142857144,0.1963265306122449,2.8299823536200636e-24,5.563542824582913e-23,1034772924969.1755,III_signgd,I_stable,0.29494038580671944,0.3615029702725009
0.43142857142857144,0.21591836734693876,6.608725061312937e-34,1.832858755488042e-23,7.515081378685378e+21,III_signgd,I_stable,0.31675041368227413,0.38364628074541884
0.43142857142857144,0.23551020408163262,1.377687846419093e-42,4.79568537060539e-27,3.648973828270989e+35,III_signgd,I_stable,0.33807051609020067,0.40504761611013695
0.43142857142857144,0.25510204081632654,9.594600440844404e-64,4.527412652674992e-22,4.97646381828316e+70,III_signgd,I_stable,0.35895123321356215,0.4257907359260144
0.43142857142857144,0.2746938775510204,8.63184921267916e-56,1.6719502375445363e-30,2.7293326821219837e+57,II_spike,I_stable,0.3794344287204513,0.4459442950811514
0.43142857142857144,0.29428571428571426,1.7803425303686962e-55,4.3480885803739e-29,3.3772113527426115e+56,II_spike,I_stable,0.39955529026532965,0.46556544382477766
0.43142857142857144,0.31387755102040815,1.3806545345556922e-94,3.732663017552008e-21,3.1928089567131493e+82,II_spike,I_stable,0.41934376641984905,0.4847023882973251
0.43142857142857144,0.33346938775510204,3.951232148976563e-242,3.951232148976563e-242,7.998989614155869e+60,I_stable,I_stable,0.4388256240669263,0.5033962576661685
0.43142857142857144,0.35306122448979593,5.078336536060858e-242,5.078336536060858e-242,5.897832832581611e+60,I_stable,I_stable,0.45802324290480784,0.521682495210736
0.43142857142857144,0.3726530612244898,7.249826936008337e-242,7.249826936008337e-242,5.339721116939206e+60,I_stable,I_stable,0.4769562233715155,0.5395919143211331
0.43142857142857144,0.39224489795918366,7.323473321208517e-242,7.323473321208517e-242,4.351260123394918e+60,I_stable,I_stable,0.49564185930152915,0.5571515134352752
0.43142857142857144,0.41183673469387755,8.217896830554714e-242,8.217896830554714e-242,3.845316684179769e+60,I_stable,I_stable,0.5140955106577026,0.5743851141903371
0.43142857142857144,0.43142857142857144,1.0555480158996e-241,1.0555480158996e-241,4.272650086283145e+60,I_stable,I_stable,0.5323309012057498,0.5913138676923984
0.43142857142857144,0.4510204081632653,9.5725518419721e-242,9.5725518419721e-242,3.676084997142783e+60,I_stable,I_stable,0.5503603589627031,0.6079566608873909
0.43142857142857144,0.47061224489795916,1.0559728413806998e-241,1.0559728413806998e-241,3.520401035126048e+60,I_stable,I_stable,0.5681950124246583,0.6243304462120175
0.43142857142857144,0.49020408163265305,1.3150418542164041e-241,1.3150418542164041e-241,4.168271611486377e+60,I_stable,I_stable,0.5858449522056745,0.6404505115873405
0.43142857142857144,0.509795918367347,7.118206580542762e-248,7.118206580542762e-248,3.960110133322303e+60,I_stable,I_stable,0.6033193653210811,0.6563307034948636
0.43142857142857144,0.5293877551020408,7.125186749124544e-248,7.125186749124544e-248,4.01527317815062e+60,I_stable,I_stable,0.6206266476163069,0.6719836127708723
0.43142857142857144,0.5489795918367347,7.132759473419723e-248,7.132759473419723e-248,3.994075450820494e+60,I_stable,I_stable,0.6377744985737119,0.6874207304936282
0.43142857142857144,0.5685714285714285,7.141101845879166e-248,7.141101845879166e-248,4.150412860759815e+60,I_stable,I_stable,0.654770001788624,0.7026525796689959
0.43142857142857144,0.5881632653061224,7.1501026905421685e-248,7.1501026905421685e-248,4.6628102040052016e+60,I_stable,I_stable,0.6716196936990277,0.7176888271731363
0.43142857142857144,0.6077551020408163,7.160003960874179e-248,7.160003960874179e-248,5.035376235414832e+60,I_stable,I_stable,0.6883296226168335,0.732538379468813
0.43142857142857144,0.6273469387755102,7.171024360367143e-248,7.171024360367143e-248,5.263297799113895e+60,I_stable,I_stable,0.7049053996971941,0.7472094648927027
0.43142857142857144,0.6469387755102041,7.183182735901814e-248,7.183182735901814e-248,5.834807928060344e+60,I_stable,I_stable,0.7213522431638066,0.7617097047568138
0.43142857142857144,0.666530612244898,7.196816392889423e-248,7.196816392889423e-248,6.444291111832932e+60,I_stable,I_stable,0.7376750168593522,0.776046175076077
0.43142857142857144,0.6861224489795918,7.212065643646545e-248,7.212065643646545e-248,7.170808293166649e+60,I_stable,I_stable,0.753878263994344,0.7902254603961592
0.43142857142857144,0.7057142857142857,7.229568031656468e-248,7.229568031656468e-248,7.762990833100108e+60,I_stable,I_stable,0.7699662368122037,0.8042537009284144
0.43142857142857144,0.7253061224489796,7.249517025791508e-248,7.249517025791508e-248,8.87393324829821e+60,I_stable,I_stable,0.785942922764163,0.8181366339862136
0.43142857142857144,0.7448979591836734,7.27260673226077e-248,7.27260673226077e-248,1.0574657652572151e+61,I_stable,I_stable,0.8018120676876266,0.8318796305464131
0.43142857142857144,0.7644897959183673,1.2276274074871109e-247,1.2276274074871109e-247,1.187834673276564e+61,I_stable,I_stable,0.8175771964006852,0.845487727622176
0.43142857142857144,0.7840816326530612,1.2330325144121107e-247,1.2330325144121107e-247,1.417248942786169e+61,I_stable,I_stable,0.8332416310595315,0.8589656570217082
0.43142857142857144,0.8036734693877551,1.2395776263003134e-247,1.2395776263003134e-247,1.6578488402595903e+61,I_stable,I_stable,0.8488085075715106,0.8723178709763119
0.43142857142857144,0.823265306122449,1.2476366909100432e-247,1.2476366909100432e-247,2.0357394530719705e+61,I_stable,I_stable,0.8642807903120353,0.8855485650463302
0.43142857142857144,0.8428571428571429,1.7048225062721097e-247,1.7048225062721097e-247,2.5808548991385886e+61,I_stable,I_stable,0.8796612853567701,0.8986616986518081
0.43142857142857144,0.8624489795918368,1.7228404320492698e-247,1.7228404320492698e-247,3.384496627213184e+61,I_stable,I_stable,0.8949526524098372,0.9116610135234937
0.43142857142857144,0.8820408163265305,2.168059676829724e-247,2.168059676829724e-247,4.5788422427050484e+61,I_stable,I_stable,0.910157415583198,0.9245500503271527
0.43142857142857144,0.9016326530612244,2.6146708944202454e-247,2.6146708944202454e-247,6.694275159291733e+61,I_stable,I_stable,0.9252779731608697,0.9373321636784746
0.43142857142857144,0.9212244897959183,3.0903610353322015e-247,3.0903610353322015e-247,1.0396938958141685e+62,I_stable,I_stable,0.9403166064635249,0.95001053573586
0.43142857142857144,0.9408163265306122,4.039132230756762e-247,4.039132230756762e-247,1.8364371171507314e+62,I_stable,I_stable,0.9552754879136958,0.9625881885330734
0.43142857142857144,0.9604081632653061,6.106678891992349e-247,6.106678891992349e-247,4.0824679459205964e+62,I_stable,I_stable,0.9701566883887878,0.975067995192316
0.43142857142857144,0.98,1.502581072555457e-246,1.502581072555457e-246,1.5950351349490754e+63,I_stable,I_stable,0.9849621839380145,0.9874526901400564
0.4510204081632653,0.02,6.15380239362977e-39,3.0715407593078695e-19,7.87055874028777e+35,III_signgd,I_stable,0.053182958969449884,0.08672488792828036
0.4510204081632653,0.03959183673469388,5.448163221163587e-46,1.852936325001312e-14,1.3889115354037468e+49,III_signgd,II_spike,0.0887573316607622,0.13289343624648517
0.4510204081632653,0.05918367346938776,7.272370240474211e-35,9.179411394959413e-17,6.69308312272255e+27,III_signgd,II_spike,0.11999176412600944,0.17085441221071906
0.4510204081632653,0.07877551020408163,8.766889578164328e-21,1.5883596624323555e-15,150584699.87236315,III_signgd,II_spike,0.14869399108610135,0.20428878025677358
0.4510204081632653,0.09836734693877551,2.773362651039305e-26,3.874450519498259e-17,1005649698953663.6,III_signgd,II_spike,0.17564598165422904,0.23471013804909577
0.4510204081632653,0.11795918367346939,2.5435473191593055e-27,1.5688260264903295e-20,2069323224458680.8,III_signgd,I_stable,0.20127916346199196,0.2629252823644016
0.4510204081632653,0.13755102040816325,2.091337604081094e-32,1.0467297073369885e-21,1.0809045169990797e+23,III_signgd,I_stable,0.2258644406312193,0.2894275613209483
0.4510204081632653,0.1571428571428571,3.1279279552847833e-28,1.2839875288846412e-19,130240851866993.81,III_signgd,I_stable,0.24958643848936826,0.3145459902001079
0.4510204081632653,0.176734693877551,5.358206813673208e-30,4.843171067962227e-23,2.4159557726909546e+20,III_signgd,I_stable,0.27257835044093476,0.3385136086233395
0.4510204081632653,0.1963265306122449,8.258851925792754e-28,1.111364611811646e-22,1048580371315962.4,III_signgd,I_stable,0.29494038580671944,0.3615029702725009
0.4510204081632653,0.21591836734693876,2.736813541788424e-32,4.3087097264291035e-23,1.1458616219672671e+20,III_signgd,I_stable,0.31675041368227413,0.38364628074541884
0.4510204081632653,0.23551020408163262,6.6976501418919964e-37,1.619232571447731e-23,2.8586771070025504e+24,III_signgd,I_stable,0.33807051609020067,0.40504761611013695
0.4510204081632653,0.25510204081632654,3.2263851985086884e-40,3.237385544569614e-20,1.421485494511301e+31,III_signgd,I_stable,0.35895123321356215,0.4257907359260144
0.4510204081632653,0.2746938775510204,2.288575515385498e-51,3.4033447349865425e-22,8.996288014270211e+49,III_signgd,I_stable,0.3794344287204513,0.4459442950811514
0.4510204081632653,0.29428571428571426,1.669110043996619e-54,7.153959731520659e-26,6.92944564049059e+50,II_spike,I_stable,0.39955529026532965,0.46556544382477766
0.4510204081632653,0.31387755102040815,1.6434616519014896e-50,6.422003265851429e-22,2.866828296223104e+46,II_spike,I_stable,0.41934376641984905,0.4847023882973251
0.4510204081632653,0.33346938775510204,1.3184235500304216e-96,3.8983477330072263e-26,2.3477909320276232e+69,II_spike,I_stable,0.4388256240669263,0.5033962576661685
0.4510204081632653,0.35306122448979593,4.342280374896161e-242,4.342280374896161e-242,8.849881607672313e+60,I_stable,I_stable,0.45802324290480784,0.521682495210736
0.4510204081632653,0.3726530612244898,6.187308220118611e-242,6.187308220118611e-242,7.341577208973397e+60,I_stable,I_stable,0.4769562233715155,0.5395919143211331
0.4510204081632653,0.39224489795918366,5.869026716976388e-242,5.869026716976388e-242,5.550427242554326e+60,I_stable,I_stable,0.49564185930152915,0.5571515134352752
0.4510204081632653,0.41183673469387755,6.94773058241134e-242,6.94773058241134e-242,5.796441177996543e+60,I_stable,I_stable,0.5140955106577026,0.5743851141903371
0.4510204081632653,0.43142857142857144,8.126458635852594e-242,8.126458635852594e-242,4.9503697987080976e+60,I_stable,I_stable,0.5323309012057498,0.5913138676923984
0.4510204081632653,0.4510204081632653,8.660598692037907e-242,8.660598692037907e-242,5.030637961939856e+60,I_stable,I_stable,0.5503603589627031,0.6079566608873909
0.4510204081632653,0.47061224489795916,9.33272913312518e-242,9.33272913312518e-242,4.645912008620369e+60,I_stable,I_stable,0.5681950124246583,0.6243304462120175
0.4510204081632653,0.49020408163265305,9.846949889971691e-242,9.846949889971691e-242,4.46056940749051e+60,I_stable,I_stable,0.5858449522056745,0.6404505115873405
0.4510204081632653,0.509795918367347,7.1179475302414405e-248,7.1179475302414405e-248,4.163834711529819e+60,I_stable,I_stable,0.6033193653210811,0.6563307034948636
0.4510204081632653,0.5293877551020408,7.1249576163289585e-248,7.1249576163289585e-248,4.161425958104749e+60,I_stable,I_stable,0.6206266476163069,0.6719836127708723
0.4510204081632653,0.5489795918367347,7.1325030163765985e-248,7.1325030163765985e-248,4.751481872128041e+60,I_stable,I_stable,0.6377744985737119,0.6874207304936282
0.4510204081632653,0.5685714285714285,7.140725895843796e-248,7.140725895843796e-248,4.846563854836281e+60,I_stable,I_stable,0.654770001788624,0.7026525796689959
0.4510204081632653,0.5881632653061224,7.1497555872832005e-248,7.1497555872832005e-248,4.6870082233445956e+60,I_stable,I_stable,0.6716196936990277,0.7176888271731363
0.4510204081632653,0.6077551020408163,7.159660252129926e-248,7.159660252129926e-248,5.0254216419515324e+60,I_stable,I_stable,0.6883296226168335,0.732538379468813
0.4510204081632653,0.6273469387755102,7.170799342580208e-248,7.170799342580208e-248,5.8696076820868864e+60,I_stable,I_stable,0.7049053996971941,0.7472094648927027
0.4510204081632653,0.6469387755102041,7.182957326907499e-248,7.182957326907499e-248,6.425521490513636e+60,I_stable,I_stable,0.7213522431638066,0.7617097047568138
0.4510204081632653,0.666530612244898,7.196490736277714e-248,7.196490736277714e-248,7.014118703886786e+60,I_stable,I_stable,0.7376750168593522,0.776046175076077
0.4510204081632653,0.6861224489795918,7.211840538430304e-248,7.211840538430304e-248,7.72178549269368e+60,I_stable,I_stable,0.753878263994344,0.7902254603961592
0.4510204081632653,0.7057142857142857,7.229346741112067e-248,7.229346741112067e-248,8.280555506573398e+60,I_stable,I_stable,0.7699662368122037,0.8042537009284144
0.4510204081632653,0.7253061224489796,7.249296567431218e-248,7.249296567431218e-248,9.381721516632955e+60,I_stable,I_stable,0.785942922764163,0.8181366339862136
0.4510204081632653,0.7448979591836734,7.272376479904783e-248,7.272376479904783e-248,1.0304599305660725e+61,I_stable,I_stable,0.8018120676876266,0.8318796305464131
0.4510204081632653,0.7644897959183673,1.2275905369761407e-247,1.2275905369761407e-247,1.2363625108229572e+61,I_stable,I_stable,0.8175771964006852,0.845487727622176
0.4510204081632653,0.7840816326530612,1.2329959583309372e-247,1.2329959583309372e-247,1.4661169086081377e+61,I_stable,I_stable,0.8332416310595315,0.8589656570217082
0.4510204081632653,0.8036734693877551,1.2395412839467474e-247,1.2395412839467474e-247,1.7042359144681405e+61,I_stable,I_stable,0.8488085075715106,0.8723178709763119
0.4510204081632653,0.823265306122449,1.2476002947451141e-247,1.2476002947451141e-247,2.081632381708663e+61,I_stable,I_stable,0.8642807903120353,0.8855485650463302
0.4510204081632653,0.8428571428571429,1.7047732570941468e-247,1.7047732570941468e-247,2.6254890267958586e+61,I_stable,I_stable,0.8796612853567701,0.8986616986518081
0.4510204081632653,0.8624489795918368,1.7227912942809133e-247,1.7227912942809133e-247,3.4286239818014093e+61,I_stable,I_stable,0.8949526524098372,0.9116610135234937
0.4510204081632653,0.8820408163265305,2.1679981154280307e-247,2.1679981154280307e-247,4.618835034170073e+61,I_stable,I_stable,0.910157415583198,0.9245500503271527
0.4510204081632653,0.9016326530612244,2.614602643115583e-247,2.614602643115583e-247,6.731897869259788e+61,I_stable,I_stable,0.9252779731608697,0.9373321636784746
0.4510204081632653,0.9212244897959183,3.090280141981251e-247,3.090280141981251e-247,1.042385877366142e+62,I_stable,I_stable,0.9403166064635249,0.95001053573586
0.4510204081632653,0.9408163265306122,4.0390208335138415e-247,4.0390208335138415e-247,1.8372626065316608e+62,I_stable,I_stable,0.9552754879136958,0.9625881885330734
0.4510204081632653,0.9604081632653061,6.106505509674381e-247,6.106505509674381e-247,4.0788166090015625e+62,I_stable,I_stable,0.9701566883887878,0.975067995192316
0.4510204081632653,0.98,1.5025556552032858e-246,1.5025556552032858e-246,1.600205964999352e+63,I_stable,I_stable,0.9849621839380145,0.9874526901400564
0.47061224489795916,0.02,8.825247871762641e-38,3.569338763220612e-15,9.401990719515435e+35,III_signgd,II_spike,0.053182958969449884,0.08672488792828036
0.47061224489795916,0.03959183673469388,9.40380538724866e-44,5.083288179325521e-16,3.580345126484505e+47,III_signgd,II_spike,0.0887573316607622,0.13289343624648517
0.47061224489795916,0.05918367346938776,1.6218501681292147e-33,4.648736559504359e-22,1.1236067651680068e+28,III_signgd,I_stable,0.11999176412600944,0.17085441221071906
0.47061224489795916,0.07877551020408163,1.4605825287441343e-35,1.0688097521989473e-16,2.824544150915738e+28,III_signgd,II_spike,0.14869399108610135,0.20428878025677358
0.47061224489795916,0.09836734693877551,1.00081946824025e-37,9.700744920969175e-19,7.301495791968342e+29,III_signgd,I_stable,0.17564598165422904,0.23471013804909577
0.47061224489795916,0.11795918367346939,3.8162433290303715e-30,1.494768208582215e-20,4.463816697474595e+18,III_signgd,I_stable,0.20127916346199196,0.2629252823644016
0.47061224489795916,0.13755102040816325,3.739287905690131e-24,5.172309825516174e-21,166650024298.09283,III_signgd,I_stable,0.2258644406312193,0.2894275613209483
0.47061224489795916,0.1571428571428571,6.918743734234401e-30,1.344563895124248e-19,1.767388508391675e+17,III_signgd,I_stable,0.24958643848936826,0.3145459902001079
0.47061224489795916,0.176734693877551,7.984999307499134e-28,4.822022097444879e-22,8056245914568.883,III_signgd,I_stable,0.27257835044093476,0.3385136086233395
0.47061224489795916,0.1963265306122449,4.004329652408992e-28,1.6401810027921527e-23,3.70701753887626e+19,III_signgd,I_stable,0.29494038580671944,0.3615029702725009
0.47061224489795916,0.21591836734693876,2.147518560411075e-24,1.5556131780065765e-22,6228674214.428239,III_signgd,I_stable,0.31675041368227413,0.38364628074541884
0.47061224489795916,0.23551020408163262,1.2542459781514934e-26,4.0326427874999364e-20,34963538325.92159,III_signgd,I_stable,0.33807051609020067,0.40504761611013695
0.47061224489795916,0.25510204081632654,3.0803395232500086e-41,5.667174450435627e-28,8.442851014300086e+32,III_signgd,I_stable,0.35895123321356215,0.4257907359260144
0.47061224489795916,0.2746938775510204,2.435655937741661e-31,5.686954803932744e-24,6.486823033050078e+16,III_signgd,I_stable,0.3794344287204513,0.4459442950811514
0.47061224489795916,0.29428571428571426,1.5809577470200623e-39,2.8313757980569523e-22,1.6187120457614436e+30,III_signgd,I_stable,0.39955529026532965,0.46556544382477766
0.47061224489795916,0.31387755102040815,3.061328689328885e-51,7.564975301281615e-23,1.6897981000906677e+50,II_spike,I_stable,0.41934376641984905,0.4847023882973251
0.47061224489795916,0.33346938775510204,5.42232591451044e-53,2.043536794972436e-24,2.6204290917204213e+52,II_spike,I_stable,0.4388256240669263,0.5033962576661685
0.47061224489795916,0.35306122448979593,6.1062593572292576e-86,5.257016285251734e-25,1.4871214051163312e+51,II_spike,I_stable,0.45802324290480784,0.521682495210736
0.47061224489795916,0.3726530612244898,3.584457417810436e-242,3.584457417810436e-242,1.1382161547287219e+61,I_stable,I_stable,0.4769562233715155,0.5395919143211331
0.47061224489795916,0.39224489795918366,4.510328829593361e-242,4.510328829593361e-242,7.91193473756114e+60,I_stable,I_stable,0.49564185930152915,0.5571515134352752
0.47061224489795916,0.41183673469387755,5.715853151474384e-242,5.715853151474384e-242,7.637930803728094e+60,I_stable,I_stable,0.5140955106577026,0.5743851141903371
0.47061224489795916,0.43142857142857144,7.759927680489586e-242,7.759927680489586e-242,6.158280700424074e+60,I_stable,I_stable,0.5323309012057498,0.5913138676923984
0.47061224489795916,0.4510204081632653,8.920627224316164e-242,8.920627224316164e-242,5.9899639192126235e+60,I_stable,I_stable,0.5503603589627031,0.6079566608873909
0.47061224489795916,0.47061224489795916,8.510412027415766e-242,8.510412027415766e-242,5.343807291256445e+60,I_stable,I_stable,0.5681950124246583,0.6243304462120175
0.47061224489795916,0.49020408163265305,9.175527039881683e-242,9.175527039881683e-242,4.9918754182440934e+60,I_stable,I_stable,0.5858449522056745,0.6404505115873405
0.47061224489795916,0.509795918367347,7.11756242381664e-248,7.11756242381664e-248,4.553641310305222e+60,I_stable,I_stable,0.6033193653210811,0.6563307034948636
0.47061224489795916,0.5293877551020408,7.1245442184583124e-248,7.1245442184583124e-248,5.2342034218380734e+60,I_stable,I_stable,0.6206266476163069,0.6719836127708723
0.47061224489795916,0.5489795918367347,7.1321299709031635e-248,7.1321299709031635e-248,5.0184602488361055e+60,I_stable,I_stable,0.6377744985737119,0.6874207304936282
0.47061224489795916,0.5685714285714285,7.140492778899805e-248,7.140492778899805e-248,5.0489199997008886e+60,I_stable,I_stable,0.654770001788624,0.7026525796689959
0.47061224489795916,0.5881632653061224,7.1494954293693144e-248,7.1494954293693144e-248,5.514248076978756e+60,I_stable,I_stable,0.6716196936990277,0.7176888271731363
0.47061224489795916,0.6077551020408163,7.159427607245155e-248,7.159427607245155e-248,5.807355123081056e+60,I_stable,I_stable,0.6883296226168335,0.732538379468813
0.47061224489795916,0.6273469387755102,7.170443929190001e-248,7.170443929190001e-248,5.9386087037892646e+60,I_stable,I_stable,0.7049053996971941,0.7472094648927027
0.47061224489795916,0.6469387755102041,7.182617255687457e-248,7.182617255687457e-248,6.4554691479084e+60,I_stable,I_stable,0.7213522431638066,0.7617097047568138
0.47061224489795916,0.666530612244898,7.196254490647436e-248,7.196254490647436e-248,7.006109919760422e+60,I_stable,I_stable,0.7376750168593522,0.776046175076077
0.47061224489795916,0.6861224489795918,7.211604604194088e-248,7.211604604194088e-248,7.677381594203875e+60,I_stable,I_stable,0.753878263994344,0.7902254603961592
0.47061224489795916,0.7057142857142857,7.229107168303989e-248,7.229107168303989e-248,8.945849211726641e+60,I_stable,I_stable,0.7699662368122037,0.8042537009284144
0.47061224489795916,0.7253061224489796,7.249055041132344e-248,7.249055041132344e-248,9.2574777744692e+60,I_stable,I_stable,0.785942922764163,0.8181366339862136
0.47061224489795916,0.7448979591836734,7.272145110724808e-248,7.272145110724808e-248,1.0914550428468596e+61,I_stable,I_stable,0.8018120676876266,0.8318796305464131
0.47061224489795916,0.7644897959183673,1.2275384715255751e-247,1.2275384715255751e-247,1.298614662610757e+61,I_stable,I_stable,0.8175771964006852,0.845487727622176
0.47061224489795916,0.7840816326530612,1.2329578784239259e-247,1.2329578784239259e-247,1.5276566724229435e+61,I_stable,I_stable,0.8332416310595315,0.8589656570217082
0.47061224489795916,0.8036734693877551,1.239490353361609e-247,1.239490353361609e-247,1.7628670071207062e+61,I_stable,I_stable,0.8488085075715106,0.8723178709763119
0.47061224489795916,0.823265306122449,1.2475619181925714e-247,1.2475619181925714e-247,2.1397838447025382e+61,I_stable,I_stable,0.8642807903120353,0.8855485650463302
0.47061224489795916,0.8428571428571429,1.7047220967972625e-247,1.7047220967972625e-247,2.6836338494810735e+61,I_stable,I_stable,0.8796612853567701,0.8986616986518081
0.47061224489795916,0.8624489795918368,1.7227399097570278e-247,1.7227399097570278e-247,3.4857799254293275e+61,I_stable,I_stable,0.8949526524098372,0.9116610135234937
0.47061224489795916,0.8820408163265305,2.1679345220043502e-247,2.1679345220043502e-247,4.6748816489246455e+61,I_stable,I_stable,0.910157415583198,0.9245500503271527
0.47061224489795916,0.9016326530612244,2.6145268509265594e-247,2.6145268509265594e-247,6.785065336880443e+61,I_stable,I_stable,0.9252779731608697,0.9373321636784746
0.47061224489795916,0.9212244897959183,3.090190024746946e-247,3.090190024746946e-247,1.0468830906213355e+62,I_stable,I_stable,0.9403166064635249,0.95001053573586
0.47061224489795916,0.9408163265306122,4.038914941967889e-247,4.038914941967889e-247,1.8407371776292118e+62,I_stable,I_stable,0.9552754879136958,0.9625881885330734
0.47061224489795916,0.9604081632653061,6.106401376842345e-247,6.106401376842345e-247,4.1202581813619e+62,I_stable,I_stable,0.9701566883887878,0.975067995192316
0.47061224489795916,0.98,1.5025087540261453e-246,1.5025087540261453e-246,1.6071474996472284e+63,I_stable,I_stable,0.9849621839380145,0.9874526901400564
0.49020408163265305,0.02,3.6039270258873e-41,1.2435921251032285e-12,8.003972201514263e+41,III_signgd,II_spike,0.053182958969449884,0.08672488792828036
0.49020408163265305,0.03959183673469388,5.3202183789340685e-43,3.643544031481474e-12,1.3627063578956171e+41,III_signgd,II_spike,0.0887573316607622,0.13289343624648517
0.49020408163265305,0.05918367346938776,1.5844524439048442e-35,8.585669270402538e-28,7.147435976763756e+29,III_signgd,I_stable,0.11999176412600944,0.17085441221071906
0.49020408163265305,0.07877551020408163,1.9565556178593298e-34,1.4786505381048326e-26,7.086227116263803e+26,III_signgd,I_stable,0.14869399108610135,0.20428878025677358
0.49020408163265305,0.09836734693877551,4.1935556675565805e-25,8.979872579645881e-17,1184211050123917.2,III_signgd,II_spike,0.17564598165422904,0.23471013804909577
0.49020408163265305,0.11795918367346939,6.648600176528311e-22,2.5714969183482724e-17,4016109322.3452654,III_signgd,II_spike,0.20127916346199196,0.2629252823644016
0.49020408163265305,0.13755102040816325,5.521664719810975e-27,1.8932301035770614e-18,4.2631498122247296e+17,III_signgd,I_stable,0.2258644406312193,0.2894275613209483
0.49020408163265305,0.1571428571428571,1.3096459464584195e-53,5.24721476578112e-21,1.525137718022404e+55,III_signgd,I_stable,0.24958643848936826,0.3145459902001079
0.49020408163265305,0.176734693877551,1.9398345124189112e-32,7.0601165080529e-23,4.452716957278937e+22,III_signgd,I_stable,0.27257835044093476,0.3385136086233395
0.49020408163265305,0.1963265306122449,8.983099771729431e-53,3.385387435470844e-23,1.6961970814755442e+51,III_signgd,I_stable,0.29494038580671944,0.3615029702725009
0.49020408163265305,0.21591836734693876,4.034981943669567e-32,4.168186934787807e-23,1.0712564886230614e+22,III_signgd,I_stable,0.31675041368227413,0.38364628074541884
0.49020408163265305,0.23551020408163262,3.173783700330511e-48,2.4130689154355244e-28,2.6186920185931848e+44,III_signgd,I_stable,0.33807051609020067,0.40504761611013695
0.49020408163265305,0.25510204081632654,3.114294081910079e-32,3.70961980672339e-23,1.2781330516391195e+20,III_signgd,I_stable,0.35895123321356215,0.4257907359260144
0.49020408163265305,0.2746938775510204,2.6242661683893094e-27,1.5313453261517998e-24,168971639985.53604,III_signgd,I_stable,0.3794344287204513,0.4459442950811514
0.49020408163265305,0.29428571428571426,7.491515095966687e-33,2.107393674232993e-24,1.1623888659776805e+17,III_signgd,I_stable,0.39955529026532965,0.46556544382477766
0.49020408163265305,0.31387755102040815,2.217401465674906e-32,1.9400215559512707e-22,7.894400441715822e+17,III_signgd,I_stable,0.41934376641984905,0.4847023882973251
0.49020408163265305,0.33346938775510204,3.466666255376927e-36,1.7259420256175368e-20,1.0231670342145645e+22,II_spike,I_stable,0.4388256240669263,0.5033962576661685
0.49020408163265305,0.35306122448979593,1.241874929306461e-52,9.773017328149922e-21,1.321379916926713e+52,II_spike,I_stable,0.45802324290480784,0.521682495210736
0.49020408163265305,0.3726530612244898,1.548858659935162e-78,5.1587792313097695e-28,1.0318320240651327e+61,II_spike,I_stable,0.4769562233715155,0.5395919143211331
0.49020408163265305,0.39224489795918366,3.848375999152352e-242,3.848375999152352e-242,1.3086571833196636e+61,I_stable,I_stable,0.49564185930152915,0.5571515134352752
0.49020408163265305,0.41183673469387755,4.258318678243925e-242,4.258318678243925e-242,9.056540345104611e+60,I_stable,I_stable,0.5140955106577026,0.5743851141903371
0.49020408163265305,0.43142857142857144,6.309279005238167e-242,6.309279005238167e-242,8.392079775367082e+60,I_stable,I_stable,0.5323309012057498,0.5913138676923984
0.49020408163265305,0.4510204081632653,6.1286822303837404e-242,6.1286822303837404e-242,7.685439063529687e+60,I_stable,I_stable,0.5503603589627031,0.6079566608873909
0.49020408163265305,0.47061224489795916,8.487197843059748e-242,8.487197843059748e-242,6.542459472044299e+60,I_stable,I_stable,0.5681950124246583,0.6243304462120175
0.49020408163265305,0.49020408163265305,9.222407489910849e-242,9.222407489910849e-242,5.889650918487211e+60,I_stable,I_stable,0.5858449522056745,0.6404505115873405
0.49020408163265305,0.509795918367347,7.117091099742624e-248,7.117091099742624e-248,6.171824578301975e+60,I_stable,I_stable,0.6033193653210811,0.6563307034948636
0.49020408163265305,0.5293877551020408,7.124130561028279e-248,7.124130561028279e-248,5.849905620463534e+60,I_stable,I_stable,0.6206266476163069,0.6719836127708723
0.49020408163265305,0.5489795918367347,7.131862652758548e-248,7.131862652758548e-248,5.491722345669292e+60,I_stable,I_stable,0.6377744985737119,0.6874207304936282
0.49020408163265305,0.5685714285714285,7.140086609680991e-248,7.140086609680991e-248,5.430839748732817e+60,I_stable,I_stable,0.654770001788624,0.7026525796689959
0.49020408163265305,0.5881632653061224,7.1491210986881574e-248,7.1491210986881574e-248,5.842720134896601e+60,I_stable,I_stable,0.6716196936990277,0.7176888271731363
0.49020408163265305,0.6077551020408163,7.159025950325456e-248,7.159025950325456e-248,6.075892404792512e+60,I_stable,I_stable,0.6883296226168335,0.732538379468813
0.49020408163265305,0.6273469387755102,7.170199776745122e-248,7.170199776745122e-248,6.146681732261963e+60,I_stable,I_stable,0.7049053996971941,0.7472094648927027
0.49020408163265305,0.6469387755102041,7.182361366339378e-248,7.182361366339378e-248,6.620222553411142e+60,I_stable,I_stable,0.7213522431638066,0.7617097047568138
0.49020408163265305,0.666530612244898,7.196000990258816e-248,7.196000990258816e-248,7.12706907157761e+60,I_stable,I_stable,0.7376750168593522,0.776046175076077
0.49020408163265305,0.6861224489795918,7.211240894661352e-248,7.211240894661352e-248,8.521746553240944e+60,I_stable,I_stable,0.753878263994344,0.7902254603961592
0.49020408163265305,0.7057142857142857,7.228762578111233e-248,7.228762578111233e-248,8.981995126493512e+60,I_stable,I_stable,0.7699662368122037,0.8042537009284144
0.49020408163265305,0.7253061224489796,7.248814558353227e-248,7.248814558353227e-248,1.00233138686905e+61,I_stable,I_stable,0.785942922764163,0.8181366339862136
0.49020408163265305,0.7448979591836734,7.271903648459567e-248,7.271903648459567e-248,1.1689680455971956e+61,I_stable,I_stable,0.8018120676876266,0.8318796305464131
0.49020408163265305,0.7644897959183673,1.2274984317027717e-247,1.2274984317027717e-247,1.2880743657456088e+61,I_stable,I_stable,0.8175771964006852,0.845487727622176
0.49020408163265305,0.7840816326530612,1.2329178481568028e-247,1.2329178481568028e-247,1.5106732393201998e+61,I_stable,I_stable,0.8332416310595315,0.8589656570217082
0.49020408163265305,0.8036734693877551,1.2394505261821793e-247,1.2394505261821793e-247,1.8381194063045215e+61,I_stable,I_stable,0.8488085075715106,0.8723178709763119
0.49020408163265305,0.823265306122449,1.247520329924279e-247,1.247520329924279e-247,2.2128623567428914e+61,I_stable,I_stable,0.8642807903120353,0.8855485650463302
0.49020408163265305,0.8428571428571429,1.704652040597019e-247,1.704652040597019e-247,2.757017621655539e+61,I_stable,I_stable,0.8796612853567701,0.8986616986518081
0.49020408163265305,0.8624489795918368,1.7226863134932214e-247,1.7226863134932214e-247,3.5589318051479984e+61,I_stable,I_stable,0.8949526524098372,0.9116610135234937
0.49020408163265305,0.8820408163265305,2.1678675720225535e-247,2.1678675720225535e-247,4.745274972737828e+61,I_stable,I_stable,0.910157415583198,0.9245500503271527
0.49020408163265305,0.9016326530612244,2.6144465131239942e-247,2.6144465131239942e-247,6.854334489401602e+61,I_stable,I_stable,0.9252779731608697,0.9373321636784746
0.49020408163265305,0.9212244897959183,3.090096843124914e-247,3.090096843124914e-247,1.0533743401409643e+62,I_stable,I_stable,0.9403166064635249,0.95001053573586
0.49020408163265305,0.9408163265306122,4.038833039034867e-247,4.038833039034867e-247,1.8458557388982543e+62,I_stable,I_stable,0.9552754879136958,0.9625881885330734
0.49020408163265305,0.9604081632653061,6.106221010721556e-247,6.106221010721556e-247,4.122340931133635e+62,I_stable,I_stable,0.9701566883887878,0.975067995192316
0.49020408163265305,0.98,1.5024764336796032e-246,1.5024764336796032e-246,1.6056329417961862e+63,I_stable,I_stable,0.9849621839380145,0.9874526901400564
0.509795918367347,0.02,1.9861347880205696e-38,1.1386028189212509e-10,2.3413745736337273e+35,III_signgd,II_spike,0.053182958969449884,0.08672488792828036
0.509795918367347,0.03959183673469388,3.679608202075705e-40,4.302032896868487e-12,8.152183594113927e+37,III_signgd,II_spike,0.0887573316607622,0.13289343624648517
0.509795918367347,0.05918367346938776,9.197556665437513e-45,1.3199694619506504e-14,1.4343709269103628e+47,III_signgd,II_spike,0.11999176412600944,0.17085441221071906
0.509795918367347,0.07877551020408163,3.24786683446691e-31,3.402875692857887e-16,1.0194282022867908e+22,III_signgd,II_spike,0.14869399108610135,0.20428878025677358
0.509795918367347,0.09836734693877551,7.540843036388372e-23,2.6875682523081053e-16,400505015328.9366,III_signgd,II_spike,0.17564598165422904,0.23471013804909577
0.509795918367347,0.11795918367346939,1.096723887811514e-27,4.900007649452935e-16,1.7399879363092247e+18,III_signgd,II_spike,0.20127916346199196,0.2629252823644016
0.509795918367347,0.13755102040816325,4.4328902578376185e-24,2.271338394889775e-16,124119682435.81787,III_signgd,II_spike,0.2258644406312193,0.2894275613209483
0.509795918367347,0.1571428571428571,3.6692505191472933e-23,2.6679794760436317e-21,464356651.39120454,III_signgd,I_stable,0.24958643848936826,0.3145459902001079
0.509795918367347,0.176734693877551,3.4869938692984784e-29,3.087046708733118e-18,3.017884083605797e+17,III_signgd,I_stable,0.27257835044093476,0.3385136086233395
0.509795918367347,0.1963265306122449,7.000499933379285e-31,1.4550637411173413e-18,2.8826238616999274e+24,III_signgd,I_stable,0.29494038580671944,0.3615029702725009
0.509795918367347,0.21591836734693876,7.967662455465641e-51,5.091703668598748e-24,1.724235176531918e+48,III_signgd,I_stable,0.31675041368227413,0.38364628074541884
0.509795918367347,0.23551020408163262,9.79879021068593e-59,1.7091545707478447e-28,2.142978498142926e+60,III_signgd,I_stable,0.33807051609020067,0.40504761611013695
0.509795918367347,0.25510204081632654,2.6575726926465538e-52,5.905487734103279e-25,1.034853758549031e+51,III_signgd,I_stable,0.35895123321356215,0.4257907359260144
0.509795918367347,0.2746938775510204,9.288249058847893e-49,2.5395870488446113e-23,1.3601963991351077e+44,III_signgd,I_stable,0.3794344287204513,0.4459442950811514
0.509795918367347,0.29428571428571426,4.0307807095498752e-53,1.4640620511451096e-21,6.067118313602803e+51,III_signgd,I_stable,0.39955529026532965,0.46556544382477766
0.509795918367347,0.31387755102040815,8.993079839773238e-52,4.610069419761432e-22,2.152391609451913e+50,III_signgd,I_stable,0.41934376641984905,0.4847023882973251
0.509795918367347,0.33346938775510204,9.915603874517393e-42,1.4924859062420442e-22,5.990001874548518e+33,III_signgd,I_stable,0.4388256240669263,0.5033962576661685
0.509795918367347,0.35306122448979593,9.859178867388984e-38,3.6975474172379277e-25,2.4695755235804107e+27,II_spike,I_stable,0.45802324290480784,0.521682495210736
0.509795918367347,0.3726530612244898,1.0644954999366446e-35,2.5151252099422263e-22,1.7580549539645168e+17,II_spike,I_stable,0.4769562233715155,0.5395919143211331
0.509795918367347,0.39224489795918366,9.187843109417052e-71,1.1766163789481164e-20,3.2751986532617716e+51,II_spike,I_stable,0.49564185930152915,0.5571515134352752
0.509795918367347,0.41183673469387755,3.0073711135412867e-242,3.0073711135412867e-242,1.7529841948085518e+61,I_stable,I_stable,0.5140955106577026,0.5743851141903371
0.509795918367347,0.43142857142857144,4.732580787289961e-242,4.732580787289961e-242,1.047532088975201e+61,I_stable,I_stable,0.5323309012057498,0.5913138676923984
0.509795918367347,0.4510204081632653,5.0116342480174316e-242,5.0116342480174316e-242,8.887815334714073e+60,I_stable,I_stable,0.5503603589627031,0.6079566608873909
0.509795918367347,0.47061224489795916,7.017982031942541e-242,7.017982031942541e-242,8.658424649479185e+60,I_stable,I_stable,0.5681950124246583,0.6243304462120175
0.509795918367347,0.49020408163265305,8.09311076273383e-242,8.09311076273383e-242,7.41688072197467e+60,I_stable,I_stable,0.5858449522056745,0.6404505115873405
0.509795918367347,0.509795918367347,7.1168413927140326e-248,7.1168413927140326e-248,6.3143952674232865e+60,I_stable,I_stable,0.6033193653210811,0.6563307034948636
0.509795918367347,0.5293877551020408,7.1238763233530886e-248,7.1238763233530886e-248,6.855954411723897e+60,I_stable,I_stable,0.6206266476163069,0.6719836127708723
0.509795918367347,0.5489795918367347,7.131414644945824e-248,7.131414644945824e-248,6.269898377691462e+60,I_stable,I_stable,0.6377744985737119,0.6874207304936282
0.509795918367347,0.5685714285714285,7.139679519750003e-248,7.139679519750003e-248,6.061306771633864e+60,I_stable,I_stable,0.654770001788624,0.7026525796689959
0.509795918367347,0.5881632653061224,7.1488535006282985e-248,7.1488535006282985e-248,6.3983424777637344e+60,I_stable,I_stable,0.6716196936990277,0.7176888271731363
0.509795918367347,0.6077551020408163,7.158759548809663e-248,7.158759548809663e-248,6.544878096678503e+60,I_stable,I_stable,0.6883296226168335,0.732538379468813
0.509795918367347,0.6273469387755102,7.169816831772423e-248,7.169816831772423e-248,7.33536452205526e+60,I_stable,I_stable,0.7049053996971941,0.7472094648927027
0.509795918367347,0.6469387755102041,7.181987992696587e-248,7.181987992696587e-248,7.745609466604048e+60,I_stable,I_stable,0.7213522431638066,0.7617097047568138
0.509795918367347,0.666530612244898,7.195633764291595e-248,7.195633764291595e-248,8.188609741494984e+60,I_stable,I_stable,0.7376750168593522,0.776046175076077
0.509795918367347,0.6861224489795918,7.210988267103074e-248,7.210988267103074e-248,8.76605779674137e+60,I_stable,I_stable,0.753878263994344,0.7902254603961592
0.509795918367347,0.7057142857142857,7.228502085102427e-248,7.228502085102427e-248,9.165480755427958e+60,I_stable,I_stable,0.7699662368122037,0.8042537009284144
0.509795918367347,0.7253061224489796,7.248463857303082e-248,7.248463857303082e-248,1.0158662238741643e+61,I_stable,I_stable,0.785942922764163,0.8181366339862136
0.509795918367347,0.7448979591836734,7.271544602470105e-248,7.271544602470105e-248,1.1782498791301453e+61,I_stable,I_stable,0.8018120676876266,0.8318796305464131
0.509795918367347,0.7644897959183673,1.2274533238314103e-247,1.2274533238314103e-247,1.3810529656596744e+61,I_stable,I_stable,0.8175771964006852,0.845487727622176
0.509795918367347,0.7840816326530612,1.2328628388067197e-247,1.2328628388067197e-247,1.6030928966123137e+61,I_stable,I_stable,0.8332416310595315,0.8589656570217082
0.509795918367347,0.8036734693877551,1.2394057282360664e-247,1.2394057282360664e-247,1.8282999785135782e+61,I_stable,I_stable,0.8488085075715106,0.8723178709763119
0.509795918367347,0.823265306122449,1.2474779910405121e-247,1.2474779910405121e-247,2.3055277456773232e+61,I_stable,I_stable,0.8642807903120353,0.8855485650463302
0.509795918367347,0.8428571428571429,1.704595961228525e-247,1.704595961228525e-247,2.849317331319101e+61,I_stable,I_stable,0.8796612853567701,0.8986616986518081
0.509795918367347,0.8624489795918368,1.7226298710513756e-247,1.7226298710513756e-247,3.652190206394577e+61,I_stable,I_stable,0.8949526524098372,0.9116610135234937
0.509795918367347,0.8820408163265305,2.1677975777240582e-247,2.1677975777240582e-247,4.838409634676794e+61,I_stable,I_stable,0.910157415583198,0.9245500503271527
0.509795918367347,0.9016326530612244,2.6143637210823746e-247,2.6143637210823746e-247,6.947907099064737e+61,I_stable,I_stable,0.9252779731608697,0.9373321636784746
0.509795918367347,0.9212244897959183,3.0900312443998314e-247,3.0900312443998314e-247,1.062576171470112e+62,I_stable,I_stable,0.9403166064635249,0.95001053573586
0.509795918367347,0.9408163265306122,4.038707464906106e-247,4.038707464906106e-247,1.8541639359625327e+62,I_stable,I_stable,0.9552754879136958,0.9625881885330734
0.509795918367347,0.9604081632653061,6.106025329477001e-247,6.106025329477001e-247,4.127565158739292e+62,I_stable,I_stable,0.9701566883887878,0.975067995192316
0.509795918367347,0.98,1.5024440110399032e-246,1.5024440110399032e-246,1.6131072581775678e+63,I_stable,I_stable,0.9849621839380145,0.9874526901400564
0.5293877551020408,0.02,1.2643243336632164e-40,4.765688695249998e-12,7.284561356064764e+40,III_signgd,II_spike,0.053182958969449884,0.08672488792828036
0.5293877551020408,0.03959183673469388,4.461630887050678e-41,2.0685568806300886e-12,3.5863137411428814e+42,III_signgd,II_spike,0.0887573316607622,0.13289343624648517
0.5293877551020408,0.05918367346938776,8.791999504176105e-47,3.511658831503387e-18,1.1383394240061653e+51,III_signgd,I_stable,0.11999176412600944,0.17085441221071906
0.5293877551020408,0.07877551020408163,4.793688955168403e-39,1.9933928214727818e-14,4.8109504697570675e+37,III_signgd,II_spike,0.14869399108610135,0.20428878025677358
0.5293877551020408,0.09836734693877551,3.456003477146949e-23,1.0855289724321859e-15,148955104983.1512,III_signgd,II_spike,0.17564598165422904,0.23471013804909577
0.5293877551020408,0.11795918367346939,1.4749231547658285e-26,2.4560516767234973e-20,4.123081765904699e+16,III_signgd,I_stable,0.20127916346199196,0.2629252823644016
0.5293877551020408,0.13755102040816325,8.529953298930062e-24,7.90577772533636e-20,519745963701.08594,III_signgd,I_stable,0.2258644406312193,0.2894275613209483
0.5293877551020408,0.1571428571428571,2.4506960031122685e-23,5.975859283866504e-21,1068708945.781255,III_signgd,I_stable,0.24958643848936826,0.3145459902001079
0.5293877551020408,0.176734693877551,2.4228911348478915e-23,3.698085980349634e-18,1057008205.0407052,III_signgd,I_stable,0.27257835044093476,0.3385136086233395
0.5293877551020408,0.1963265306122449,2.4906498248293593e-25,1.8147068003605492e-22,160432654311827.6,III_signgd,I_stable,0.29494038580671944,0.3615029702725009
0.5293877551020408,0.21591836734693876,2.770031888300806e-54,1.847620797561988e-22,6.024827463262009e+53,III_signgd,I_stable,0.31675041368227413,0.38364628074541884
0.5293877551020408,0.23551020408163262,1.0841159134120326e-49,1.8126314061706216e-23,3.0109194178333354e+46,III_signgd,I_stable,0.33807051609020067,0.40504761611013695
0.5293877551020408,0.25510204081632654,1.6272657948598817e-56,7.42353593645223e-24,1.2537289068870507e+58,III_signgd,I_stable,0.35895123321356215,0.4257907359260144
0.5293877551020408,0.2746938775510204,3.939584023626721e-57,1.1473658831333301e-20,1.1087465019247941e+57,III_signgd,I_stable,0.3794344287204513,0.4459442950811514
0.5293877551020408,0.29428571428571426,1.7260807267465213e-51,6.4939994073001034e-21,1.9546650691707614e+49,III_signgd,I_stable,0.39955529026532965,0.46556544382477766
0.5293877551020408,0.31387755102040815,1.3758769441469337e-54,5.1843153743929956e-23,3.588071285780482e+54,III_signgd,I_stable,0.41934376641984905,0.4847023882973251
0.5293877551020408,0.33346938775510204,5.2902959366273635e-52,6.592841247883314e-27,1.0840490716247664e+47,III_signgd,I_stable,0.4388256240669263,0.5033962576661685
0.5293877551020408,0.35306122448979593,5.444936680717351e-50,9.496272015365327e-21,1.141500325510164e+47,III_signgd,I_stable,0.45802324290480784,0.521682495210736
0.5293877551020408,0.3726530612244898,1.0970851584106908e-52,2.2743875109522538e-26,3.390977098088877e+51,II_spike,I_stable,0.4769562233715155,0.5395919143211331
0.5293877551020408,0.39224489795918366,8.475689225503732e-51,7.435019425568603e-21,4.602987454424766e+48,II_spike,I_stable,0.49564185930152915,0.5571515134352752
0.5293877551020408,0.41183673469387755,3.0247326891098818e-77,2.2293488900487444e-25,3.1136321093635647e+47,II_spike,I_stable,0.5140955106577026,0.5743851141903371
0.5293877551020408,0.43142857142857144,3.077725194420366e-242,3.077725194420366e-242,1.98552399945337e+61,I_stable,I_stable,0.5323309012057498,0.5913138676923984
0.5293877551020408,0.4510204081632653,3.83990580654136e-242,3.83990580654136e-242,1.4278816067103832e+61,I_stable,I_stable,0.5503603589627031,0.6079566608873909
0.5293877551020408,0.47061224489795916,5.670451620303418e-242,5.670451620303418e-242,1.0496164448277542e+61,I_stable,I_stable,0.5681950124246583,0.6243304462120175
0.5293877551020408,0.49020408163265305,6.815923418044362e-242,6.815923418044362e-242,8.483652757828484e+60,I_stable,I_stable,0.5858449522056745,0.6404505115873405
0.5293877551020408,0.509795918367347,7.11635519822635e-248,7.11635519822635e-248,8.184904606470108e+60,I_stable,I_stable,0.6033193653210811,0.6563307034948636
0.5293877551020408,0.5293877551020408,7.123408011891801e-248,7.123408011891801e-248,7.267216324471179e+60,I_stable,I_stable,0.6206266476163069,0.6719836127708723
0.5293877551020408,0.5489795918367347,7.130969050187141e-248,7.130969050187141e-248,7.524178108927596e+60,I_stable,I_stable,0.6377744985737119,0.6874207304936282
0.5293877551020408,0.5685714285714285,7.1392154289269e-248,7.1392154289269e-248,7.067541914295718e+60,I_stable,I_stable,0.654770001788624,0.7026525796689959
0.5293877551020408,0.5881632653061224,7.148424674248435e-248,7.148424674248435e-248,7.278850908021917e+60,I_stable,I_stable,0.6716196936990277,0.7176888271731363
0.5293877551020408,0.6077551020408163,7.158367467250901e-248,7.158367467250901e-248,7.293788010248212e+60,I_stable,I_stable,0.6883296226168335,0.732538379468813
0.5293877551020408,0.6273469387755102,7.169404345933698e-248,7.169404345933698e-248,8.029669473241254e+60,I_stable,I_stable,0.7049053996971941,0.7472094648927027
0.5293877551020408,0.6469387755102041,7.181581598841044e-248,7.181581598841044e-248,8.343942856789061e+60,I_stable,I_stable,0.7213522431638066,0.7617097047568138
0.5293877551020408,0.666530612244898,7.195231982527308e-248,7.195231982527308e-248,8.703628790071031e+60,I_stable,I_stable,0.7376750168593522,0.776046175076077
0.5293877551020408,0.6861224489795918,7.210595689641683e-248,7.210595689641683e-248,9.207079338551927e+60,I_stable,I_stable,0.753878263994344,0.7902254603961592
0.5293877551020408,0.7057142857142857,7.228127745475343e-248,7.228127745475343e-248,1.0395968145249282e+61,I_stable,I_stable,0.7699662368122037,0.8042537009284144
0.5293877551020408,0.7253061224489796,7.248190473611379e-248,7.248190473611379e-248,1.1345224787412643e+61,I_stable,I_stable,0.785942922764163,0.8181366339862136
0.5293877551020408,0.7448979591836734,7.271279545750375e-248,7.271279545750375e-248,1.2041582290543754e+61,I_stable,I_stable,0.8018120676876266,0.8318796305464131
0.5293877551020408,0.7644897959183673,1.2273945121925832e-247,1.2273945121925832e-247,1.4020590400621132e+61,I_stable,I_stable,0.8175771964006852,0.845487727622176
0.5293877551020408,0.7840816326530612,1.2328149767378138e-247,1.2328149767378138e-247,1.6186136904999652e+61,I_stable,I_stable,0.8332416310595315,0.8589656570217082
0.5293877551020408,0.8036734693877551,1.239361297255629e-247,1.239361297255629e-247,1.9401578201055797e+61,I_stable,I_stable,0.8488085075715106,0.8723178709763119
0.5293877551020408,0.823265306122449,1.2474342810602952e-247,1.2474342810602952e-247,2.305797574177687e+61,I_stable,I_stable,0.8642807903120353,0.8855485650463302
0.5293877551020408,0.8428571428571429,1.7045331904908778e-247,1.7045331904908778e-247,2.8399007580361437e+61,I_stable,I_stable,0.8796612853567701,0.8986616986518081
0.5293877551020408,0.8624489795918368,1.7225693426767323e-247,1.7225693426767323e-247,3.6298103822269067e+61,I_stable,I_stable,0.8949526524098372,0.9116610135234937
0.5293877551020408,0.8820408163265305,2.16772396500683e-247,2.16772396500683e-247,4.9552120384474006e+61,I_stable,I_stable,0.910157415583198,0.9245500503271527
0.5293877551020408,0.9016326530612244,2.614275129335853e-247,2.614275129335853e-247,7.066148386722622e+61,I_stable,I_stable,0.9252779731608697,0.9373321636784746
0.5293877551020408,0.9212244897959183,3.089928143195186e-247,3.089928143195186e-247,1.0743105419357488e+62,I_stable,I_stable,0.9403166064635249,0.95001053573586
0.5293877551020408,0.9408163265306122,4.038572125845322e-247,4.038572125845322e-247,1.894594179962255e+62,I_stable,I_stable,0.9552754879136958,0.9625881885330734
0.5293877551020408,0.9604081632653061,6.105898904547165e-247,6.105898904547165e-247,4.136474196751532e+62,I_stable,I_stable,0.9701566883887878,0.975067995192316
0.5293877551020408,0.98,1.5023869222999307e-246,1.5023869222999307e-246,1.6126925231372263e+63,I_stable,I_stable,0.9849621839380145,0.9874526901400564
0.5489795918367347,0.02,2.6919698640745643e-36,7.608927008365855e-11,1.5344362966256664e+36,III_signgd,II_spike,0.053182958969449884,0.08672488792828036
0.5489795918367347,0.03959183673469388,9.353393344757037e-45,2.983584804634213e-12,2.1066403188188972e+47,III_signgd,II_spike,0.0887573316607622,0.13289343624648517
0.5489795918367347,0.05918367346938776,4.347128491338997e-40,3.377999358413996e-17,3.239826192935404e+39,III_signgd,II_spike,0.11999176412600944,0.17085441221071906
0.5489795918367347,0.07877551020408163,2.708052644730054e-54,8.517930930070062e-15,1.1881310000201146e+63,III_signgd,II_spike,0.14869399108610135,0.20428878025677358
0.5489795918367347,0.09836734693877551,9.759775289379489e-52,7.892773584731978e-16,3.297550264937303e+55,III_signgd,II_spike,0.17564598165422904,0.23471013804909577
0.5489795918367347,0.11795918367346939,3.541677151711691e-19,4.779187200329366e-14,601846.6477264169,III_signgd,II_spike,0.20127916346199196,0.2629252823644016
0.5489795918367347,0.13755102040816325,7.763615281189384e-23,6.874496423154217e-16,147361789820.89853,III_signgd,II_spike,0.2258644406312193,0.2894275613209483
0.5489795918367347,0.1571428571428571,5.485017325791845e-32,8.39066006405783e-20,2.562183296730495e+24,III_signgd,I_stable,0.24958643848936826,0.3145459902001079
0.5489795918367347,0.176734693877551,1.5295910135619135e-29,2.501786104910479e-17,1.8731058664667856e+23,III_signgd,II_spike,0.27257835044093476,0.3385136086233395
0.5489795918367347,0.1963265306122449,2.9967702166270416e-51,5.725002622476116e-26,1.399071484441237e+51,III_signgd,I_stable,0.29494038580671944,0.3615029702725009
0.5489795918367347,0.21591836734693876,1.413019131341648e-39,5.5219744460263804e-27,3.0600980276453648e+32,III_signgd,I_stable,0.31675041368227413,0.38364628074541884
0.5489795918367347,0.23551020408163262,1.3068994471039922e-29,3.4918095472745863e-23,4300424084552259.0,III_signgd,I_stable,0.33807051609020067,0.40504761611013695
0.5489795918367347,0.25510204081632654,4.190105772776973e-46,2.1718027990363983e-24,7.261936637446988e+41,III_signgd,I_stable,0.35895123321356215,0.4257907359260144
0.5489795918367347,0.2746938775510204,1.2332428808848324e-49,1.2090435916478078e-21,7.635727592999066e+45,III_signgd,I_stable,0.3794344287204513,0.4459442950811514
0.5489795918367347,0.29428571428571426,8.629382833681502e-52,1.7030422263160101e-22,1.2491225241088546e+50,III_signgd,I_stable,0.39955529026532965,0.46556544382477766
0.5489795918367347,0.31387755102040815,7.767122220562982e-52,8.615237238855354e-30,3.671967471591424e+48,III_signgd,I_stable,0.41934376641984905,0.4847023882973251
0.5489795918367347,0.33346938775510204,1.1256141958511189e-73,1.1682463274528971e-21,3.7876206089815755e+86,III_signgd,I_stable,0.4388256240669263,0.5033962576661685
0.5489795918367347,0.35306122448979593,3.604342155730171e-52,8.366232473324749e-32,3.913871345168165e+47,III_signgd,I_stable,0.45802324290480784,0.521682495210736
0.5489795918367347,0.3726530612244898,1.2048812762194442e-52,5.297161194750949e-22,1.210002534322929e+52,III_signgd,I_stable,0.4769562233715155,0.5395919143211331
0.5489795918367347,0.39224489795918366,2.526022831716359e-52,3.790367399485492e-21,6.328685646350773e+48,II_spike,I_stable,0.49564185930152915,0.5571515134352752
0.5489795918367347,0.41183673469387755,3.9621666419834256e-51,6.332493842298432e-22,3.509030393578688e+49,II_spike,I_stable,0.5140955106577026,0.5743851141903371
0.5489795918367347,0.43142857142857144,1.406505684189846e-71,3.243223388038793e-27,3.4811431081470396e+58,II_spike,I_stable,0.5323309012057498,0.5913138676923984
0.5489795918367347,0.4510204081632653,3.184657269203359e-242,3.184657269203359e-242,2.2484658063389407e+61,I_stable,I_stable,0.5503603589627031,0.6079566608873909
0.5489795918367347,0.47061224489795916,3.7416247466880392e-242,3.7416247466880392e-242,1.4613316655894616e+61,I_stable,I_stable,0.5681950124246583,0.6243304462120175
0.5489795918367347,0.49020408163265305,5.423538632470132e-242,5.423538632470132e-242,1.290418726902888e+61,I_stable,I_stable,0.5858449522056745,0.6404505115873405
0.5489795918367347,0.509795918367347,7.115512477415073e-248,7.115512477415073e-248,1.156917813729495e+61,I_stable,I_stable,0.6033193653210811,0.6563307034948636
0.5489795918367347,0.5293877551020408,7.12261011794005e-248,7.12261011794005e-248,9.705088442154003e+60,I_stable,I_stable,0.6206266476163069,0.6719836127708723
0.5489795918367347,0.5489795918367347,7.130468824265417e-248,7.130468824265417e-248,9.60005674261982e+60,I_stable,I_stable,0.6377744985737119,0.6874207304936282
0.5489795918367347,0.5685714285714285,7.138748218496821e-248,7.138748218496821e-248,8.686990599683182e+60,I_stable,I_stable,0.654770001788624,0.7026525796689959
0.5489795918367347,0.5881632653061224,7.147974063342153e-248,7.147974063342153e-248,8.670871723681066e+60,I_stable,I_stable,0.6716196936990277,0.7176888271731363
0.5489795918367347,0.6077551020408163,7.157927498325528e-248,7.157927498325528e-248,8.45943144361568e+60,I_stable,I_stable,0.6883296226168335,0.732538379468813
0.5489795918367347,0.6273469387755102,7.168973770813067e-248,7.168973770813067e-248,8.100134159375979e+60,I_stable,I_stable,0.7049053996971941,0.7472094648927027
0.5489795918367347,0.6469387755102041,7.181154953163195e-248,7.181154953163195e-248,9.276662073052143e+60,I_stable,I_stable,0.7213522431638066,0.7617097047568138
0.5489795918367347,0.666530612244898,7.19481478719037e-248,7.19481478719037e-248,9.509455513856684e+60,I_stable,I_stable,0.7376750168593522,0.776046175076077
0.5489795918367347,0.6861224489795918,7.210177310271449e-248,7.210177310271449e-248,9.910466378471476e+60,I_stable,I_stable,0.753878263994344,0.7902254603961592
0.5489795918367347,0.7057142857142857,7.227727262312172e-248,7.227727262312172e-248,1.1043812760851702e+61,I_stable,I_stable,0.7699662368122037,0.8042537009284144
0.5489795918367347,0.7253061224489796,7.247796927046937e-248,7.247796927046937e-248,1.1911595871172794e+61,I_stable,I_stable,0.785942922764163,0.8181366339862136
0.5489795918367347,0.7448979591836734,7.270888777848058e-248,7.270888777848058e-248,1.2514196914324691e+61,I_stable,I_stable,0.8018120676876266,0.8318796305464131
0.5489795918367347,0.7644897959183673,1.2273448386963243e-247,1.2273448386963243e-247,1.444126466746695e+61,I_stable,I_stable,0.8175771964006852,0.845487727622176
0.5489795918367347,0.7840816326530612,1.2327537864756595e-247,1.2327537864756595e-247,1.6539755759107614e+61,I_stable,I_stable,0.8332416310595315,0.8589656570217082
0.5489795918367347,0.8036734693877551,1.2392982054600608e-247,1.2392982054600608e-247,1.9692062548443688e+61,I_stable,I_stable,0.8488085075715106,0.8723178709763119
0.5489795918367347,0.823265306122449,1.2473719153937675e-247,1.2473719153937675e-247,2.327616377612646e+61,I_stable,I_stable,0.8642807903120353,0.8855485650463302
0.5489795918367347,0.8428571428571429,1.704468307684959e-247,1.704468307684959e-247,2.976881098532725e+61,I_stable,I_stable,0.8796612853567701,0.8986616986518081
0.5489795918367347,0.8624489795918368,1.722486005600441e-247,1.722486005600441e-247,3.7684451583895154e+61,I_stable,I_stable,0.8949526524098372,0.9116610135234937
0.5489795918367347,0.8820408163265305,2.167624723752851e-247,2.167624723752851e-247,4.9403468307863303e+61,I_stable,I_stable,0.910157415583198,0.9245500503271527
0.5489795918367347,0.9016326530612244,2.6141823792629403e-247,2.6141823792629403e-247,7.031280390819414e+61,I_stable,I_stable,0.9252779731608697,0.9373321636784746
0.5489795918367347,0.9212244897959183,3.0898196921203754e-247,3.0898196921203754e-247,1.0895615268946278e+62,I_stable,I_stable,0.9403166064635249,0.95001053573586
0.5489795918367347,0.9408163265306122,4.038430333182728e-247,4.038430333182728e-247,1.8812904258568778e+62,I_stable,I_stable,0.9552754879136958,0.9625881885330734
0.5489795918367347,0.9604081632653061,6.10568350589249e-247,6.10568350589249e-247,4.192471564779791e+62,I_stable,I_stable,0.9701566883887878,0.975067995192316
0.5489795918367347,0.98,1.502350465036292e-246,1.502350465036292e-246,1.6210926242316377e+63,I_stable,I_stable,0.9849621839380145,0.9874526901400564
0.5685714285714285,0.02,1.0109715792001043e-42,3.3299588981817826e-11,3.46541701958969e+44,III_signgd,II_spike,0.053182958969449884,0.08672488792828036
0.5685714285714285,0.03959183673469388,3.331996465006548e-44,5.0300930213298296e-14,9.170248033781298e+48,III_signgd,II_spike,0.0887573316607622,0.13289343624648517
0.5685714285714285,0.05918367346938776,3.778025701201985e-48,1.487682900513042e-17,1.39112770333061e+51,III_signgd,I_stable,0.11999176412600944,0.17085441221071906
0.5685714285714285,0.07877551020408163,6.895045500332861e-44,1.0953298136150409e-19,2.9249453580758164e+45,III_signgd,I_stable,0.14869399108610135,0.20428878025677358
0.5685714285714285,0.09836734693877551,3.466479289812079e-49,4.4337123196540313e-17,3.6682389433676767e+50,III_signgd,II_spike,0.17564598165422904,0.23471013804909577
0.5685714285714285,0.11795918367346939,8.96685125332224e-21,2.143071650823608e-15,4738539177.811237,III_signgd,II_spike,0.20127916346199196,0.2629252823644016
0.5685714285714285,0.13755102040816325,8.573145579995337e-20,4.1953716390757337e-16,29498782.38069538,III_signgd,II_spike,0.2258644406312193,0.2894275613209483
0.5685714285714285,0.1571428571428571,3.779901993706259e-22,7.313667203832433e-17,405891032.72224164,III_signgd,II_spike,0.24958643848936826,0.3145459902001079
0.5685714285714285,0.176734693877551,1.811157869513544e-29,6.138132900874865e-22,5.230080867724917e+17,III_signgd,I_stable,0.27257835044093476,0.3385136086233395
0.5685714285714285,0.1963265306122449,1.0834632739471603e-28,2.5007773173731345e-18,1.6659667465657848e+19,III_signgd,I_stable,0.29494038580671944,0.3615029702725009
0.5685714285714285,0.21591836734693876,1.0887340569189754e-25,1.4426629653855689e-18,104855374387.95337,III_signgd,I_stable,0.31675041368227413,0.38364628074541884
0.5685714285714285,0.23551020408163262,5.836249348308909e-27,2.0899703155149314e-21,8055585372201.667,III_signgd,I_stable,0.33807051609020067,0.40504761611013695
0.5685714285714285,0.25510204081632654,3.120076392273133e-26,2.866483776223213e-20,7.83490301253728e+19,III_signgd,I_stable,0.35895123321356215,0.4257907359260144
0.5685714285714285,0.2746938775510204,2.1319693168536967e-46,3.7888474484784106e-24,2.3870746479354e+42,III_signgd,I_stable,0.3794344287204513,0.4459442950811514
0.5685714285714285,0.29428571428571426,4.145776093043828e-48,2.6275019609348904e-22,2.3472615256048235e+42,III_signgd,I_stable,0.39955529026532965,0.46556544382477766
0.5685714285714285,0.31387755102040815,4.938707420906033e-51,1.0837381452790964e-22,2.3785930612217234e+48,III_signgd,I_stable,0.41934376641984905,0.4847023882973251
0.5685714285714285,0.33346938775510204,9.59915043530417e-52,3.5260559880191015e-26,3.53427010008349e+49,III_signgd,I_stable,0.4388256240669263,0.5033962576661685
0.5685714285714285,0.35306122448979593,2.2746675161184218e-52,3.2766839048735436e-28,1.0070566520733195e+51,III_signgd,I_stable,0.45802324290480784,0.521682495210736
0.5685714285714285,0.3726530612244898,1.7072177401863784e-52,2.2812296221000304e-22,9.015435627041325e+50,III_signgd,I_stable,0.4769562233715155,0.5395919143211331
0.5685714285714285,0.39224489795918366,3.0249862272043124e-58,4.267014420962783e-25,9.056719952504703e+59,III_signgd,I_stable,0.49564185930152915,0.5571515134352752
0.5685714285714285,0.41183673469387755,9.674436411770991e-55,1.1083045391935173e-21,1.3215204781914115e+55,II_spike,I_stable,0.5140955106577026,0.5743851141903371
0.5685714285714285,0.43142857142857144,2.4695338310027958e-48,1.9466886184685707e-21,8.737686607432386e+44,II_spike,I_stable,0.5323309012057498,0.5913138676923984
0.5685714285714285,0.4510204081632653,1.9431633850755198e-62,2.3156345182113245e-23,1.3818978023263375e+48,II_spike,I_stable,0.5503603589627031,0.6079566608873909
0.5685714285714285,0.47061224489795916,8.313017637736153e-242,8.313017637736153e-242,2.493421895600309e+62,II_spike,I_stable,0.5681950124246583,0.6243304462120175
0.5685714285714285,0.49020408163265305,3.3402064185706063e-242,3.3402064185706063e-242,1.9055923001288156e+61,I_stable,I_stable,0.5858449522056745,0.6404505115873405
0.5685714285714285,0.509795918367347,7.114869076908872e-248,7.114869076908872e-248,1.5489103863999094e+61,I_stable,I_stable,0.6033193653210811,0.6563307034948636
0.5685714285714285,0.5293877551020408,7.122006827388146e-248,7.122006827388146e-248,1.2119339272830211e+61,I_stable,I_stable,0.6206266476163069,0.6719836127708723
0.5685714285714285,0.5489795918367347,7.1296489561373494e-248,7.1296489561373494e-248,1.1379623499732812e+61,I_stable,I_stable,0.6377744985737119,0.6874207304936282
0.5685714285714285,0.5685714285714285,7.138213790532344e-248,7.138213790532344e-248,9.888449772726679e+60,I_stable,I_stable,0.654770001788624,0.7026525796689959
0.5685714285714285,0.5881632653061224,7.1472744395076075e-248,7.1472744395076075e-248,9.560050650771992e+60,I_stable,I_stable,0.6716196936990277,0.7176888271731363
0.5685714285714285,0.6077551020408163,7.157432614670308e-248,7.157432614670308e-248,9.091139009501163e+60,I_stable,I_stable,0.6883296226168335,0.732538379468813
0.5685714285714285,0.6273469387755102,7.168535201016272e-248,7.168535201016272e-248,9.577072440478723e+60,I_stable,I_stable,0.7049053996971941,0.7472094648927027
0.5685714285714285,0.6469387755102041,7.180714794975394e-248,7.180714794975394e-248,9.591272794049355e+60,I_stable,I_stable,0.7213522431638066,0.7617097047568138
0.5685714285714285,0.666530612244898,7.194377683483305e-248,7.194377683483305e-248,9.694506890485097e+60,I_stable,I_stable,0.7376750168593522,0.776046175076077
0.5685714285714285,0.6861224489795918,7.20974281730557e-248,7.20974281730557e-248,1.0969855997180532e+61,I_stable,I_stable,0.753878263994344,0.7902254603961592
0.5685714285714285,0.7057142857142857,7.22730557926646e-248,7.22730557926646e-248,1.1023297579446776e+61,I_stable,I_stable,0.7699662368122037,0.8042537009284144
0.5685714285714285,0.7253061224489796,7.247385160413858e-248,7.247385160413858e-248,1.2777989392010658e+61,I_stable,I_stable,0.785942922764163,0.8181366339862136
0.5685714285714285,0.7448979591836734,7.270476307443074e-248,7.270476307443074e-248,1.325961875672556e+61,I_stable,I_stable,0.8018120676876266,0.8318796305464131
0.5685714285714285,0.7644897959183673,1.22727726722093e-247,1.22727726722093e-247,1.512743837555855e+61,I_stable,I_stable,0.8175771964006852,0.845487727622176
0.5685714285714285,0.7840816326530612,1.2326872582592582e-247,1.2326872582592582e-247,1.7152594785433428e+61,I_stable,I_stable,0.8332416310595315,0.8589656570217082
0.5685714285714285,0.8036734693877551,1.2392344448066199e-247,1.2392344448066199e-247,2.0244660824716822e+61,I_stable,I_stable,0.8488085075715106,0.8723178709763119
0.5685714285714285,0.823265306122449,1.2473078327389038e-247,1.2473078327389038e-247,2.4925547785796663e+61,I_stable,I_stable,0.8642807903120353,0.8855485650463302
0.5685714285714285,0.8428571428571429,1.7043814864014486e-247,1.7043814864014486e-247,3.0163087265475774e+61,I_stable,I_stable,0.8796612853567701,0.8986616986518081
0.5685714285714285,0.8624489795918368,1.7224193219352903e-247,1.7224193219352903e-247,3.796967069406428e+61,I_stable,I_stable,0.8949526524098372,0.9116610135234937
0.5685714285714285,0.8820408163265305,2.1675355243835067e-247,2.1675355243835067e-247,5.114343710104997e+61,I_stable,I_stable,0.910157415583198,0.9245500503271527
0.5685714285714285,0.9016326530612244,2.6140784352152406e-247,2.6140784352152406e-247,7.211549060717099e+61,I_stable,I_stable,0.9252779731608697,0.9373321636784746
0.5685714285714285,0.9212244897959183,3.089672025634569e-247,3.089672025634569e-247,1.1085730448900279e+62,I_stable,I_stable,0.9403166064635249,0.95001053573586
0.5685714285714285,0.9408163265306122,4.0382808298151645e-247,4.0382808298151645e-247,1.900714896054911e+62,I_stable,I_stable,0.9552754879136958,0.9625881885330734
0.5685714285714285,0.9604081632653061,6.105456946123185e-247,6.105456946123185e-247,4.213354515532033e+62,I_stable,I_stable,0.9701566883887878,0.975067995192316
0.5685714285714285,0.98,1.5022860303059821e-246,1.5022860303059821e-246,1.622736042135556e+63,I_stable,I_stable,0.9849621839380145,0.9874526901400564
0.5881632653061224,0.02,9.898611212820075e-37,9.88814289403623e-12,4.991570237213953e+36,III_signgd,II_spike,0.053182958969449884,0.08672488792828036
0.5881632653061224,0.03959183673469388,1.1793762777622586e-39,7.988737737959568e-11,2.377864747760054e+41,III_signgd,II_spike,0.0887573316607622,0.13289343624648517
0.5881632653061224,0.05918367346938776,5.744902199913004e-41,2.1000784863938675e-19,2.8068300006704025e+44,III_signgd,I_stable,0.11999176412600944,0.17085441221071906
0.5881632653061224,0.07877551020408163,1.1164443480829179e-41,7.951846575574104e-14,2.0416632007164393e+41,III_signgd,II_spike,0.14869399108610135,0.20428878025677358
0.5881632653061224,0.09836734693877551,4.705279188464389e-51,6.849276499074454e-15,1.0264090268895781e+53,III_signgd,II_spike,0.17564598165422904,0.23471013804909577
0.5881632653061224,0.11795918367346939,7.082093953677768e-24,1.1474228159906114e-15,91007131455334.88,III_signgd,II_spike,0.20127916346199196,0.2629252823644016
0.5881632653061224,0.13755102040816325,1.6845825895859623e-22,2.5937867431789654e-18,733490094621.1539,III_signgd,I_stable,0.2258644406312193,0.2894275613209483
0.5881632653061224,0.1571428571428571,1.5928349141022617e-23,3.4630706475675846e-20,21123641352.521538,III_signgd,I_stable,0.24958643848936826,0.3145459902001079
0.5881632653061224,0.176734693877551,1.3244984598874604e-24,5.577355957784166e-18,686316127918876.1,III_signgd,I_stable,0.27257835044093476,0.3385136086233395
0.5881632653061224,0.1963265306122449,6.526497112534281e-26,2.2560348342433978e-21,39810545703022.4,III_signgd,I_stable,0.29494038580671944,0.3615029702725009
0.5881632653061224,0.21591836734693876,1.8553900070955425e-23,8.39623918135387e-18,46292476262.86212,III_signgd,I_stable,0.31675041368227413,0.38364628074541884
0.5881632653061224,0.23551020408163262,2.5042909766463247e-24,9.299621161127825e-19,3034855454857.9214,III_signgd,I_stable,0.33807051609020067,0.40504761611013695
0.5881632653061224,0.25510204081632654,1.2238724467046356e-30,2.121173516448615e-20,2392893598126270.5,III_signgd,I_stable,0.35895123321356215,0.4257907359260144
0.5881632653061224,0.2746938775510204,2.923852012965796e-38,3.439381240013826e-19,7.482195173016921e+31,III_signgd,I_stable,0.3794344287204513,0.4459442950811514
0.5881632653061224,0.29428571428571426,8.799154911491127e-47,9.022045896076258e-22,3.507861278943455e+42,III_signgd,I_stable,0.39955529026532965,0.46556544382477766
0.5881632653061224,0.31387755102040815,9.85007471509053e-46,2.724775271727165e-20,1.2765640950524663e+41,III_signgd,I_stable,0.41934376641984905,0.4847023882973251
0.5881632653061224,0.33346938775510204,4.710290538252963e-56,6.668276390295618e-25,9.345118715254998e+56,III_signgd,I_stable,0.4388256240669263,0.5033962576661685
0.5881632653061224,0.35306122448979593,3.115551470312998e-51,9.369271643189132e-22,7.231828635272785e+48,III_signgd,I_stable,0.45802324290480784,0.521682495210736
0.5881632653061224,0.3726530612244898,2.709750542991569e-37,9.662529470116393e-21,1.2775189032787563e+25,III_signgd,I_stable,0.4769562233715155,0.5395919143211331
0.5881632653061224,0.39224489795918366,1.6917287844434706e-56,3.1105021655345307e-25,7.181448813402227e+56,III_signgd,I_stable,0.49564185930152915,0.5571515134352752
0.5881632653061224,0.41183673469387755,1.0151866744179784e-55,1.0724770824598852e-22,8.526102188888916e+55,III_signgd,I_stable,0.5140955106577026,0.5743851141903371
0.5881632653061224,0.43142857142857144,1.3443107694556728e-50,4.341514694809116e-27,4.377859737515573e+44,II_spike,I_stable,0.5323309012057498,0.5913138676923984
0.5881632653061224,0.4510204081632653,3.2463602694054513e-53,6.234423275135331e-25,3.833182952613227e+50,II_spike,I_stable,0.5503603589627031,0.6079566608873909
0.5881632653061224,0.47061224489795916,7.647367086740019e-62,7.990719367675042e-23,1.6211208261313194e+48,II_spike,I_stable,0.5681950124246583,0.6243304462120175
0.5881632653061224,0.49020408163265305,9.915637351888296e-246,2.1085495630198978e-243,2.9991217141199336e+72,II_spike,I_stable,0.5858449522056745,0.6404505115873405
0.5881632653061224,0.509795918367347,7.1136999029108725e-248,7.1136999029108725e-248,2.0578545279718746e+61,I_stable,I_stable,0.6033193653210811,0.6563307034948636
0.5881632653061224,0.5293877551020408,7.120965377430794e-248,7.120965377430794e-248,1.7104566149734728e+61,I_stable,I_stable,0.6206266476163069,0.6719836127708723
0.5881632653061224,0.5489795918367347,7.129105738836305e-248,7.129105738836305e-248,1.487767522689202e+61,I_stable,I_stable,0.6377744985737119,0.6874207304936282
0.5881632653061224,0.5685714285714285,7.137740666039634e-248,7.137740666039634e-248,1.2203764000009696e+61,I_stable,I_stable,0.654770001788624,0.7026525796689959
0.5881632653061224,0.5881632653061224,7.146733345069183e-248,7.146733345069183e-248,1.1283894240276189e+61,I_stable,I_stable,0.6716196936990277,0.7176888271731363
0.5881632653061224,0.6077551020408163,7.156731729738413e-248,7.156731729738413e-248,1.1724457111709298e+61,I_stable,I_stable,0.6883296226168335,0.732538379468813
0.5881632653061224,0.6273469387755102,7.168078914919763e-248,7.168078914919763e-248,1.0595897726023704e+61,I_stable,I_stable,0.7049053996971941,0.7472094648927027
0.5881632653061224,0.6469387755102041,7.180235690740969e-248,7.180235690740969e-248,1.1557487435700481e+61,I_stable,I_stable,0.7213522431638066,0.7617097047568138
0.5881632653061224,0.666530612244898,7.19392786377308e-248,7.19392786377308e-248,1.1364167126050489e+61,I_stable,I_stable,0.7376750168593522,0.776046175076077
0.5881632653061224,0.6861224489795918,7.209295435899312e-248,7.209295435899312e-248,1.1430615985377246e+61,I_stable,I_stable,0.753878263994344,0.7902254603961592
0.5881632653061224,0.7057142857142857,7.226864023972261e-248,7.226864023972261e-248,1.2361149255256005e+61,I_stable,I_stable,0.7699662368122037,0.8042537009284144
0.5881632653061224,0.7253061224489796,7.246953613359884e-248,7.246953613359884e-248,1.2983157045750934e+61,I_stable,I_stable,0.785942922764163,0.8181366339862136
0.5881632653061224,0.7448979591836734,7.270043252736822e-248,7.270043252736822e-248,1.436090589124526e+61,I_stable,I_stable,0.8018120676876266,0.8318796305464131
0.5881632653061224,0.7644897959183673,1.2272061655129005e-247,1.2272061655129005e-247,1.6155450844938894e+61,I_stable,I_stable,0.8175771964006852,0.845487727622176
0.5881632653061224,0.7840816326530612,1.2326313163386404e-247,1.2326313163386404e-247,1.8080621813355506e+61,I_stable,I_stable,0.8332416310595315,0.8589656570217082
0.5881632653061224,0.8036734693877551,1.2391790480349816e-247,1.2391790480349816e-247,2.1104025572056196e+61,I_stable,I_stable,0.8488085075715106,0.8723178709763119
0.5881632653061224,0.823265306122449,1.247252948323469e-247,1.247252948323469e-247,2.573216076635227e+61,I_stable,I_stable,0.8642807903120353,0.8855485650463302
0.5881632653061224,0.8428571428571429,1.7042912793407146e-247,1.7042912793407146e-247,3.0871748532053124e+61,I_stable,I_stable,0.8796612853567701,0.8986616986518081
0.5881632653061224,0.8624489795918368,1.7223263701203243e-247,1.7223263701203243e-247,4.002892934314951e+61,I_stable,I_stable,0.8949526524098372,0.9116610135234937
0.5881632653061224,0.8820408163265305,2.1674479853121704e-247,2.1674479853121704e-247,5.162852582065567e+61,I_stable,I_stable,0.910157415583198,0.9245500503271527
0.5881632653061224,0.9016326530612244,2.6139456727494703e-247,2.6139456727494703e-247,7.242096907208544e+61,I_stable,I_stable,0.9252779731608697,0.9373321636784746
0.5881632653061224,0.9212244897959183,3.089549413807108e-247,3.089549413807108e-247,1.1090019735526392e+62,I_stable,I_stable,0.9403166064635249,0.95001053573586
0.5881632653061224,0.9408163265306122,4.0381222287971174e-247,4.0381222287971174e-247,1.9246503975419205e+62,I_stable,I_stable,0.9552754879136958,0.9625881885330734
0.5881632653061224,0.9604081632653061,6.105211076644606e-247,6.105211076644606e-247,4.23775606801418e+62,I_stable,I_stable,0.9701566883887878,0.975067995192316
0.5881632653061224,0.98,1.502241649657047e-246,1.502241649657047e-246,1.6244783164472992e+63,I_stable,I_stable,0.9849621839380145,0.9874526901400564
0.6077551020408163,0.02,2.911499791620023e-32,2.30809681306588e-09,7.704433767903689e+29,III_signgd,II_spike,0.053182958969449884,0.08672488792828036
0.6077551020408163,0.03959183673469388,1.1765304079615715e-40,2.5418551233023175e-11,6.943124298269116e+43,III_signgd,II_spike,0.0887573316607622,0.13289343624648517
0.6077551020408163,0.05918367346938776,2.2882973453966936e-38,3.063144318679616e-13,1.5698874758726584e+37,III_signgd,II_spike,0.11999176412600944,0.17085441221071906
0.6077551020408163,0.07877551020408163,1.263826092387356e-40,1.847207415192902e-12,2.430993164056157e+41,III_signgd,II_spike,0.14869399108610135,0.20428878025677358
0.6077551020408163,0.09836734693877551,7.627052330576112e-41,9.461841282580512e-15,3.599329651900904e+41,III_signgd,II_spike,0.17564598165422904,0.23471013804909577
0.6077551020408163,0.11795918367346939,1.8396181636063973e-44,5.124101180342868e-15,1.1220952473849773e+45,III_signgd,II_spike,0.20127916346199196,0.2629252823644016
0.6077551020408163,0.13755102040816325,1.5549888066196768e-50,3.681676634991421e-19,7.876533868629123e+52,III_signgd,I_stable,0.2258644406312193,0.2894275613209483
0.6077551020408163,0.1571428571428571,3.2542325339403026e-24,2.241017756964775e-15,8571786355053.956,III_signgd,II_spike,0.24958643848936826,0.3145459902001079
0.6077551020408163,0.176734693877551,7.324603774090724e-27,3.213306189116952e-17,8.765871504718528e+17,III_signgd,II_spike,0.27257835044093476,0.3385136086233395
0.6077551020408163,0.1963265306122449,3.5228705784809167e-25,7.93187439927756e-21,1.2524060230049128e+19,III_signgd,I_stable,0.29494038580671944,0.3615029702725009
0.6077551020408163,0.21591836734693876,1.9157368578615274e-27,5.521837281008751e-20,7.667586979817786e+20,III_signgd,I_stable,0.31675041368227413,0.38364628074541884
0.6077551020408163,0.23551020408163262,1.1589314087482496e-30,3.8617114964509392e-19,2.69739430871827e+20,III_signgd,I_stable,0.33807051609020067,0.40504761611013695
0.6077551020408163,0.25510204081632654,1.2310608576284332e-27,5.653239332112888e-20,293565344148071.44,III_signgd,I_stable,0.35895123321356215,0.4257907359260144
0.6077551020408163,0.2746938775510204,4.925551148088114e-31,6.3862441552854435e-24,1.9290098239444388e+16,III_signgd,I_stable,0.3794344287204513,0.4459442950811514
0.6077551020408163,0.29428571428571426,9.084378943697423e-28,5.999560369527237e-22,66574895357960.38,III_signgd,I_stable,0.39955529026532965,0.46556544382477766
0.6077551020408163,0.31387755102040815,1.2388991818656916e-34,1.718192280793499e-22,3.553374035423607e+22,III_signgd,I_stable,0.41934376641984905,0.4847023882973251
0.6077551020408163,0.33346938775510204,2.85392292241494e-50,1.799518034904255e-24,3.723124084428249e+48,III_signgd,I_stable,0.4388256240669263,0.5033962576661685
0.6077551020408163,0.35306122448979593,7.488080180306512e-50,2.772026014676725e-20,1.7219615787321385e+46,III_signgd,I_stable,0.45802324290480784,0.521682495210736
0.6077551020408163,0.3726530612244898,4.6389348893378905e-57,5.014232974332044e-25,5.321708362677364e+59,III_signgd,I_stable,0.4769562233715155,0.5395919143211331
0.6077551020408163,0.39224489795918366,6.565995764850694e-53,9.973531764177346e-24,5.148703791957355e+52,III_signgd,I_stable,0.49564185930152915,0.5571515134352752
0.6077551020408163,0.41183673469387755,5.281351066521022e-50,4.705289276427649e-23,1.4873875555348866e+44,III_signgd,I_stable,0.5140955106577026,0.5743851141903371
0.6077551020408163,0.43142857142857144,2.5702103729394657e-52,8.694482842160075e-22,7.874699201406072e+48,III_signgd,I_stable,0.5323309012057498,0.5913138676923984
0.6077551020408163,0.4510204081632653,3.880977374502551e-52,1.3802970503465688e-23,8.704579875160577e+44,II_spike,I_stable,0.5503603589627031,0.6079566608873909
0.6077551020408163,0.47061224489795916,7.23193501939517e-62,3.597037132869196e-23,1.0067327784465354e+63,II_spike,I_stable,0.5681950124246583,0.6243304462120175
0.6077551020408163,0.49020408163265305,7.091490343648537e-55,5.708844110268839e-31,5.966364463122663e+51,II_spike,I_stable,0.5858449522056745,0.6404505115873405
0.6077551020408163,0.509795918367347,0.0,1.371111961650923e-23,1.643472359425052e+88,II_spike,I_stable,0.6033193653210811,0.6563307034948636
0.6077551020408163,0.5293877551020408,7.1202782862480275e-248,7.1202782862480275e-248,2.8791265955207157e+61,I_stable,I_stable,0.6206266476163069,0.6719836127708723
0.6077551020408163,0.5489795918367347,7.128152200573779e-248,7.128152200573779e-248,1.9116663374089885e+61,I_stable,I_stable,0.6377744985737119,0.6874207304936282
0.6077551020408163,0.5685714285714285,7.13684959478356e-248,7.13684959478356e-248,1.6740759007362086e+61,I_stable,I_stable,0.654770001788624,0.7026525796689959
0.6077551020408163,0.5881632653061224,7.145953099203275e-248,7.145953099203275e-248,1.4523099355632256e+61,I_stable,I_stable,0.6716196936990277,0.7176888271731363
0.6077551020408163,0.6077551020408163,7.156215960123004e-248,7.156215960123004e-248,1.4359410429955643e+61,I_stable,I_stable,0.6883296226168335,0.732538379468813
0.6077551020408163,0.6273469387755102,7.167383643239744e-248,7.167383643239744e-248,1.246948801056281e+61,I_stable,I_stable,0.7049053996971941,0.7472094648927027
0.6077551020408163,0.6469387755102041,7.179561801199275e-248,7.179561801199275e-248,1.3167293465768622e+61,I_stable,I_stable,0.7213522431638066,0.7617097047568138
0.6077551020408163,0.666530612244898,7.193453714441914e-248,7.193453714441914e-248,1.2605399018527507e+61,I_stable,I_stable,0.7376750168593522,0.776046175076077
0.6077551020408163,0.6861224489795918,7.208839121048084e-248,7.208839121048084e-248,1.3618355451775143e+61,I_stable,I_stable,0.753878263994344,0.7902254603961592
0.6077551020408163,0.7057142857142857,7.226412309688301e-248,7.226412309688301e-248,1.3151610094566173e+61,I_stable,I_stable,0.7699662368122037,0.8042537009284144
0.6077551020408163,0.7253061224489796,7.246505182404352e-248,7.246505182404352e-248,1.4731141677902002e+61,I_stable,I_stable,0.785942922764163,0.8181366339862136
0.6077551020408163,0.7448979591836734,7.269592205029156e-248,7.269592205029156e-248,1.5973334972692738e+61,I_stable,I_stable,0.8018120676876266,0.8318796305464131
0.6077551020408163,0.7644897959183673,1.2271315375383859e-247,1.2271315375383859e-247,1.7643675040504836e+61,I_stable,I_stable,0.8175771964006852,0.845487727622176
0.6077551020408163,0.7840816326530612,1.2325417060330859e-247,1.2325417060330859e-247,1.9438903442067483e+61,I_stable,I_stable,0.8332416310595315,0.8589656570217082
0.6077551020408163,0.8036734693877551,1.239089941731521e-247,1.239089941731521e-247,2.237614294291027e+61,I_stable,I_stable,0.8488085075715106,0.8723178709763119
0.6077551020408163,0.823265306122449,1.2471799420308802e-247,1.2471799420308802e-247,2.694879013916649e+61,I_stable,I_stable,0.8642807903120353,0.8855485650463302
0.6077551020408163,0.8428571428571429,1.704210470164492e-247,1.704210470164492e-247,3.1977339285563986e+61,I_stable,I_stable,0.8796612853567701,0.8986616986518081
0.6077551020408163,0.8624489795918368,1.722230889895703e-247,1.722230889895703e-247,4.107765482996115e+61,I_stable,I_stable,0.8949526524098372,0.9116610135234937
0.6077551020408163,0.8820408163265305,2.167325589925625e-247,2.167325589925625e-247,5.251428053289803e+61,I_stable,I_stable,0.910157415583198,0.9245500503271527
0.6077551020408163,0.9016326530612244,2.613828149656599e-247,2.613828149656599e-247,7.511541543121697e+61,I_stable,I_stable,0.9252779731608697,0.9373321636784746
0.6077551020408163,0.9212244897959183,3.08941338856801e-247,3.08941338856801e-247,1.1370119581615794e+62,I_stable,I_stable,0.9403166064635249,0.95001053573586
0.6077551020408163,0.9408163265306122,4.037952653310164e-247,4.037952653310164e-247,1.9552542842378445e+62,I_stable,I_stable,0.9552754879136958,0.9625881885330734
0.6077551020408163,0.9604081632653061,6.104952481332871e-247,6.104952481332871e-247,4.272191406534572e+62,I_stable,I_stable,0.9701566883887878,0.975067995192316
0.6077551020408163,0.98,1.5021706488620428e-246,1.5021706488620428e-246,1.6276081727613242e+63,I_stable,I_stable,0.9849621839380145,0.9874526901400564
0.6273469387755102,0.02,5.87838586700666e-37,7.824351530133613e-11,1.4595646121876127e+36,III_signgd,II_spike,0.053182958969449884,0.08672488792828036
0.6273469387755102,0.03959183673469388,7.874039577851811e-39,1.1963276411690238e-10,1.8621532228741405e+41,III_signgd,II_spike,0.0887573316607622,0.13289343624648517
0.6273469387755102,0.05918367346938776,6.092082224776895e-42,1.2369147252619152e-11,1.0438702777041865e+46,III_signgd,II_spike,0.11999176412600944,0.17085441221071906
0.6273469387755102,0.07877551020408163,1.774553742727168e-38,6.335730481833203e-13,5.22930816141541e+37,III_signgd,II_spike,0.14869399108610135,0.20428878025677358
0.6273469387755102,0.09836734693877551,1.3768066022060716e-40,4.572981282804213e-15,4.0644927936022753e+40,III_signgd,II_spike,0.17564598165422904,0.23471013804909577
0.6273469387755102,0.11795918367346939,1.800690910742909e-47,1.3339632626289733e-15,1.0437361572918617e+50,III_signgd,II_spike,0.20127916346199196,0.2629252823644016
0.6273469387755102,0.13755102040816325,1.5724689176133526e-19,1.0599365247536558e-13,3326269435.111969,III_signgd,II_spike,0.2258644406312193,0.2894275613209483
0.6273469387755102,0.1571428571428571,3.3346612412086084e-21,8.845920317216103e-15,7367992985012.312,III_signgd,II_spike,0.24958643848936826,0.3145459902001079
0.6273469387755102,0.176734693877551,3.32618784257128e-47,2.457061365680886e-21,5.405570812717087e+46,III_signgd,I_stable,0.27257835044093476,0.3385136086233395
0.6273469387755102,0.1963265306122449,1.7158630904764104e-23,1.5740815169592173e-17,85189701555.95056,III_signgd,II_spike,0.29494038580671944,0.3615029702725009
0.6273469387755102,0.21591836734693876,2.0421509113031296e-41,1.4012197308736926e-20,1.2944703352133553e+35,III_signgd,I_stable,0.31675041368227413,0.38364628074541884
0.6273469387755102,0.23551020408163262,2.95539155774664e-34,3.339262885735196e-20,1.217059436535424e+23,III_signgd,I_stable,0.33807051609020067,0.40504761611013695
0.6273469387755102,0.25510204081632654,2.125367529878042e-34,1.1488164002655622e-21,7.218448485261535e+23,III_signgd,I_stable,0.35895123321356215,0.4257907359260144
0.6273469387755102,0.2746938775510204,3.503060491313061e-59,2.9056103778572677e-21,5.252322495736435e+63,III_signgd,I_stable,0.3794344287204513,0.4459442950811514
0.6273469387755102,0.29428571428571426,2.3776522670483382e-30,5.413327994338507e-21,1.2932274263592224e+16,III_signgd,I_stable,0.39955529026532965,0.46556544382477766
0.6273469387755102,0.31387755102040815,2.9219877523174428e-46,2.2665016834564137e-23,3.751245518652516e+41,III_signgd,I_stable,0.41934376641984905,0.4847023882973251
0.6273469387755102,0.33346938775510204,1.0348739861291887e-31,4.424248241224688e-26,1.2682002835355598e+27,III_signgd,I_stable,0.4388256240669263,0.5033962576661685
0.6273469387755102,0.35306122448979593,1.8778834968457563e-50,4.283832906981121e-23,4.881880852292332e+48,III_signgd,I_stable,0.45802324290480784,0.521682495210736
0.6273469387755102,0.3726530612244898,1.9829188796226483e-50,1.2002071280978296e-22,1.9120749871678655e+48,III_signgd,I_stable,0.4769562233715155,0.5395919143211331
0.6273469387755102,0.39224489795918366,2.0656465921859354e-55,1.1623147902079233e-22,1.9728691324593762e+55,III_signgd,I_stable,0.49564185930152915,0.5571515134352752
0.6273469387755102,0.41183673469387755,3.6961469571312997e-53,1.7962144695314067e-21,3.113219760939325e+51,III_signgd,I_stable,0.5140955106577026,0.5743851141903371
0.6273469387755102,0.43142857142857144,2.235734516399617e-53,1.4633076822063987e-20,2.451657740029986e+52,III_signgd,I_stable,0.5323309012057498,0.5913138676923984
0.6273469387755102,0.4510204081632653,7.383964705294433e-53,3.511181889265492e-21,8.218069717069361e+49,III_signgd,I_stable,0.5503603589627031,0.6079566608873909
0.6273469387755102,0.47061224489795916,1.373366671938017e-53,9.610214963101121e-28,1.7255806452520253e+53,III_signgd,I_stable,0.5681950124246583,0.6243304462120175
0.6273469387755102,0.49020408163265305,1.091381083205534e-61,8.049996991641845e-22,6.256204872151341e+66,II_spike,I_stable,0.5858449522056745,0.6404505115873405
0.6273469387755102,0.509795918367347,6.63033734862889e-52,3.00930747413157e-26,1.7090784953087886e+45,II_spike,I_stable,0.6033193653210811,0.6563307034948636
0.6273469387755102,0.5293877551020408,1.142233699809444e-141,6.956601891692145e-41,9.191424537362703e+102,II_spike,I_stable,0.6206266476163069,0.6719836127708723
0.6273469387755102,0.5489795918367347,7.126680612602497e-248,7.126680612602497e-248,3.463117803165146e+61,I_stable,I_stable,0.6377744985737119,0.6874207304936282
0.6273469387755102,0.5685714285714285,7.1358697915947554e-248,7.1358697915947554e-248,2.3032947362805383e+61,I_stable,I_stable,0.654770001788624,0.7026525796689959
0.6273469387755102,0.5881632653061224,7.145035369280312e-248,7.145035369280312e-248,2.094479548060967e+61,I_stable,I_stable,0.6716196936990277,0.7176888271731363
0.6273469387755102,0.6077551020408163,7.155395937744805e-248,7.155395937744805e-248,1.70425347412798e+61,I_stable,I_stable,0.6883296226168335,0.732538379468813
0.6273469387755102,0.6273469387755102,7.16662127498962e-248,7.16662127498962e-248,1.5860326848845705e+61,I_stable,I_stable,0.7049053996971941,0.7472094648927027
0.6273469387755102,0.6469387755102041,7.179090666554228e-248,7.179090666554228e-248,1.4365943515438447e+61,I_stable,I_stable,0.7213522431638066,0.7617097047568138
0.6273469387755102,0.666530612244898,7.19276212017449e-248,7.19276212017449e-248,1.4786806478857467e+61,I_stable,I_stable,0.7376750168593522,0.776046175076077
0.6273469387755102,0.6861224489795918,7.208157618638856e-248,7.208157618638856e-248,1.4108212637501985e+61,I_stable,I_stable,0.753878263994344,0.7902254603961592
0.6273469387755102,0.7057142857142857,7.225764142362459e-248,7.225764142362459e-248,1.4590985409257038e+61,I_stable,I_stable,0.7699662368122037,0.8042537009284144
0.6273469387755102,0.7253061224489796,7.245881205387188e-248,7.245881205387188e-248,1.5996600832786334e+61,I_stable,I_stable,0.785942922764163,0.8181366339862136
0.6273469387755102,0.7448979591836734,7.268976509800075e-248,7.268976509800075e-248,1.7025054929087438e+61,I_stable,I_stable,0.8018120676876266,0.8318796305464131
0.6273469387755102,0.7644897959183673,1.2270345448807063e-247,1.2270345448807063e-247,1.8512289067900287e+61,I_stable,I_stable,0.8175771964006852,0.845487727622176
0.6273469387755102,0.7840816326530612,1.2324590533456035e-247,1.2324590533456035e-247,2.012879435417527e+61,I_stable,I_stable,0.8332416310595315,0.8589656570217082
0.6273469387755102,0.8036734693877551,1.239011693421394e-247,1.239011693421394e-247,2.4191141180762108e+61,I_stable,I_stable,0.8488085075715106,0.8723178709763119
0.6273469387755102,0.823265306122449,1.247102258729168e-247,1.247102258729168e-247,2.731579125335085e+61,I_stable,I_stable,0.8642807903120353,0.8855485650463302
0.6273469387755102,0.8428571428571429,1.7040873477294143e-247,1.7040873477294143e-247,3.3574910306346557e+61,I_stable,I_stable,0.8796612853567701,0.8986616986518081
0.6273469387755102,0.8624489795918368,1.722126122447073e-247,1.722126122447073e-247,4.1054777805598396e+61,I_stable,I_stable,0.8949526524098372,0.9116610135234937
0.6273469387755102,0.8820408163265305,2.1671962339163318e-247,2.1671962339163318e-247,5.391064120944094e+61,I_stable,I_stable,0.910157415583198,0.9245500503271527
0.6273469387755102,0.9016326530612244,2.613678975861206e-247,2.613678975861206e-247,7.639890549827918e+61,I_stable,I_stable,0.9252779731608697,0.9373321636784746
0.6273469387755102,0.9212244897959183,3.0892373940965023e-247,3.0892373940965023e-247,1.147902731701291e+62,I_stable,I_stable,0.9403166064635249,0.95001053573586
0.6273469387755102,0.9408163265306122,4.037770318777904e-247,4.037770318777904e-247,1.9621648287803088e+62,I_stable,I_stable,0.9552754879136958,0.9625881885330734
0.6273469387755102,0.9604081632653061,6.104674097814346e-247,6.104674097814346e-247,4.268960208352115e+62,I_stable,I_stable,0.9701566883887878,0.975067995192316
0.6273469387755102,0.98,1.5020954985248972e-246,1.5020954985248972e-246,1.6409211210450827e+63,I_stable,I_stable,0.9849621839380145,0.9874526901400564
0.6469387755102041,0.02,1.2759546993297488e-39,3.7604299053531095e-11,3.741509289789476e+41,III_signgd,II_spike,0.053182958969449884,0.08672488792828036
0.6469387755102041,0.03959183673469388,1.3193504713011504e-35,4.0473266067976014e-13,2.760343907279724e+31,III_signgd,II_spike,0.0887573316607622,0.13289343624648517
0.6469387755102041,0.05918367346938776,1.322954987082677e-38,1.6846320580957867e-11,4.0667510249101075e+41,III_signgd,II_spike,0.11999176412600944,0.17085441221071906
0.6469387755102041,0.07877551020408163,1.537159169701939e-38,2.4010448567626275e-10,5.11740354262055e+37,III_signgd,II_spike,0.14869399108610135,0.20428878025677358
0.6469387755102041,0.09836734693877551,3.266193202385291e-48,7.996728706771466e-13,3.159086706447741e+51,III_signgd,II_spike,0.17564598165422904,0.23471013804909577
0.6469387755102041,0.11795918367346939,3.989817262806653e-40,7.680202509030227e-16,1.864177253788241e+37,III_signgd,II_spike,0.20127916346199196,0.2629252823644016
0.6469387755102041,0.13755102040816325,8.050711543912574e-43,3.673037773672489e-16,1.289194713791631e+41,III_signgd,II_spike,0.2258644406312193,0.2894275613209483
0.6469387755102041,0.1571428571428571,3.7191073595446435e-47,4.7577693951671443e-17,2.705444000780227e+49,III_signgd,II_spike,0.24958643848936826,0.3145459902001079
0.6469387755102041,0.176734693877551,1.1605041002231706e-52,1.5451290796512128e-16,4.8709598497275244e+56,III_signgd,II_spike,0.27257835044093476,0.3385136086233395
0.6469387755102041,0.1963265306122449,3.6160938066942756e-23,2.3508418976354693e-15,791246480873.1105,III_signgd,II_spike,0.29494038580671944,0.3615029702725009
0.6469387755102041,0.21591836734693876,7.639590092400936e-43,2.078524255728204e-22,2.4511759823704004e+37,III_signgd,I_stable,0.31675041368227413,0.38364628074541884
0.6469387755102041,0.23551020408163262,6.529750786115393e-26,1.1222866722864855e-17,16166865802012.092,III_signgd,I_stable,0.33807051609020067,0.40504761611013695
0.6469387755102041,0.25510204081632654,3.5860482146282756e-31,1.1958203094357559e-17,1.757229118678274e+20,III_signgd,I_stable,0.35895123321356215,0.4257907359260144
0.6469387755102041,0.2746938775510204,3.0595348481031196e-31,7.0899742762699e-18,9.543532946840378e+21,III_signgd,I_stable,0.3794344287204513,0.4459442950811514
0.6469387755102041,0.29428571428571426,1.7437598053316936e-28,1.919107430645652e-19,17548860461187.05,III_signgd,I_stable,0.39955529026532965,0.46556544382477766
0.6469387755102041,0.31387755102040815,1.1159382292638133e-28,2.920680892887404e-21,4.519215929817746e+19,III_signgd,I_stable,0.41934376641984905,0.4847023882973251
0.6469387755102041,0.33346938775510204,1.7452853605151958e-49,1.418620402304079e-20,1.1240626200572342e+47,III_signgd,I_stable,0.4388256240669263,0.5033962576661685
0.6469387755102041,0.35306122448979593,5.209426794766915e-47,2.1200562346579378e-20,4.917509675249641e+42,III_signgd,I_stable,0.45802324290480784,0.521682495210736
0.6469387755102041,0.3726530612244898,5.868067878383257e-55,3.208821793327662e-22,2.6186202872717157e+51,III_signgd,I_stable,0.4769562233715155,0.5395919143211331
0.6469387755102041,0.39224489795918366,1.6232421597992455e-53,1.0674388385798974e-22,6.395553810946507e+53,III_signgd,I_stable,0.49564185930152915,0.5571515134352752
0.6469387755102041,0.41183673469387755,6.6385799530258865e-52,1.645777106176269e-27,9.573970349303841e+50,III_signgd,I_stable,0.5140955106577026,0.5743851141903371
0.6469387755102041,0.43142857142857144,1.585752392305477e-50,3.6805468301696634e-22,1.524904375253403e+46,III_signgd,I_stable,0.5323309012057498,0.5913138676923984
0.6469387755102041,0.4510204081632653,2.7544213522157386e-57,2.482572709413913e-21,4.284850134126528e+58,III_signgd,I_stable,0.5503603589627031,0.6079566608873909
0.6469387755102041,0.47061224489795916,5.870515275626125e-51,3.68137806421295e-21,1.2484835479442825e+47,III_signgd,I_stable,0.5681950124246583,0.6243304462120175
0.6469387755102041,0.49020408163265305,1.7024005342207878e-50,1.067908060789866e-27,2.1687154545753206e+43,III_signgd,I_stable,0.5858449522056745,0.6404505115873405
0.6469387755102041,0.509795918367347,1.018882681289069e-52,4.10557753921966e-22,3.892121451909151e+51,II_spike,I_stable,0.6033193653210811,0.6563307034948636
0.6469387755102041,0.5293877551020408,2.7480975169045003e-51,6.927198235730632e-26,5.0610447535235825e+48,II_spike,I_stable,0.6206266476163069,0.6719836127708723
0.6469387755102041,0.5489795918367347,5.872502380891128e-110,2.5812016126086165e-33,2.024880674665626e+52,II_spike,I_stable,0.6377744985737119,0.6874207304936282
0.6469387755102041,0.5685714285714285,7.133994119640376e-248,7.133994119640376e-248,3.933186209262003e+61,I_stable,I_stable,0.654770001788624,0.7026525796689959
0.6469387755102041,0.5881632653061224,7.143917613535509e-248,7.143917613535509e-248,3.1004414414523783e+61,I_stable,I_stable,0.6716196936990277,0.7176888271731363
0.6469387755102041,0.6077551020408163,7.154090917399643e-248,7.154090917399643e-248,2.2883308723937214e+61,I_stable,I_stable,0.6883296226168335,0.732538379468813
0.6469387755102041,0.6273469387755102,7.165832905898017e-248,7.165832905898017e-248,1.983945409886633e+61,I_stable,I_stable,0.7049053996971941,0.7472094648927027
0.6469387755102041,0.6469387755102041,7.178039918456401e-248,7.178039918456401e-248,1.8994421708321467e+61,I_stable,I_stable,0.7213522431638066,0.7617097047568138
0.6469387755102041,0.666530612244898,7.192049257018736e-248,7.192049257018736e-248,1.6809809963660163e+61,I_stable,I_stable,0.7376750168593522,0.776046175076077
0.6469387755102041,0.6861224489795918,7.207450638058673e-248,7.207450638058673e-248,1.7043732124514582e+61,I_stable,I_stable,0.753878263994344,0.7902254603961592
0.6469387755102041,0.7057142857142857,7.225082388996691e-248,7.225082388996691e-248,1.703033763563172e+61,I_stable,I_stable,0.7699662368122037,0.8042537009284144
0.6469387755102041,0.7253061224489796,7.245222250616122e-248,7.245222250616122e-248,1.8144768967822188e+61,I_stable,I_stable,0.785942922764163,0.8181366339862136
0.6469387755102041,0.7448979591836734,7.268475519721325e-248,7.268475519721325e-248,1.8840976480328394e+61,I_stable,I_stable,0.8018120676876266,0.8318796305464131
0.6469387755102041,0.7644897959183673,1.2269466412727766e-247,1.2269466412727766e-247,2.006151848795602e+61,I_stable,I_stable,0.8175771964006852,0.845487727622176
0.6469387755102041,0.7840816326530612,1.2323581636683274e-247,1.2323581636683274e-247,2.2757683193451798e+61,I_stable,I_stable,0.8332416310595315,0.8589656570217082
0.6469387755102041,0.8036734693877551,1.2389254454526343e-247,1.2389254454526343e-247,2.5336125746002132e+61,I_stable,I_stable,0.8488085075715106,0.8723178709763119
0.6469387755102041,0.823265306122449,1.247001517153808e-247,1.247001517153808e-247,2.965531318386939e+61,I_stable,I_stable,0.8642807903120353,0.8855485650463302
0.6469387755102041,0.8428571428571429,1.7039757122648645e-247,1.7039757122648645e-247,3.4324251561641984e+61,I_stable,I_stable,0.8796612853567701,0.8986616986518081
0.6469387755102041,0.8624489795918368,1.7220113284225528e-247,1.7220113284225528e-247,4.3157637542323185e+61,I_stable,I_stable,0.8949526524098372,0.9116610135234937
0.6469387755102041,0.8820408163265305,2.1670574456113385e-247,2.1670574456113385e-247,5.591935523893849e+61,I_stable,I_stable,0.910157415583198,0.9245500503271527
0.6469387755102041,0.9016326530612244,2.6135149720166756e-247,2.6135149720166756e-247,7.835220609659725e+61,I_stable,I_stable,0.9252779731608697,0.9373321636784746
0.6469387755102041,0.9212244897959183,3.0890789209107795e-247,3.0890789209107795e-247,1.1662338524464004e+62,I_stable,I_stable,0.9403166064635249,0.95001053573586
0.6469387755102041,0.9408163265306122,4.037520344432482e-247,4.037520344432482e-247,2.0076501237743935e+62,I_stable,I_stable,0.9552754879136958,0.9625881885330734
0.6469387755102041,0.9604081632653061,6.104373809918344e-247,6.104373809918344e-247,4.3219989654482435e+62,I_stable,I_stable,0.9701566883887878,0.975067995192316
0.6469387755102041,0.98,1.5020322344602894e-246,1.5020322344602894e-246,1.646511848421753e+63,I_stable,I_stable,0.9849621839380145,0.9874526901400564
0.666530612244898,0.02,3.3533157984217085e-33,2.555034864627664e-08,6.4048398162159056e+32,III_signgd,II_spike,0.053182958969449884,0.08672488792828036
0.666530612244898,0.03959183673469388,1.5408836730216363e-38,2.5468184336931206e-11,1.0965932874759828e+40,III_signgd,II_spike,0.0887573316607622,0.13289343624648517
0.666530612244898,0.05918367346938776,9.718180458045508e-38,2.689531040339495e-10,2.577841427775503e+37,III_signgd,II_spike,0.11999176412600944,0.17085441221071906
0.666530612244898,0.07877551020408163,6.990974802862309e-42,5.380700633983492e-12,2.900704429126496e+43,III_signgd,II_spike,0.14869399108610135,0.20428878025677358
0.666530612244898,0.09836734693877551,1.7461278357214703e-39,1.2841816235847233e-11,9.277364671903661e+37,III_signgd,II_spike,0.17564598165422904,0.23471013804909577
0.666530612244898,0.11795918367346939,5.354569339171545e-48,2.776148059580836e-13,8.68942446607647e+50,III_signgd,II_spike,0.20127916346199196,0.2629252823644016
0.666530612244898,0.13755102040816325,1.1640745682424635e-43,2.5254164217611877e-17,1.7691643001075282e+44,III_signgd,II_spike,0.2258644406312193,0.2894275613209483
0.666530612244898,0.1571428571428571,1.1089330104032599e-43,1.7697776587099593e-18,2.048763854022541e+41,III_signgd,I_stable,0.24958643848936826,0.3145459902001079
0.666530612244898,0.176734693877551,3.819061146929352e-45,7.437426769050924e-19,8.437245574926929e+43,III_signgd,I_stable,0.27257835044093476,0.3385136086233395
0.666530612244898,0.1963265306122449,1.6083583810550126e-50,3.922015542620423e-20,7.3354507877544826e+53,III_signgd,I_stable,0.29494038580671944,0.3615029702725009
0.666530612244898,0.21591836734693876,3.501334710930566e-49,8.283323090047231e-19,4.1587638423541747e+49,III_signgd,I_stable,0.31675041368227413,0.38364628074541884
0.666530612244898,0.23551020408163262,1.2303396125049049e-30,4.0453010359828585e-18,4.492810986079863e+22,III_signgd,I_stable,0.33807051609020067,0.40504761611013695
0.666530612244898,0.25510204081632654,3.5359548158440346e-31,1.392295956843488e-19,9.166111911564231e+21,III_signgd,I_stable,0.35895123321356215,0.4257907359260144
0.666530612244898,0.2746938775510204,4.557448154204479e-35,1.4115563832434324e-21,6.278290106625046e+24,III_signgd,I_stable,0.3794344287204513,0.4459442950811514
0.666530612244898,0.29428571428571426,1.6451378424406516e-45,1.751508387480493e-20,7.409718626543092e+40,III_signgd,I_stable,0.39955529026532965,0.46556544382477766
0.666530612244898,0.31387755102040815,3.65175760303749e-48,4.944817537218125e-22,6.434769284411626e+44,III_signgd,I_stable,0.41934376641984905,0.4847023882973251
0.666530612244898,0.33346938775510204,2.912544518372186e-52,3.522668706212123e-22,1.2043170725197243e+51,III_signgd,I_stable,0.4388256240669263,0.5033962576661685
0.666530612244898,0.35306122448979593,4.408894134522458e-47,9.144022764737806e-23,5.349544263541058e+42,III_signgd,I_stable,0.45802324290480784,0.521682495210736
0.666530612244898,0.3726530612244898,1.2237101448083082e-52,5.74457443881936e-25,1.8081985168098255e+53,III_signgd,I_stable,0.4769562233715155,0.5395919143211331
0.666530612244898,0.39224489795918366,2.1430535292759813e-49,1.2731758479081093e-21,4.615964812910538e+45,III_signgd,I_stable,0.49564185930152915,0.5571515134352752
0.666530612244898,0.41183673469387755,9.110520654551781e-49,1.46445326762586e-24,9.283543427852975e+42,III_signgd,I_stable,0.5140955106577026,0.5743851141903371
0.666530612244898,0.43142857142857144,1.2375041650058997e-50,6.3705428845189655e-22,6.764417926811689e+48,III_signgd,I_stable,0.5323309012057498,0.5913138676923984
0.666530612244898,0.4510204081632653,1.1987186730721927e-52,3.409097267268812e-21,1.2118411630566445e+49,III_signgd,I_stable,0.5503603589627031,0.6079566608873909
0.666530612244898,0.47061224489795916,1.305326040847677e-48,2.952485817807505e-24,2.42243453526742e+45,III_signgd,I_stable,0.5681950124246583,0.6243304462120175
0.666530612244898,0.49020408163265305,7.592168996097779e-50,1.592891099686e-22,5.463315350580293e+46,III_signgd,I_stable,0.5858449522056745,0.6404505115873405
0.666530612244898,0.509795918367347,4.7677282655411184e-55,1.7478317015340255e-21,2.981546435881074e+53,III_signgd,I_stable,0.6033193653210811,0.6563307034948636
0.666530612244898,0.5293877551020408,2.991504102897787e-53,8.92971676287834e-27,2.742712418361385e+52,II_spike,I_stable,0.6206266476163069,0.6719836127708723
0.666530612244898,0.5489795918367347,7.35603871561542e-53,1.6288088500917984e-22,5.478323064872578e+49,II_spike,I_stable,0.6377744985737119,0.6874207304936282
0.666530612244898,0.5685714285714285,2.5882773153023572e-79,6.390063758492843e-33,6.905844988344891e+60,II_spike,I_stable,0.654770001788624,0.7026525796689959
0.666530612244898,0.5881632653061224,7.1421133474341734e-248,7.1421133474341734e-248,5.059666663036768e+61,I_stable,I_stable,0.6716196936990277,0.7176888271731363
0.666530612244898,0.6077551020408163,7.153030528524676e-248,7.153030528524676e-248,3.664729344867726e+61,I_stable,I_stable,0.6883296226168335,0.732538379468813
0.666530612244898,0.6273469387755102,7.16463625616432e-248,7.16463625616432e-248,2.842948302636473e+61,I_stable,I_stable,0.7049053996971941,0.7472094648927027
0.666530612244898,0.6469387755102041,7.17723936557007e-248,7.17723936557007e-248,2.5106381504619124e+61,I_stable,I_stable,0.7213522431638066,0.7617097047568138
0.666530612244898,0.666530612244898,7.191008279717051e-248,7.191008279717051e-248,2.0901914644754274e+61,I_stable,I_stable,0.7376750168593522,0.776046175076077
0.666530612244898,0.6861224489795918,7.206706980382864e-248,7.206706980382864e-248,2.0193429940923116e+61,I_stable,I_stable,0.753878263994344,0.7902254603961592
0.666530612244898,0.7057142857142857,7.224388232940539e-248,7.224388232940539e-248,1.941517693210675e+61,I_stable,I_stable,0.7699662368122037,0.8042537009284144
0.666530612244898,0.7253061224489796,7.244533348363954e-248,7.244533348363954e-248,2.0041774507645493e+61,I_stable,I_stable,0.785942922764163,0.8181366339862136
0.666530612244898,0.7448979591836734,7.267615155800475e-248,7.267615155800475e-248,2.0280152941830742e+61,I_stable,I_stable,0.8018120676876266,0.8318796305464131
0.666530612244898,0.7644897959183673,1.2268353404920336e-247,1.2268353404920336e-247,2.259866665487078e+61,I_stable,I_stable,0.8175771964006852,0.845487727622176
0.666530612244898,0.7840816326530612,1.2322657969075889e-247,1.2322657969075889e-247,2.3559985399923737e+61,I_stable,I_stable,0.8332416310595315,0.8589656570217082
0.666530612244898,0.8036734693877551,1.2388164890340548e-247,1.2388164890340548e-247,2.7300585824025566e+61,I_stable,I_stable,0.8488085075715106,0.8723178709763119
0.666530612244898,0.823265306122449,1.2468957210615391e-247,1.2468957210615391e-247,3.138828611129513e+61,I_stable,I_stable,0.8642807903120353,0.8855485650463302
0.666530612244898,0.8428571428571429,1.7038508310731096e-247,1.7038508310731096e-247,3.579106446498755e+61,I_stable,I_stable,0.8796612853567701,0.8986616986518081
0.666530612244898,0.8624489795918368,1.721891854173958e-247,1.721891854173958e-247,4.4395689047129867e+61,I_stable,I_stable,0.8949526524098372,0.9116610135234937
0.666530612244898,0.8820408163265305,2.166909148777004e-247,2.166909148777004e-247,5.872489614816668e+61,I_stable,I_stable,0.910157415583198,0.9245500503271527
0.666530612244898,0.9016326530612244,2.6133379207869123e-247,2.6133379207869123e-247,7.901946825576352e+61,I_stable,I_stable,0.9252779731608697,0.9373321636784746
0.666530612244898,0.9212244897959183,3.088872449380852e-247,3.088872449380852e-247,1.1921274501822774e+62,I_stable,I_stable,0.9403166064635249,0.95001053573586
0.666530612244898,0.9408163265306122,4.0372638605740016e-247,4.0372638605740016e-247,2.032802884982333e+62,I_stable,I_stable,0.9552754879136958,0.9625881885330734
0.666530612244898,0.9604081632653061,6.104046841267883e-247,6.104046841267883e-247,4.34103111088944e+62,I_stable,I_stable,0.9701566883887878,0.975067995192316
0.666530612244898,0.98,1.5019426623621408e-246,1.5019426623621408e-246,1.654022267087853e+63,I_stable,I_stable,0.9849621839380145,0.9874526901400564
0.6861224489795918,0.02,2.4428668430709085e-38,4.291324759276755e-08,1.0982314161395606e+40,III_signgd,II_spike,0.053182958969449884,0.08672488792828036
0.6861224489795918,0.03959183673469388,4.980351977325885e-37,1.5164949347176036e-11,5.636988768078896e+39,III_signgd,II_spike,0.0887573316607622,0.13289343624648517
0.6861224489795918,0.05918367346938776,4.105658722771177e-35,3.5289613057757538e-12,1.7386596844420406e+34,III_signgd,II_spike,0.11999176412600944,0.17085441221071906
0.6861224489795918,0.07877551020408163,1.7564887561902127e-44,3.2328605018418903e-14,4.3609125037825776e+46,III_signgd,II_spike,0.14869399108610135,0.20428878025677358
0.6861224489795918,0.09836734693877551,4.3317350243188883e-44,2.1065562113863114e-13,4.2527033583419074e+46,III_signgd,II_spike,0.17564598165422904,0.23471013804909577
0.6861224489795918,0.11795918367346939,1.9891412824220085e-43,4.710182155824726e-15,3.203149248975589e+45,III_signgd,II_spike,0.20127916346199196,0.2629252823644016
0.6861224489795918,0.13755102040816325,1.6699177555169473e-44,5.035243936668828e-16,2.0190826493924296e+46,III_signgd,II_spike,0.2258644406312193,0.2894275613209483
0.6861224489795918,0.1571428571428571,3.383756041040053e-45,2.2737111516227767e-17,2.3429719729933088e+47,III_signgd,II_spike,0.24958643848936826,0.3145459902001079
0.6861224489795918,0.176734693877551,2.1881772867740355e-40,1.6709610176175055e-17,5.698475164417832e+36,III_signgd,II_spike,0.27257835044093476,0.3385136086233395
0.6861224489795918,0.1963265306122449,2.5244129244892183e-46,1.5761731406129137e-17,4.486999461859432e+47,III_signgd,II_spike,0.29494038580671944,0.3615029702725009
0.6861224489795918,0.21591836734693876,1.7881040159928627e-49,1.5663289371663503e-19,7.046389435825555e+51,III_signgd,I_stable,0.31675041368227413,0.38364628074541884
0.6861224489795918,0.23551020408163262,2.058614759555316e-21,8.243439365555891e-16,189129184.84099215,III_signgd,II_spike,0.33807051609020067,0.40504761611013695
0.6861224489795918,0.25510204081632654,6.271307182176371e-50,6.093523595226358e-19,5.07623308449316e+49,III_signgd,I_stable,0.35895123321356215,0.4257907359260144
0.6861224489795918,0.2746938775510204,9.770676058228081e-26,1.3238880709054575e-18,398388099407.93024,III_signgd,I_stable,0.3794344287204513,0.4459442950811514
0.6861224489795918,0.29428571428571426,1.6809027012354927e-27,7.053560184379079e-18,2.536540355886566e+19,III_signgd,I_stable,0.39955529026532965,0.46556544382477766
0.6861224489795918,0.31387755102040815,5.265362363081322e-26,1.0811402757163933e-24,5048557831222.569,III_signgd,I_stable,0.41934376641984905,0.4847023882973251
0.6861224489795918,0.33346938775510204,4.393413657756756e-49,5.909924848594184e-21,2.872643171773227e+46,III_signgd,I_stable,0.4388256240669263,0.5033962576661685
0.6861224489795918,0.35306122448979593,2.90780209196728e-48,1.0882521994250732e-20,1.1814034329823691e+44,III_signgd,I_stable,0.45802324290480784,0.521682495210736
0.6861224489795918,0.3726530612244898,9.887424427644322e-53,3.440020446222732e-21,3.3062431053732905e+52,III_signgd,I_stable,0.4769562233715155,0.5395919143211331
0.6861224489795918,0.39224489795918366,2.943325112463137e-51,2.183260226103149e-24,3.568306090893196e+49,III_signgd,I_stable,0.49564185930152915,0.5571515134352752
0.6861224489795918,0.41183673469387755,1.0649179285563658e-54,1.1860718526439967e-24,7.152102113048413e+54,III_signgd,I_stable,0.5140955106577026,0.5743851141903371
0.6861224489795918,0.43142857142857144,2.1058396338467485e-48,9.095297650199422e-21,7.106681232071201e+42,III_signgd,I_stable,0.5323309012057498,0.5913138676923984
0.6861224489795918,0.4510204081632653,7.711926273394587e-58,6.912659872704822e-24,1.1300547183273701e+59,III_signgd,I_stable,0.5503603589627031,0.6079566608873909
0.6861224489795918,0.47061224489795916,1.31307715560439e-50,1.2383850093731115e-24,3.616245313753025e+46,III_signgd,I_stable,0.5681950124246583,0.6243304462120175
0.6861224489795918,0.49020408163265305,1.5761432524998093e-48,2.046222575113204e-24,2.2406099901389868e+42,III_signgd,I_stable,0.5858449522056745,0.6404505115873405
0.6861224489795918,0.509795918367347,2.2424704807775947e-56,7.444248689536832e-24,8.842340826941913e+55,III_signgd,I_stable,0.6033193653210811,0.6563307034948636
0.6861224489795918,0.5293877551020408,7.662866946764818e-61,1.1407420916261837e-21,5.1875078788418386e+64,III_signgd,I_stable,0.6206266476163069,0.6719836127708723
0.6861224489795918,0.5489795918367347,9.762922573465681e-54,3.847058472137912e-23,1.0581272728365671e+48,II_spike,I_stable,0.6377744985737119,0.6874207304936282
0.6861224489795918,0.5685714285714285,3.0233035353634907e-53,9.76483670020545e-27,9.25781215868696e+50,II_spike,I_stable,0.654770001788624,0.7026525796689959
0.6861224489795918,0.5881632653061224,3.726407434199028e-71,5.491463059368314e-29,1.352130276722471e+50,II_spike,I_stable,0.6716196936990277,0.7176888271731363
0.6861224489795918,0.6077551020408163,7.149541848242118e-248,7.149541848242118e-248,7.264766492103573e+61,I_stable,I_stable,0.6883296226168335,0.732538379468813
0.6861224489795918,0.6273469387755102,7.16304425212954e-248,7.16304425212954e-248,4.415729384580506e+61,I_stable,I_stable,0.7049053996971941,0.7472094648927027
0.6861224489795918,0.6469387755102041,7.176008080091156e-248,7.176008080091156e-248,3.458396843704397e+61,I_stable,I_stable,0.7213522431638066,0.7617097047568138
0.6861224489795918,0.666530612244898,7.189832784675662e-248,7.189832784675662e-248,2.927724171219683e+61,I_stable,I_stable,0.7376750168593522,0.776046175076077
0.6861224489795918,0.6861224489795918,7.205637658983436e-248,7.205637658983436e-248,2.636946695857239e+61,I_stable,I_stable,0.753878263994344,0.7902254603961592
0.6861224489795918,0.7057142857142857,7.223396343527761e-248,7.223396343527761e-248,2.3994818680399005e+61,I_stable,I_stable,0.7699662368122037,0.8042537009284144
0.6861224489795918,0.7253061224489796,7.24361771797453e-248,7.24361771797453e-248,2.3686796070299e+61,I_stable,I_stable,0.785942922764163,0.8181366339862136
0.6861224489795918,0.7448979591836734,7.26688976363342e-248,7.26688976363342e-248,2.3111364615934712e+61,I_stable,I_stable,0.8018120676876266,0.8318796305464131
0.6861224489795918,0.7644897959183673,1.226691700129835e-247,1.226691700129835e-247,2.4995258142988865e+61,I_stable,I_stable,0.8175771964006852,0.845487727622176
0.6861224489795918,0.7840816326530612,1.2321292848769989e-247,1.2321292848769989e-247,2.69943383677517e+61,I_stable,I_stable,0.8332416310595315,0.8589656570217082
0.6861224489795918,0.8036734693877551,1.2387003721675654e-247,1.2387003721675654e-247,2.883637722540139e+61,I_stable,I_stable,0.8488085075715106,0.8723178709763119
0.6861224489795918,0.823265306122449,1.2467804280668335e-247,1.2467804280668335e-247,3.2560366319134266e+61,I_stable,I_stable,0.8642807903120353,0.8855485650463302
0.6861224489795918,0.8428571428571429,1.7036970002124537e-247,1.7036970002124537e-247,3.819611370114572e+61,I_stable,I_stable,0.8796612853567701,0.8986616986518081
0.6861224489795918,0.8624489795918368,1.7217387594105116e-247,1.7217387594105116e-247,4.6566861500568947e+61,I_stable,I_stable,0.8949526524098372,0.9116610135234937
0.6861224489795918,0.8820408163265305,2.1667198544764386e-247,2.1667198544764386e-247,6.07007143255932e+61,I_stable,I_stable,0.910157415583198,0.9245500503271527
0.6861224489795918,0.9016326530612244,2.6131422007685992e-247,2.6131422007685992e-247,8.278501653206766e+61,I_stable,I_stable,0.9252779731608697,0.9373321636784746
0.6861224489795918,0.9212244897959183,3.088616413283124e-247,3.088616413283124e-247,1.2043944469623806e+62,I_stable,I_stable,0.9403166064635249,0.95001053573586
0.6861224489795918,0.9408163265306122,4.0370160857750565e-247,4.0370160857750565e-247,2.069324988203206e+62,I_stable,I_stable,0.9552754879136958,0.9625881885330734
0.6861224489795918,0.9604081632653061,6.103607898423461e-247,6.103607898423461e-247,4.416975216979734e+62,I_stable,I_stable,0.9701566883887878,0.975067995192316
0.6861224489795918,0.98,1.5018434928754642e-246,1.5018434928754642e-246,1.6558867774643374e+63,I_stable,I_stable,0.9849621839380145,0.9874526901400564
0.7057142857142857,0.02,9.617422668773287e-41,2.2866538608269252e-08,6.461559621300224e+42,III_signgd,II_spike,0.053182958969449884,0.08672488792828036
0.7057142857142857,0.03959183673469388,1.9336022440057108e-41,1.0885507441734471e-17,4.0766517350230247e+46,III_signgd,I_stable,0.0887573316607622,0.13289343624648517
0.7057142857142857,0.05918367346938776,3.418218265917284e-38,5.821582422633457e-11,8.109889053816636e+40,III_signgd,II_spike,0.11999176412600944,0.17085441221071906
0.7057142857142857,0.07877551020408163,1.470562916454276e-38,3.197496341982593e-11,1.2732811545641656e+41,III_signgd,II_spike,0.14869399108610135,0.20428878025677358
0.7057142857142857,0.09836734693877551,4.930796781988566e-41,1.3246396433580982e-12,3.9680415790298074e+42,III_signgd,II_spike,0.17564598165422904,0.23471013804909577
0.7057142857142857,0.11795918367346939,3.9031873167720675e-39,2.6141976992771135e-13,2.2287156953506824e+41,III_signgd,II_spike,0.20127916346199196,0.2629252823644016
0.7057142857142857,0.13755102040816325,1.4431398287175808e-39,1.9352200630272306e-17,3.091251209571414e+39,III_signgd,II_spike,0.2258644406312193,0.2894275613209483
0.7057142857142857,0.1571428571428571,9.310118861766258e-43,1.3162949728988942e-14,2.1455566311471588e+43,III_signgd,II_spike,0.24958643848936826,0.3145459902001079
0.7057142857142857,0.176734693877551,6.338863920821341e-48,9.181242620258853e-18,2.1867000928369557e+50,III_signgd,I_stable,0.27257835044093476,0.3385136086233395
0.7057142857142857,0.1963265306122449,5.579579973748122e-50,5.467026578505611e-17,3.751479760016371e+53,III_signgd,II_spike,0.29494038580671944,0.3615029702725009
0.7057142857142857,0.21591836734693876,7.497691738874703e-40,2.068351545948781e-18,1.9938565280680293e+34,III_signgd,I_stable,0.31675041368227413,0.38364628074541884
0.7057142857142857,0.23551020408163262,2.8581397013058153e-43,2.301404434075476e-34,4.3347133176799095e+40,III_signgd,I_stable,0.33807051609020067,0.40504761611013695
0.7057142857142857,0.25510204081632654,8.622529263322154e-46,1.797750910183252e-18,3.372105102646363e+42,III_signgd,I_stable,0.35895123321356215,0.4257907359260144
0.7057142857142857,0.2746938775510204,1.3660259204630223e-29,2.7560618680971263e-19,2.8488826873753194e+19,III_signgd,I_stable,0.3794344287204513,0.4459442950811514
0.7057142857142857,0.29428571428571426,2.214233066632415e-32,6.67189561126785e-24,3.902316181475731e+23,III_signgd,I_stable,0.39955529026532965,0.46556544382477766
0.7057142857142857,0.31387755102040815,4.3695975495425025e-38,5.819661936609687e-24,4.619370258841431e+29,III_signgd,I_stable,0.41934376641984905,0.4847023882973251
0.7057142857142857,0.33346938775510204,4.590981774433605e-33,6.440813441636714e-21,3.2559772191012216e+22,III_signgd,I_stable,0.4388256240669263,0.5033962576661685
0.7057142857142857,0.35306122448979593,1.5706355227823186e-39,1.0909439042509731e-20,1.7292676942420463e+33,III_signgd,I_stable,0.45802324290480784,0.521682495210736
0.7057142857142857,0.3726530612244898,5.994830584999347e-45,4.4764858299052895e-22,1.1044994997103269e+40,III_signgd,I_stable,0.4769562233715155,0.5395919143211331
0.7057142857142857,0.39224489795918366,2.157842865850231e-49,9.027775269878048e-25,6.803652259108606e+45,III_signgd,I_stable,0.49564185930152915,0.5571515134352752
0.7057142857142857,0.41183673469387755,9.006928455936179e-54,3.228507250402083e-27,6.17680379561243e+51,III_signgd,I_stable,0.5140955106577026,0.5743851141903371
0.7057142857142857,0.43142857142857144,4.643500665100882e-59,8.123472227538846e-21,5.498429195207032e+61,III_signgd,I_stable,0.5323309012057498,0.5913138676923984
0.7057142857142857,0.4510204081632653,2.4709492134965243e-50,2.1429511285686856e-22,3.045376829696828e+46,III_signgd,I_stable,0.5503603589627031,0.6079566608873909
0.7057142857142857,0.47061224489795916,1.412676609367684e-58,2.5612327027110807e-22,2.06640648209823e+60,III_signgd,I_stable,0.5681950124246583,0.6243304462120175
0.7057142857142857,0.49020408163265305,4.1159007568780935e-51,3.4489382154624767e-25,7.476173682147514e+47,III_signgd,I_stable,0.5858449522056745,0.6404505115873405
0.7057142857142857,0.509795918367347,8.62540333370581e-55,5.469628752939702e-21,1.0737227176154707e+54,III_signgd,I_stable,0.6033193653210811,0.6563307034948636
0.7057142857142857,0.5293877551020408,2.320352463547298e-53,1.2868283557120255e-26,2.551053821852286e+52,III_signgd,I_stable,0.6206266476163069,0.6719836127708723
0.7057142857142857,0.5489795918367347,3.0601326428374954e-53,1.6361052187981626e-24,4.630502236816133e+50,III_signgd,I_stable,0.6377744985737119,0.6874207304936282
0.7057142857142857,0.5685714285714285,1.2017081441768723e-58,3.7739136677055544e-25,7.548555958043638e+61,III_signgd,I_stable,0.654770001788624,0.7026525796689959
0.7057142857142857,0.5881632653061224,8.823164157082655e-52,1.2422260963849885e-21,3.566683023206865e+46,II_spike,I_stable,0.6716196936990277,0.7176888271731363
0.7057142857142857,0.6077551020408163,8.760696623892283e-61,7.831343426994907e-22,1.32214838397915e+52,II_spike,I_stable,0.6883296226168335,0.732538379468813
0.7057142857142857,0.6273469387755102,7.161503485370618e-248,7.161503485370618e-248,4.172997942321098e+63,II_spike,I_stable,0.7049053996971941,0.7472094648927027
0.7057142857142857,0.6469387755102041,7.174013930493303e-248,7.174013930493303e-248,5.337809933021782e+61,I_stable,I_stable,0.7213522431638066,0.7617097047568138
0.7057142857142857,0.666530612244898,7.188581935777401e-248,7.188581935777401e-248,3.9566958620092115e+61,I_stable,I_stable,0.7376750168593522,0.776046175076077
0.7057142857142857,0.6861224489795918,7.204084011695447e-248,7.204084011695447e-248,3.572897594717353e+61,I_stable,I_stable,0.753878263994344,0.7902254603961592
0.7057142857142857,0.7057142857142857,7.222394708979066e-248,7.222394708979066e-248,3.0219493502435513e+61,I_stable,I_stable,0.7699662368122037,0.8042537009284144
0.7057142857142857,0.7253061224489796,7.242603011686027e-248,7.242603011686027e-248,2.8196778884258796e+61,I_stable,I_stable,0.785942922764163,0.8181366339862136
0.7057142857142857,0.7448979591836734,7.265929264582244e-248,7.265929264582244e-248,2.8323273721895835e+61,I_stable,I_stable,0.8018120676876266,0.8318796305464131
0.7057142857142857,0.7644897959183673,1.226541102901346e-247,1.226541102901346e-247,2.7460664605804734e+61,I_stable,I_stable,0.8175771964006852,0.845487727622176
0.7057142857142857,0.7840816326530612,1.2319771301974657e-247,1.2319771301974657e-247,2.8816920056760713e+61,I_stable,I_stable,0.8332416310595315,0.8589656570217082
0.7057142857142857,0.8036734693877551,1.2385525116385077e-247,1.2385525116385077e-247,3.1761147306343935e+61,I_stable,I_stable,0.8488085075715106,0.8723178709763119
0.7057142857142857,0.823265306122449,1.2466549928093456e-247,1.2466549928093456e-247,3.4986738771880745e+61,I_stable,I_stable,0.8642807903120353,0.8855485650463302
0.7057142857142857,0.8428571428571429,1.7035102564194747e-247,1.7035102564194747e-247,4.1959948889851306e+61,I_stable,I_stable,0.8796612853567701,0.8986616986518081
0.7057142857142857,0.8624489795918368,1.721573246621899e-247,1.721573246621899e-247,4.999285208474388e+61,I_stable,I_stable,0.8949526524098372,0.9116610135234937
0.7057142857142857,0.8820408163265305,2.166521779939172e-247,2.166521779939172e-247,6.188630182788136e+61,I_stable,I_stable,0.910157415583198,0.9245500503271527
0.7057142857142857,0.9016326530612244,2.6129055182783956e-247,2.6129055182783956e-247,8.566064411155261e+61,I_stable,I_stable,0.9252779731608697,0.9373321636784746
0.7057142857142857,0.9212244897959183,3.0883751117068475e-247,3.0883751117068475e-247,1.2545450364088568e+62,I_stable,I_stable,0.9403166064635249,0.95001053573586
0.7057142857142857,0.9408163265306122,4.03666253292205e-247,4.03666253292205e-247,2.088316639591718e+62,I_stable,I_stable,0.9552754879136958,0.9625881885330734
0.7057142857142857,0.9604081632653061,6.103141829868039e-247,6.103141829868039e-247,4.467876402534106e+62,I_stable,I_stable,0.9701566883887878,0.975067995192316
0.7057142857142857,0.98,1.501734655475819e-246,1.501734655475819e-246,1.6676680394140295e+63,I_stable,I_stable,0.9849621839380145,0.9874526901400564
0.7253061224489796,0.02,3.210685207373588e-34,3.5077221466562926e-10,5.411212582436563e+34,III_signgd,II_spike,0.053182958969449884,0.08672488792828036
0.7253061224489796,0.03959183673469388,7.206810349869396e-40,1.4495155630968195e-09,1.6983551938713274e+42,III_signgd,II_spike,0.0887573316607622,0.13289343624648517
0.7253061224489796,0.05918367346938776,2.1240783458825772e-33,4.4082000433559494e-10,2.236270314304039e+31,III_signgd,II_spike,0.11999176412600944,0.17085441221071906
0.7253061224489796,0.07877551020408163,6.409416216020912e-40,1.9921031510037657e-10,6.47067599015411e+42,III_signgd,II_spike,0.14869399108610135,0.20428878025677358
0.7253061224489796,0.09836734693877551,7.608154418773743e-37,3.3962713282063516e-15,6.796551942397663e+38,III_signgd,II_spike,0.17564598165422904,0.23471013804909577
0.7253061224489796,0.11795918367346939,1.4409331211334936e-47,6.571052723995467e-12,2.4308675210186805e+54,III_signgd,II_spike,0.20127916346199196,0.2629252823644016
0.7253061224489796,0.13755102040816325,1.169847706142123e-36,1.2212739849492425e-14,2.6551814943463113e+35,III_signgd,II_spike,0.2258644406312193,0.2894275613209483
0.7253061224489796,0.1571428571428571,3.62073865339545e-43,7.270606451533138e-16,2.858366339154553e+43,III_signgd,II_spike,0.24958643848936826,0.3145459902001079
0.7253061224489796,0.176734693877551,4.4128244129007767e-41,8.12637189206485e-19,6.399186077117064e+39,III_signgd,I_stable,0.27257835044093476,0.3385136086233395
0.7253061224489796,0.1963265306122449,3.417884202210474e-44,3.3454292066331905e-17,6.762612014261607e+43,III_signgd,II_spike,0.29494038580671944,0.3615029702725009
0.7253061224489796,0.21591836734693876,4.9040267129608705e-47,1.1701365669284906e-17,5.6809563972909245e+47,III_signgd,I_stable,0.31675041368227413,0.38364628074541884
0.7253061224489796,0.23551020408163262,2.548775847755503e-46,1.4156585970811252e-16,2.2807726203634872e+46,III_signgd,II_spike,0.33807051609020067,0.40504761611013695
0.7253061224489796,0.25510204081632654,7.466940544517644e-45,3.2763272623066166e-19,1.1419908587002823e+42,III_signgd,I_stable,0.35895123321356215,0.4257907359260144
0.7253061224489796,0.2746938775510204,3.978663313203074e-43,1.2178897611253882e-18,3.560221841704516e+38,III_signgd,I_stable,0.3794344287204513,0.4459442950811514
0.7253061224489796,0.29428571428571426,5.638765445798545e-53,1.4240324382303416e-19,8.184452471549828e+54,III_signgd,I_stable,0.39955529026532965,0.46556544382477766
0.7253061224489796,0.31387755102040815,3.9075090395719876e-34,4.485394737072075e-20,2.3644423869089288e+24,III_signgd,I_stable,0.41934376641984905,0.4847023882973251
0.7253061224489796,0.33346938775510204,2.1707078053514564e-43,1.8191959874587312e-19,3.083128885721717e+41,III_signgd,I_stable,0.4388256240669263,0.5033962576661685
0.7253061224489796,0.35306122448979593,3.2728401125235026e-34,1.4284684738837348e-21,4.3134073248737064e+24,III_signgd,I_stable,0.45802324290480784,0.521682495210736
0.7253061224489796,0.3726530612244898,2.858007907061925e-34,7.618454788666845e-22,1.050350314972676e+22,III_signgd,I_stable,0.4769562233715155,0.5395919143211331
0.7253061224489796,0.39224489795918366,4.618134571425121e-41,2.822706039526684e-21,2.6787409150550237e+35,III_signgd,I_stable,0.49564185930152915,0.5571515134352752
0.7253061224489796,0.41183673469387755,3.588520239921638e-43,1.1599971893569188e-21,1.688678448146485e+35,III_signgd,I_stable,0.5140955106577026,0.5743851141903371
0.7253061224489796,0.43142857142857144,1.2330984768508425e-54,1.2436358142219716e-23,8.322443974975135e+54,III_signgd,I_stable,0.5323309012057498,0.5913138676923984
0.7253061224489796,0.4510204081632653,6.925117010757342e-50,7.576451536491051e-22,2.3508647750012187e+46,III_signgd,I_stable,0.5503603589627031,0.6079566608873909
0.7253061224489796,0.47061224489795916,1.894474314418247e-51,3.9599508654954575e-22,1.624739836027837e+49,III_signgd,I_stable,0.5681950124246583,0.6243304462120175
0.7253061224489796,0.49020408163265305,9.296308564904338e-53,1.370656268087828e-22,1.2387572618772398e+49,III_signgd,I_stable,0.5858449522056745,0.6404505115873405
0.7253061224489796,0.509795918367347,1.525015848658028e-55,9.01491199090988e-24,1.5989275362618802e+54,III_signgd,I_stable,0.6033193653210811,0.6563307034948636
0.7253061224489796,0.5293877551020408,2.8435173891692766e-48,1.694720062474484e-28,3.321939796327735e+44,III_signgd,I_stable,0.6206266476163069,0.6719836127708723
0.7253061224489796,0.5489795918367347,5.9012156889831856e-52,2.538543380231807e-23,7.531115396307645e+48,III_signgd,I_stable,0.6377744985737119,0.6874207304936282
0.7253061224489796,0.5685714285714285,2.115132586170577e-58,1.3088878861342382e-28,1.1891700534236762e+56,III_signgd,I_stable,0.654770001788624,0.7026525796689959
0.7253061224489796,0.5881632653061224,1.3694971883795393e-53,8.00581207361151e-27,2.1584252249309062e+53,III_signgd,I_stable,0.6716196936990277,0.7176888271731363
0.7253061224489796,0.6077551020408163,4.3862706643876346e-51,2.4098205288935865e-21,2.1989648142604458e+48,II_spike,I_stable,0.6883296226168335,0.732538379468813
0.7253061224489796,0.6273469387755102,3.7015010593444555e-67,2.0997273532212187e-29,4.306835148641065e+50,II_spike,I_stable,0.7049053996971941,0.7472094648927027
0.7253061224489796,0.6469387755102041,0.0,9.048228973998755e-26,5.749159821583972e+76,II_spike,I_stable,0.7213522431638066,0.7617097047568138
0.7253061224489796,0.666530612244898,7.186598372227253e-248,7.186598372227253e-248,6.905553170295176e+61,I_stable,I_stable,0.7376750168593522,0.776046175076077
0.7253061224489796,0.6861224489795918,7.202283481334428e-248,7.202283481334428e-248,4.840420214235577e+61,I_stable,I_stable,0.753878263994344,0.7902254603961592
0.7253061224489796,0.7057142857142857,7.220955809039783e-248,7.220955809039783e-248,4.035740674076871e+61,I_stable,I_stable,0.7699662368122037,0.8042537009284144
0.7253061224489796,0.7253061224489796,7.241308794551185e-248,7.241308794551185e-248,3.770973064740036e+61,I_stable,I_stable,0.785942922764163,0.8181366339862136
0.7253061224489796,0.7448979591836734,7.264627047776181e-248,7.264627047776181e-248,3.2943335630059255e+61,I_stable,I_stable,0.8018120676876266,0.8318796305464131
0.7253061224489796,0.7644897959183673,1.2263733150900458e-247,1.2263733150900458e-247,3.2629870457949e+61,I_stable,I_stable,0.8175771964006852,0.845487727622176
0.7253061224489796,0.7840816326530612,1.2318152395958134e-247,1.2318152395958134e-247,3.282174765529972e+61,I_stable,I_stable,0.8332416310595315,0.8589656570217082
0.7253061224489796,0.8036734693877551,1.2383942550594428e-247,1.2383942550594428e-247,3.49446315574707e+61,I_stable,I_stable,0.8488085075715106,0.8723178709763119
0.7253061224489796,0.823265306122449,1.2464998402495359e-247,1.2464998402495359e-247,3.9301487036727963e+61,I_stable,I_stable,0.8642807903120353,0.8855485650463302
0.7253061224489796,0.8428571428571429,1.7033254651787013e-247,1.7033254651787013e-247,4.385549545213359e+61,I_stable,I_stable,0.8796612853567701,0.8986616986518081
0.7253061224489796,0.8624489795918368,1.7213715172037976e-247,1.7213715172037976e-247,5.320814406868713e+61,I_stable,I_stable,0.8949526524098372,0.9116610135234937
0.7253061224489796,0.8820408163265305,2.166293836954878e-247,2.166293836954878e-247,6.662286553307837e+61,I_stable,I_stable,0.910157415583198,0.9245500503271527
0.7253061224489796,0.9016326530612244,2.6126419367720607e-247,2.6126419367720607e-247,8.786256017732292e+61,I_stable,I_stable,0.9252779731608697,0.9373321636784746
0.7253061224489796,0.9212244897959183,3.08806821234308e-247,3.08806821234308e-247,1.2700066005752342e+62,I_stable,I_stable,0.9403166064635249,0.95001053573586
0.7253061224489796,0.9408163265306122,4.036308853890936e-247,4.036308853890936e-247,2.125108597291377e+62,I_stable,I_stable,0.9552754879136958,0.9625881885330734
0.7253061224489796,0.9604081632653061,6.102684024332799e-247,6.102684024332799e-247,4.495800911602401e+62,I_stable,I_stable,0.9701566883887878,0.975067995192316
0.7253061224489796,0.98,1.5016138893417246e-246,1.5016138893417246e-246,1.674831821743319e+63,I_stable,I_stable,0.9849621839380145,0.9874526901400564
0.7448979591836734,0.02,5.64580302272237e-36,4.3026376039998243e-10,7.728083776634176e+37,III_signgd,II_spike,0.053182958969449884,0.08672488792828036
0.7448979591836734,0.03959183673469388,5.3836927371621174e-33,1.3439708071213956e-12,6.793080423078532e+33,III_signgd,II_spike,0.0887573316607622,0.13289343624648517
0.7448979591836734,0.05918367346938776,9.016362325116685e-39,4.419230321836275e-11,6.777300837936464e+43,III_signgd,II_spike,0.11999176412600944,0.17085441221071906
0.7448979591836734,0.07877551020408163,1.547817406678472e-36,3.4071475745508053e-10,1.5352140936958975e+35,III_signgd,II_spike,0.14869399108610135,0.20428878025677358
0.7448979591836734,0.09836734693877551,4.4723474945630446e-39,7.294748736039185e-11,2.1547436402124632e+40,III_signgd,II_spike,0.17564598165422904,0.23471013804909577
0.7448979591836734,0.11795918367346939,1.1813560133774368e-39,4.096182681139789e-12,5.309680289961185e+41,III_signgd,II_spike,0.20127916346199196,0.2629252823644016
0.7448979591836734,0.13755102040816325,5.6432585435917855e-49,1.4423325595991246e-13,5.015528008960073e+56,III_signgd,II_spike,0.2258644406312193,0.2894275613209483
0.7448979591836734,0.1571428571428571,1.8030503739483385e-40,1.4299954240873526e-15,1.835117540389396e+42,III_signgd,II_spike,0.24958643848936826,0.3145459902001079
0.7448979591836734,0.176734693877551,3.641421502248012e-42,1.0184856624578318e-18,2.855147790433498e+43,III_signgd,I_stable,0.27257835044093476,0.3385136086233395
0.7448979591836734,0.1963265306122449,4.981543876707575e-46,1.0563318177604154e-14,3.5207029143034554e+49,III_signgd,II_spike,0.29494038580671944,0.3615029702725009
0.7448979591836734,0.21591836734693876,2.4899214126527233e-45,2.742874434383734e-16,1.9017590771659904e+46,III_signgd,II_spike,0.31675041368227413,0.38364628074541884
0.7448979591836734,0.23551020408163262,1.5757172100847582e-43,7.790963812793406e-20,5.1434449385513084e+42,III_signgd,I_stable,0.33807051609020067,0.40504761611013695
0.7448979591836734,0.25510204081632654,6.158165238362772e-46,5.949827360719962e-17,1.8063609810045986e+46,III_signgd,II_spike,0.35895123321356215,0.4257907359260144
0.7448979591836734,0.2746938775510204,7.821441270578033e-48,1.5195354666997445e-27,5.732265749825845e+46,III_signgd,I_stable,0.3794344287204513,0.4459442950811514
0.7448979591836734,0.29428571428571426,5.472156296929296e-28,1.844570729219512e-18,1.0820341968403722e+16,III_signgd,I_stable,0.39955529026532965,0.46556544382477766
0.7448979591836734,0.31387755102040815,1.4856926877811407e-52,3.3560881443516503e-21,1.729049497484504e+55,III_signgd,I_stable,0.41934376641984905,0.4847023882973251
0.7448979591836734,0.33346938775510204,4.500632231985058e-53,4.3048664716154996e-21,5.294582262934259e+53,III_signgd,I_stable,0.4388256240669263,0.5033962576661685
0.7448979591836734,0.35306122448979593,8.210989808714439e-29,2.7326661328649062e-24,1.9312240384414332e+16,III_signgd,I_stable,0.45802324290480784,0.521682495210736
0.7448979591836734,0.3726530612244898,2.5648515320890214e-35,1.048781331374481e-21,3.085655618845621e+24,III_signgd,I_stable,0.4769562233715155,0.5395919143211331
0.7448979591836734,0.39224489795918366,1.2731150793272834e-35,2.1363678829275017e-22,7.16751014089623e+23,III_signgd,I_stable,0.49564185930152915,0.5571515134352752
0.7448979591836734,0.41183673469387755,4.648758718489429e-44,3.2163579451642795e-20,1.2376331655398023e+38,III_signgd,I_stable,0.5140955106577026,0.5743851141903371
0.7448979591836734,0.43142857142857144,5.096985103742118e-33,3.3304011530673903e-22,1.2884856341132453e+20,III_signgd,I_stable,0.5323309012057498,0.5913138676923984
0.7448979591836734,0.4510204081632653,1.3054805380169836e-57,8.787002271271412e-27,3.0071266362566697e+60,III_signgd,I_stable,0.5503603589627031,0.6079566608873909
0.7448979591836734,0.47061224489795916,4.377513534079647e-42,5.50076425158303e-22,6.764505518607899e+34,III_signgd,I_stable,0.5681950124246583,0.6243304462120175
0.7448979591836734,0.49020408163265305,6.4847263612965e-51,2.962013105037888e-22,7.489146348221839e+48,III_signgd,I_stable,0.5858449522056745,0.6404505115873405
0.7448979591836734,0.509795918367347,2.4457373744851527e-49,2.4379707591053428e-26,3.371027854339274e+45,III_signgd,I_stable,0.6033193653210811,0.6563307034948636
0.7448979591836734,0.5293877551020408,5.961463993664313e-48,1.1890153132801819e-21,4.713306923940424e+43,III_signgd,I_stable,0.6206266476163069,0.6719836127708723
0.7448979591836734,0.5489795918367347,9.947957636486976e-50,1.3985781661778625e-25,6.27991654582658e+46,III_signgd,I_stable,0.6377744985737119,0.6874207304936282
0.7448979591836734,0.5685714285714285,6.84135042338587e-50,3.899768539539195e-22,2.8355434593011105e+45,III_signgd,I_stable,0.654770001788624,0.7026525796689959
0.7448979591836734,0.5881632653061224,5.348323271200697e-52,7.306322996957635e-25,1.0670521501252082e+49,III_signgd,I_stable,0.6716196936990277,0.7176888271731363
0.7448979591836734,0.6077551020408163,3.0209574595337364e-57,2.5697855795139017e-24,9.516108713219345e+57,III_signgd,I_stable,0.6883296226168335,0.732538379468813
0.7448979591836734,0.6273469387755102,4.531109254481871e-51,6.843714480203225e-24,9.130247913720455e+46,II_spike,I_stable,0.7049053996971941,0.7472094648927027
0.7448979591836734,0.6469387755102041,4.00472494166915e-54,1.7826822192132134e-28,2.031743234958261e+51,II_spike,I_stable,0.7213522431638066,0.7617097047568138
0.7448979591836734,0.666530612244898,1.0131134856399714e-108,3.956935033740232e-26,4.199744736783882e+88,II_spike,I_stable,0.7376750168593522,0.776046175076077
0.7448979591836734,0.6861224489795918,7.199108019977961e-248,7.199108019977961e-248,8.841488192334444e+61,I_stable,I_stable,0.753878263994344,0.7902254603961592
0.7448979591836734,0.7057142857142857,7.218738194259265e-248,7.218738194259265e-248,6.119295281309635e+61,I_stable,I_stable,0.7699662368122037,0.8042537009284144
0.7448979591836734,0.7253061224489796,7.23989519153405e-248,7.23989519153405e-248,5.056441256281295e+61,I_stable,I_stable,0.785942922764163,0.8181366339862136
0.7448979591836734,0.7448979591836734,7.263293971545496e-248,7.263293971545496e-248,4.359069664394554e+61,I_stable,I_stable,0.8018120676876266,0.8318796305464131
0.7448979591836734,0.7644897959183673,1.2261233550298225e-247,1.2261233550298225e-247,4.020319610730415e+61,I_stable,I_stable,0.8175771964006852,0.845487727622176
0.7448979591836734,0.7840816326530612,1.231604698727714e-247,1.231604698727714e-247,4.068219784232984e+61,I_stable,I_stable,0.8332416310595315,0.8589656570217082
0.7448979591836734,0.8036734693877551,1.238195522687474e-247,1.238195522687474e-247,4.120067119880717e+61,I_stable,I_stable,0.8488085075715106,0.8723178709763119
0.7448979591836734,0.823265306122449,1.2463098369444912e-247,1.2463098369444912e-247,4.445336375606464e+61,I_stable,I_stable,0.8642807903120353,0.8855485650463302
0.7448979591836734,0.8428571428571429,1.7030775705254736e-247,1.7030775705254736e-247,4.79700299231376e+61,I_stable,I_stable,0.8796612853567701,0.8986616986518081
0.7448979591836734,0.8624489795918368,1.721144819765508e-247,1.721144819765508e-247,5.661334499946694e+61,I_stable,I_stable,0.8949526524098372,0.9116610135234937
0.7448979591836734,0.8820408163265305,2.166018999337636e-247,2.166018999337636e-247,6.927909841859774e+61,I_stable,I_stable,0.910157415583198,0.9245500503271527
0.7448979591836734,0.9016326530612244,2.6123171440129747e-247,2.6123171440129747e-247,9.205264466899337e+61,I_stable,I_stable,0.9252779731608697,0.9373321636784746
0.7448979591836734,0.9212244897959183,3.087732357951526e-247,3.087732357951526e-247,1.3326153489151002e+62,I_stable,I_stable,0.9403166064635249,0.95001053573586
0.7448979591836734,0.9408163265306122,4.0358733579219067e-247,4.0358733579219067e-247,2.1844087783547754e+62,I_stable,I_stable,0.9552754879136958,0.9625881885330734
0.7448979591836734,0.9604081632653061,6.10202868929522e-247,6.10202868929522e-247,4.593823000092193e+62,I_stable,I_stable,0.9701566883887878,0.975067995192316
0.7448979591836734,0.98,1.5014540678903966e-246,1.5014540678903966e-246,1.6939297919404974e+63,I_stable,I_stable,0.9849621839380145,0.9874526901400564
0.7644897959183673,0.02,1.4671857277995226e-35,1.0599981265413195e-10,1.272470837495312e+37,III_signgd,II_spike,0.053182958969449884,0.08672488792828036
0.7644897959183673,0.03959183673469388,1.8215391005599638e-35,1.1544918763532347e-08,1.824408237607686e+35,III_signgd,II_spike,0.0887573316607622,0.13289343624648517
0.7644897959183673,0.05918367346938776,3.4642032596008955e-38,1.0740232557606477e-13,6.526023469733838e+40,III_signgd,II_spike,0.11999176412600944,0.17085441221071906
0.7644897959183673,0.07877551020408163,3.4981565353404e-40,3.0533057288483004e-11,9.745712562774392e+44,III_signgd,II_spike,0.14869399108610135,0.20428878025677358
0.7644897959183673,0.09836734693877551,1.094593737594683e-37,1.820867897422309e-13,3.3778427229775886e+37,III_signgd,II_spike,0.17564598165422904,0.23471013804909577
0.7644897959183673,0.11795918367346939,8.459839362819423e-38,3.7231537043846123e-14,3.1590827122424004e+41,III_signgd,II_spike,0.20127916346199196,0.2629252823644016
0.7644897959183673,0.13755102040816325,3.054916395294811e-36,4.302535793293394e-15,1.207335874140202e+37,III_signgd,II_spike,0.2258644406312193,0.2894275613209483
0.7644897959183673,0.1571428571428571,7.808009496227638e-39,2.190139234089777e-15,4.107807121304738e+39,III_signgd,II_spike,0.24958643848936826,0.3145459902001079
0.7644897959183673,0.176734693877551,2.9561788689683647e-43,8.109398703228223e-13,7.562149452593866e+45,III_signgd,II_spike,0.27257835044093476,0.3385136086233395
0.7644897959183673,0.1963265306122449,5.23923528357346e-42,7.183828409071376e-14,7.715971252767376e+43,III_signgd,II_spike,0.29494038580671944,0.3615029702725009
0.7644897959183673,0.21591836734693876,8.457968102410614e-44,8.837868031136047e-15,6.308961541726866e+46,III_signgd,II_spike,0.31675041368227413,0.38364628074541884
0.7644897959183673,0.23551020408163262,2.3959026756991653e-43,5.559559863514358e-17,2.218547885649502e+43,III_signgd,II_spike,0.33807051609020067,0.40504761611013695
0.7644897959183673,0.25510204081632654,5.8224158784030885e-46,2.5828907682664633e-17,4.9687152709370764e+45,III_signgd,II_spike,0.35895123321356215,0.4257907359260144
0.7644897959183673,0.2746938775510204,5.728092494613548e-47,5.7638400764772475e-24,4.9420539434451054e+47,III_signgd,I_stable,0.3794344287204513,0.4459442950811514
0.7644897959183673,0.29428571428571426,2.6758550815684628e-42,5.223309903241809e-17,1.4014877510095014e+38,III_signgd,II_spike,0.39955529026532965,0.46556544382477766
0.7644897959183673,0.31387755102040815,9.659162161548987e-50,3.0841181338336824e-22,8.076250630646703e+50,III_signgd,I_stable,0.41934376641984905,0.4847023882973251
0.7644897959183673,0.33346938775510204,2.4952744460555936e-47,1.620458590655516e-20,6.0907751621978126e+47,III_signgd,I_stable,0.4388256240669263,0.5033962576661685
0.7644897959183673,0.35306122448979593,5.475832593227756e-32,4.799926293235071e-19,2.3039770919208288e+20,III_signgd,I_stable,0.45802324290480784,0.521682495210736
0.7644897959183673,0.3726530612244898,6.599943660946135e-52,6.68290693193127e-18,1.7132073270149894e+55,III_signgd,I_stable,0.4769562233715155,0.5395919143211331
0.7644897959183673,0.39224489795918366,1.8872834601603184e-49,1.9170207857603623e-19,1.7004283373939217e+49,III_signgd,I_stable,0.49564185930152915,0.5571515134352752
0.7644897959183673,0.41183673469387755,3.6617610061741593e-37,3.34956334373254e-23,1.27496501719405e+27,III_signgd,I_stable,0.5140955106577026,0.5743851141903371
0.7644897959183673,0.43142857142857144,2.3114429556121179e-35,1.8955177642812494e-22,1.1665576553972796e+23,III_signgd,I_stable,0.5323309012057498,0.5913138676923984
0.7644897959183673,0.4510204081632653,7.407844807870347e-38,1.5434944883424938e-20,2.349191843823555e+27,III_signgd,I_stable,0.5503603589627031,0.6079566608873909
0.7644897959183673,0.47061224489795916,1.7259278027547482e-54,2.647655555274152e-22,1.513744582899879e+55,III_signgd,I_stable,0.5681950124246583,0.6243304462120175
0.7644897959183673,0.49020408163265305,1.5583108534042924e-50,5.742666478567387e-21,4.556867937407793e+48,III_signgd,I_stable,0.5858449522056745,0.6404505115873405
0.7644897959183673,0.509795918367347,1.8017703742768516e-61,4.832180935912924e-21,7.622769667017554e+66,III_signgd,I_stable,0.6033193653210811,0.6563307034948636
0.7644897959183673,0.5293877551020408,4.76377301329135e-52,5.182535942399219e-26,1.4262142709726134e+51,III_signgd,I_stable,0.6206266476163069,0.6719836127708723
0.7644897959183673,0.5489795918367347,1.081001274340668e-46,3.2333986667975225e-23,1.0390460080852764e+42,III_signgd,I_stable,0.6377744985737119,0.6874207304936282
0.7644897959183673,0.5685714285714285,4.173434945520545e-52,6.914858393397031e-23,5.854170003435995e+49,III_signgd,I_stable,0.654770001788624,0.7026525796689959
0.7644897959183673,0.5881632653061224,4.411630307350476e-50,1.8530326691786425e-21,2.532963617204782e+46,III_signgd,I_stable,0.6716196936990277,0.7176888271731363
0.7644897959183673,0.6077551020408163,1.8178523743929215e-59,3.7055261331656307e-22,7.341737073745232e+55,III_signgd,I_stable,0.6883296226168335,0.732538379468813
0.7644897959183673,0.6273469387755102,3.073268046085847e-51,2.5680318581663645e-21,3.768970737287918e+47,III_signgd,I_stable,0.7049053996971941,0.7472094648927027
0.7644897959183673,0.6469387755102041,1.242779219540778e-56,1.4259309887500174e-24,1.519970001743418e+53,III_signgd,I_stable,0.7213522431638066,0.7617097047568138
0.7644897959183673,0.666530612244898,2.9027707872836753e-52,3.700382947101258e-23,2.0861305058641988e+49,II_spike,I_stable,0.7376750168593522,0.776046175076077
0.7644897959183673,0.6861224489795918,1.3610525503761853e-86,4.0126817651674795e-51,3.931445218031209e+60,II_spike,I_stable,0.753878263994344,0.7902254603961592
0.7644897959183673,0.7057142857142857,7.21500535276919e-248,7.21500535276919e-248,1.2113619224155055e+62,I_stable,I_stable,0.7699662368122037,0.8042537009284144
0.7644897959183673,0.7253061224489796,7.237269827164499e-248,7.237269827164499e-248,8.014536702459394e+61,I_stable,I_stable,0.785942922764163,0.8181366339862136
0.7644897959183673,0.7448979591836734,7.260969313452388e-248,7.260969313452388e-248,6.445928856497657e+61,I_stable,I_stable,0.8018120676876266,0.8318796305464131
0.7644897959183673,0.7644897959183673,1.2258490912698592e-247,1.2258490912698592e-247,5.349829838650797e+61,I_stable,I_stable,0.8175771964006852,0.845487727622176
0.7644897959183673,0.7840816326530612,1.2313546955939756e-247,1.2313546955939756e-247,5.0031501474465775e+61,I_stable,I_stable,0.8332416310595315,0.8589656570217082
0.7644897959183673,0.8036734693877551,1.2379534934331579e-247,1.2379534934331579e-247,4.771211684866136e+61,I_stable,I_stable,0.8488085075715106,0.8723178709763119
0.7644897959183673,0.823265306122449,1.2460987613632777e-247,1.2460987613632777e-247,4.915009832080598e+61,I_stable,I_stable,0.8642807903120353,0.8855485650463302
0.7644897959183673,0.8428571428571429,1.7027965852023994e-247,1.7027965852023994e-247,5.565303166927732e+61,I_stable,I_stable,0.8796612853567701,0.8986616986518081
0.7644897959183673,0.8624489795918368,1.7208710672776576e-247,1.7208710672776576e-247,6.308629085673121e+61,I_stable,I_stable,0.8949526524098372,0.9116610135234937
0.7644897959183673,0.8820408163265305,2.1656904176191728e-247,2.1656904176191728e-247,7.469565907412712e+61,I_stable,I_stable,0.910157415583198,0.9245500503271527
0.7644897959183673,0.9016326530612244,2.6119595900409188e-247,2.6119595900409188e-247,9.659538677353255e+61,I_stable,I_stable,0.9252779731608697,0.9373321636784746
0.7644897959183673,0.9212244897959183,3.087317201484849e-247,3.087317201484849e-247,1.3965778169258957e+62,I_stable,I_stable,0.9403166064635249,0.95001053573586
0.7644897959183673,0.9408163265306122,4.0353938677391664e-247,4.0353938677391664e-247,2.2404053227092443e+62,I_stable,I_stable,0.9552754879136958,0.9625881885330734
0.7644897959183673,0.9604081632653061,6.101379226490273e-247,6.101379226490273e-247,4.683210099623857e+62,I_stable,I_stable,0.9701566883887878,0.975067995192316
0.7644897959183673,0.98,1.5012783064113062e-246,1.5012783064113062e-246,1.7096425371177104e+63,I_stable,I_stable,0.9849621839380145,0.9874526901400564
0.7840816326530612,0.02,5.4391807893846e-40,4.846980438512761e-08,1.6518048806582844e+46,III_signgd,II_spike,0.053182958969449884,0.08672488792828036
0.7840816326530612,0.03959183673469388,1.622540225991228e-39,2.130056972103376e-11,6.611103825443232e+43,III_signgd,II_spike,0.0887573316607622,0.13289343624648517
0.7840816326530612,0.05918367346938776,3.4546593741097955e-37,3.6666444779245583e-11,1.27108537353955e+39,III_signgd,II_spike,0.11999176412600944,0.17085441221071906
0.7840816326530612,0.07877551020408163,1.105309742742246e-34,8.329427794531101e-13,1.920946945696204e+35,III_signgd,II_spike,0.14869399108610135,0.20428878025677358
0.7840816326530612,0.09836734693877551,8.294106958140265e-39,3.6317629445538777e-10,5.85337673306399e+42,III_signgd,II_spike,0.17564598165422904,0.23471013804909577
0.7840816326530612,0.11795918367346939,2.5872276138889363e-39,1.2139713216856214e-11,4.0471863536803263e+43,III_signgd,II_spike,0.20127916346199196,0.2629252823644016
0.7840816326530612,0.13755102040816325,1.6310480212052933e-41,5.653203964884109e-17,2.166964775508047e+44,III_signgd,II_spike,0.2258644406312193,0.2894275613209483
0.7840816326530612,0.1571428571428571,2.891410802974083e-37,5.801664179863932e-14,1.2099572057884936e+38,III_signgd,II_spike,0.24958643848936826,0.3145459902001079
0.7840816326530612,0.176734693877551,3.933586670469984e-40,3.645555081699272e-14,1.450732195606397e+42,III_signgd,II_spike,0.27257835044093476,0.3385136086233395
0.7840816326530612,0.1963265306122449,2.8754797797786426e-44,2.8037848712172905e-14,5.5161525240072484e+47,III_signgd,II_spike,0.29494038580671944,0.3615029702725009
0.7840816326530612,0.21591836734693876,1.2847620639997264e-43,3.1462970070589976e-15,2.30546730174467e+46,III_signgd,II_spike,0.31675041368227413,0.38364628074541884
0.7840816326530612,0.23551020408163262,1.3284557613423418e-45,4.603190223484442e-15,6.859535675062894e+48,III_signgd,II_spike,0.33807051609020067,0.40504761611013695
0.7840816326530612,0.25510204081632654,7.994550011172075e-46,7.445175606282826e-16,1.740678387773504e+48,III_signgd,II_spike,0.35895123321356215,0.4257907359260144
0.7840816326530612,0.2746938775510204,2.0204670171722256e-45,8.583355385508813e-19,1.7673316776717366e+46,III_signgd,I_stable,0.3794344287204513,0.4459442950811514
0.7840816326530612,0.29428571428571426,4.2690088759847204e-45,1.3702778533675953e-17,2.205533173210184e+43,III_signgd,I_stable,0.39955529026532965,0.46556544382477766
0.7840816326530612,0.31387755102040815,4.041966329267915e-46,9.890905795501229e-23,2.068637926174898e+46,III_signgd,I_stable,0.41934376641984905,0.4847023882973251
0.7840816326530612,0.33346938775510204,3.817644759170907e-45,5.877326392202212e-19,8.732060993932607e+42,III_signgd,I_stable,0.4388256240669263,0.5033962576661685
0.7840816326530612,0.35306122448979593,8.779818062230048e-50,1.706022872055619e-22,5.622727369185741e+49,III_signgd,I_stable,0.45802324290480784,0.521682495210736
0.7840816326530612,0.3726530612244898,1.73539540438116e-37,1.015884001691213e-18,1.0509929192443483e+31,III_signgd,I_stable,0.4769562233715155,0.5395919143211331
0.7840816326530612,0.39224489795918366,1.79906899021346e-37,3.5491976782332736e-21,6.565328988085466e+28,III_signgd,I_stable,0.49564185930152915,0.5571515134352752
0.7840816326530612,0.41183673469387755,3.353062768687944e-36,2.1575825700361606e-20,3.3657437864769426e+28,III_signgd,I_stable,0.5140955106577026,0.5743851141903371
0.7840816326530612,0.43142857142857144,1.2455397604202754e-33,6.40588288482376e-25,3.065657994925106e+22,III_signgd,I_stable,0.5323309012057498,0.5913138676923984
0.7840816326530612,0.4510204081632653,5.59603548543425e-48,2.785109410629705e-20,2.9974907653577313e+44,III_signgd,I_stable,0.5503603589627031,0.6079566608873909
0.7840816326530612,0.47061224489795916,9.3002839062008e-47,1.4677287641579793e-21,7.339961387987976e+41,III_signgd,I_stable,0.5681950124246583,0.6243304462120175
0.7840816326530612,0.49020408163265305,8.502458006304226e-40,9.649021936664795e-22,2.3865563219793249e+30,III_signgd,I_stable,0.5858449522056745,0.6404505115873405
0.7840816326530612,0.509795918367347,3.9988754295721246e-51,8.857864940426011e-25,2.3228188032204014e+49,III_signgd,I_stable,0.6033193653210811,0.6563307034948636
0.7840816326530612,0.5293877551020408,2.5649241409297934e-47,2.8607892771490974e-25,4.607328971675647e+41,III_signgd,I_stable,0.6206266476163069,0.6719836127708723
0.7840816326530612,0.5489795918367347,1.1722104642793666e-54,2.2516042001840088e-21,6.44323060076767e+54,III_signgd,I_stable,0.6377744985737119,0.6874207304936282
0.7840816326530612,0.5685714285714285,5.906343072635484e-59,4.4979078641921424e-21,2.1416565428027697e+62,III_signgd,I_stable,0.654770001788624,0.7026525796689959
0.7840816326530612,0.5881632653061224,9.122021017337314e-49,1.1491090399665223e-21,1.8715442930437618e+45,III_signgd,I_stable,0.6716196936990277,0.7176888271731363
0.7840816326530612,0.6077551020408163,7.932196218452434e-51,5.170334923361299e-25,5.057460790750689e+46,III_signgd,I_stable,0.6883296226168335,0.732538379468813
0.7840816326530612,0.6273469387755102,6.315357748727967e-50,4.7271926171731354e-24,3.0367447931540655e+46,III_signgd,I_stable,0.7049053996971941,0.7472094648927027
0.7840816326530612,0.6469387755102041,3.3904915650262356e-50,5.903093806887028e-23,1.2708694268679218e+45,III_signgd,I_stable,0.7213522431638066,0.7617097047568138
0.7840816326530612,0.666530612244898,1.7510800521472094e-49,2.1582677996865053e-23,1.1252607050602941e+46,III_signgd,I_stable,0.7376750168593522,0.776046175076077
0.7840816326530612,0.6861224489795918,1.0843198686516422e-57,1.694778191497668e-24,2.6357630408923874e+43,II_spike,I_stable,0.753878263994344,0.7902254603961592
0.7840816326530612,0.7057142857142857,5.498295498747596e-79,4.984618629997043e-21,1.7868156438006415e+54,II_spike,I_stable,0.7699662368122037,0.8042537009284144
0.7840816326530612,0.7253061224489796,7.233120814739729e-248,7.233120814739729e-248,1.9194049985250698e+62,I_stable,I_stable,0.785942922764163,0.8181366339862136
0.7840816326530612,0.7448979591836734,7.258361962158974e-248,7.258361962158974e-248,1.0218116097695282e+62,I_stable,I_stable,0.8018120676876266,0.8318796305464131
0.7840816326530612,0.7644897959183673,1.2254799533190635e-247,1.2254799533190635e-247,7.692043391777046e+61,I_stable,I_stable,0.8175771964006852,0.845487727622176
0.7840816326530612,0.7840816326530612,1.2310168491265171e-247,1.2310168491265171e-247,6.811139954769624e+61,I_stable,I_stable,0.8332416310595315,0.8589656570217082
0.7840816326530612,0.8036734693877551,1.2376859621085586e-247,1.2376859621085586e-247,6.271826326657488e+61,I_stable,I_stable,0.8488085075715106,0.8723178709763119
0.7840816326530612,0.823265306122449,1.245813401140948e-247,1.245813401140948e-247,6.002234520018293e+61,I_stable,I_stable,0.8642807903120353,0.8855485650463302
0.7840816326530612,0.8428571428571429,1.702457056914895e-247,1.702457056914895e-247,6.147077661781782e+61,I_stable,I_stable,0.8796612853567701,0.8986616986518081
0.7840816326530612,0.8624489795918368,1.7205706248759972e-247,1.7205706248759972e-247,6.94776048190783e+61,I_stable,I_stable,0.8949526524098372,0.9116610135234937
0.7840816326530612,0.8820408163265305,2.165313738298004e-247,2.165313738298004e-247,8.184914398074637e+61,I_stable,I_stable,0.910157415583198,0.9245500503271527
0.7840816326530612,0.9016326530612244,2.611523022619327e-247,2.611523022619327e-247,1.0503872603289034e+62,I_stable,I_stable,0.9252779731608697,0.9373321636784746
0.7840816326530612,0.9212244897959183,3.086849069040956e-247,3.086849069040956e-247,1.4405151679117346e+62,I_stable,I_stable,0.9403166064635249,0.95001053573586
0.7840816326530612,0.9408163265306122,4.0347966983052804e-247,4.0347966983052804e-247,2.3347584958069083e+62,I_stable,I_stable,0.9552754879136958,0.9625881885330734
0.7840816326530612,0.9604081632653061,6.1005524129915e-247,6.1005524129915e-247,4.766744145280269e+62,I_stable,I_stable,0.9701566883887878,0.975067995192316
0.7840816326530612,0.98,1.501074857102753e-246,1.501074857102753e-246,1.721896026736269e+63,I_stable,I_stable,0.9849621839380145,0.9874526901400564
0.8036734693877551,0.02,1.211559148666792e-35,1.6387387598204204e-06,2.6949378423416228e+39,III_signgd,II_spike,0.053182958969449884,0.08672488792828036
0.8036734693877551,0.03959183673469388,9.704839026062055e-37,2.3246838093330584e-09,2.5344334291069293e+37,III_signgd,II_spike,0.0887573316607622,0.13289343624648517
0.8036734693877551,0.05918367346938776,6.3753146442655274e-34,1.652114997687269e-10,3.528455801281325e+36,III_signgd,II_spike,0.11999176412600944,0.17085441221071906
0.8036734693877551,0.07877551020408163,7.437986031803973e-35,1.5123830860214359e-10,7.117232846386173e+37,III_signgd,II_spike,0.14869399108610135,0.20428878025677358
0.8036734693877551,0.09836734693877551,4.715517701570757e-38,3.70813195663744e-11,8.1327685997901995e+40,III_signgd,II_spike,0.17564598165422904,0.23471013804909577
0.8036734693877551,0.11795918367346939,2.710601892780622e-38,2.0253356310062365e-11,2.1006368927104187e+41,III_signgd,II_spike,0.20127916346199196,0.2629252823644016
0.8036734693877551,0.13755102040816325,7.54554540792705e-39,7.967134683818798e-11,7.234454786486386e+42,III_signgd,II_spike,0.2258644406312193,0.2894275613209483
0.8036734693877551,0.1571428571428571,9.545934086122363e-37,3.065785580143265e-14,3.5475175499458556e+38,III_signgd,II_spike,0.24958643848936826,0.3145459902001079
0.8036734693877551,0.176734693877551,2.1060446847622696e-43,1.7443011461173208e-13,2.0855596177623626e+48,III_signgd,II_spike,0.27257835044093476,0.3385136086233395
0.8036734693877551,0.1963265306122449,2.7616663262263635e-40,1.4505785269142472e-13,3.8972653727590873e+40,III_signgd,II_spike,0.29494038580671944,0.3615029702725009
0.8036734693877551,0.21591836734693876,1.0469544025289818e-45,2.0574581355048465e-14,5.3137553898012325e+50,III_signgd,II_spike,0.31675041368227413,0.38364628074541884
0.8036734693877551,0.23551020408163262,8.689729906705025e-41,8.384524984688143e-15,9.529513456094326e+42,III_signgd,II_spike,0.33807051609020067,0.40504761611013695
0.8036734693877551,0.25510204081632654,2.808676690333622e-37,2.1014154335024605e-15,4.692718119708705e+34,III_signgd,II_spike,0.35895123321356215,0.4257907359260144
0.8036734693877551,0.2746938775510204,2.446285449546168e-48,1.0721596347649846e-15,8.171825306457005e+51,III_signgd,II_spike,0.3794344287204513,0.4459442950811514
0.8036734693877551,0.29428571428571426,1.5548776256254735e-52,5.588821606931359e-16,1.9728492251017156e+57,III_signgd,II_spike,0.39955529026532965,0.46556544382477766
0.8036734693877551,0.31387755102040815,2.455039733650204e-42,3.462422120694815e-20,3.8958499223556855e+38,III_signgd,I_stable,0.41934376641984905,0.4847023882973251
0.8036734693877551,0.33346938775510204,1.554701591396024e-44,1.2840590962208178e-17,5.696749367701154e+42,III_signgd,I_stable,0.4388256240669263,0.5033962576661685
0.8036734693877551,0.35306122448979593,2.0685163213562088e-51,4.514633864757257e-18,1.425370439456178e+54,III_signgd,I_stable,0.45802324290480784,0.521682495210736
0.8036734693877551,0.3726530612244898,1.9756196461832776e-35,4.442919486774157e-20,1.3916349132515601e+26,III_signgd,I_stable,0.4769562233715155,0.5395919143211331
0.8036734693877551,0.39224489795918366,3.083345063836205e-49,4.614588181536996e-22,7.61405371877402e+48,III_signgd,I_stable,0.49564185930152915,0.5571515134352752
0.8036734693877551,0.41183673469387755,2.560097092209985e-49,5.813606991260628e-22,4.7465762125198565e+48,III_signgd,I_stable,0.5140955106577026,0.5743851141903371
0.8036734693877551,0.43142857142857144,4.863849979516634e-43,8.818395888471512e-26,6.08422416215783e+37,III_signgd,I_stable,0.5323309012057498,0.5913138676923984
0.8036734693877551,0.4510204081632653,3.779598422273797e-33,6.1304380942520535e-22,9.047783396712332e+28,III_signgd,I_stable,0.5503603589627031,0.6079566608873909
0.8036734693877551,0.47061224489795916,5.67418482912398e-50,9.79720646598292e-21,2.0987594979536006e+49,III_signgd,I_stable,0.5681950124246583,0.6243304462120175
0.8036734693877551,0.49020408163265305,6.492659943549698e-40,2.346315073102002e-25,3.6118018289457595e+39,III_signgd,I_stable,0.5858449522056745,0.6404505115873405
0.8036734693877551,0.509795918367347,1.6424345749847364e-63,2.7081358766471804e-23,4.80917020935703e+69,III_signgd,I_stable,0.6033193653210811,0.6563307034948636
0.8036734693877551,0.5293877551020408,1.7293647770959011e-50,3.4774614063158535e-22,4.995805601160378e+47,III_signgd,I_stable,0.6206266476163069,0.6719836127708723
0.8036734693877551,0.5489795918367347,1.8744692110422774e-27,3.1068079051137887e-21,6.031625918569667e+17,III_signgd,I_stable,0.6377744985737119,0.6874207304936282
0.8036734693877551,0.5685714285714285,2.253073948816e-52,9.428032508411135e-27,1.3763800725631312e+51,III_signgd,I_stable,0.654770001788624,0.7026525796689959
0.8036734693877551,0.5881632653061224,2.353398411747669e-50,2.9454510548406506e-24,1.5225892506573233e+47,III_signgd,I_stable,0.6716196936990277,0.7176888271731363
0.8036734693877551,0.6077551020408163,9.359046121941245e-57,3.5567527517649216e-23,8.294522205321274e+57,III_signgd,I_stable,0.6883296226168335,0.732538379468813
0.8036734693877551,0.6273469387755102,1.423279886518303e-49,4.80188314284035e-22,7.02985748001871e+43,III_signgd,I_stable,0.7049053996971941,0.7472094648927027
0.8036734693877551,0.6469387755102041,2.940726139955691e-53,1.7392060513021122e-27,2.459029609455347e+49,III_signgd,I_stable,0.7213522431638066,0.7617097047568138
0.8036734693877551,0.666530612244898,2.663299170010968e-53,1.054978805610977e-27,1.1331997975774557e+52,III_signgd,I_stable,0.7376750168593522,0.776046175076077
0.8036734693877551,0.6861224489795918,4.293718311489889e-53,1.5334921134937498e-24,1.8796109757213368e+51,III_signgd,I_stable,0.753878263994344,0.7902254603961592
0.8036734693877551,0.7057142857142857,6.551873582411465e-56,1.0125199521558544e-24,1.7345445886557114e+52,II_spike,I_stable,0.7699662368122037,0.8042537009284144
0.8036734693877551,0.7253061224489796,1.2324838453375425e-66,1.5344740588631155e-27,1.6859820651333536e+64,II_spike,I_stable,0.785942922764163,0.8181366339862136
0.8036734693877551,0.7448979591836734,8.43322391764778e-257,6.929297709340278e-248,4.2377584074850894e+79,II_spike,I_stable,0.8018120676876266,0.8318796305464131
0.8036734693877551,0.7644897959183673,1.2248589334401125e-247,1.2248589334401125e-247,1.3702940608275574e+62,I_stable,I_stable,0.8175771964006852,0.845487727622176
0.8036734693877551,0.7840816326530612,1.2305287041514628e-247,1.2305287041514628e-247,9.882624518462528e+61,I_stable,I_stable,0.8332416310595315,0.8589656570217082
0.8036734693877551,0.8036734693877551,1.2372598780747724e-247,1.2372598780747724e-247,8.413110754009736e+61,I_stable,I_stable,0.8488085075715106,0.8723178709763119
0.8036734693877551,0.823265306122449,1.245456651242481e-247,1.245456651242481e-247,7.660422016570612e+61,I_stable,I_stable,0.8642807903120353,0.8855485650463302
0.8036734693877551,0.8428571428571429,1.7020118531730272e-247,1.7020118531730272e-247,7.57402159955117e+61,I_stable,I_stable,0.8796612853567701,0.8986616986518081
0.8036734693877551,0.8624489795918368,1.7201385907594504e-247,1.7201385907594504e-247,8.019526811365092e+61,I_stable,I_stable,0.8949526524098372,0.9116610135234937
0.8036734693877551,0.8820408163265305,2.164832204358373e-247,2.164832204358373e-247,9.266271174016366e+61,I_stable,I_stable,0.910157415583198,0.9245500503271527
0.8036734693877551,0.9016326530612244,2.610993011851342e-247,2.610993011851342e-247,1.1366626340437672e+62,I_stable,I_stable,0.9252779731608697,0.9373321636784746
0.8036734693877551,0.9212244897959183,3.086242229915712e-247,3.086242229915712e-247,1.5365271530244635e+62,I_stable,I_stable,0.9403166064635249,0.95001053573586
0.8036734693877551,0.9408163265306122,4.034064938824362e-247,4.034064938824362e-247,2.413056236139985e+62,I_stable,I_stable,0.9552754879136958,0.9625881885330734
0.8036734693877551,0.9604081632653061,6.099538129297419e-247,6.099538129297419e-247,4.912820557434566e+62,I_stable,I_stable,0.9701566883887878,0.975067995192316
0.8036734693877551,0.98,1.5008372264607129e-246,1.5008372264607129e-246,1.7433660530149518e+63,I_stable,I_stable,0.9849621839380145,0.9874526901400564
0.823265306122449,0.02,1.6558667422714165e-33,4.56794111882982e-06,2.1262197534780276e+35,III_signgd,II_spike,0.053182958969449884,0.08672488792828036
0.823265306122449,0.03959183673469388,8.503039886377363e-37,7.542067949816235e-08,1.1490200822124095e+39,III_signgd,II_spike,0.0887573316607622,0.13289343624648517
0.823265306122449,0.05918367346938776,5.486837169846301e-35,1.993101862875026e-08,3.1657481467448283e+37,III_signgd,II_spike,0.11999176412600944,0.17085441221071906
0.823265306122449,0.07877551020408163,5.792927223005429e-38,4.800461636688933e-08,1.1031139215176785e+41,III_signgd,II_spike,0.14869399108610135,0.20428878025677358
0.823265306122449,0.09836734693877551,5.7466344274486935e-36,1.5946739728736938e-10,4.2016043601895894e+39,III_signgd,II_spike,0.17564598165422904,0.23471013804909577
0.823265306122449,0.11795918367346939,1.2574051328659583e-42,5.188953228532853e-13,1.5778651273028605e+49,III_signgd,II_spike,0.20127916346199196,0.2629252823644016
0.823265306122449,0.13755102040816325,1.7720416736609125e-40,1.7286551750210405e-12,1.1608177404072465e+46,III_signgd,II_spike,0.2258644406312193,0.2894275613209483
0.823265306122449,0.1571428571428571,5.2128591419782894e-36,9.1702631623197e-18,5.469216230846955e+37,III_signgd,I_stable,0.24958643848936826,0.3145459902001079
0.823265306122449,0.176734693877551,5.294109163652217e-38,2.6845112888727675e-13,8.560256732239498e+39,III_signgd,II_spike,0.27257835044093476,0.3385136086233395
0.823265306122449,0.1963265306122449,2.6773172469006897e-42,1.6113168350377303e-13,5.103988023594071e+44,III_signgd,II_spike,0.29494038580671944,0.3615029702725009
0.823265306122449,0.21591836734693876,1.0687701906971635e-42,5.754435852803551e-13,7.591441995927521e+44,III_signgd,II_spike,0.31675041368227413,0.38364628074541884
0.823265306122449,0.23551020408163262,1.775908179756552e-42,2.0992115265884522e-17,5.824619916587763e+45,III_signgd,II_spike,0.33807051609020067,0.40504761611013695
0.823265306122449,0.25510204081632654,1.920288897859794e-43,3.673622009606535e-23,1.850601552493278e+47,III_signgd,I_stable,0.35895123321356215,0.4257907359260144
0.823265306122449,0.2746938775510204,2.2496123767164227e-44,3.9394875697437716e-18,4.258482544787535e+46,III_signgd,I_stable,0.3794344287204513,0.4459442950811514
0.823265306122449,0.29428571428571426,8.362435263455423e-41,2.432160763480627e-15,1.465623180082561e+40,III_signgd,II_spike,0.39955529026532965,0.46556544382477766
0.823265306122449,0.31387755102040815,4.7762333656901815e-46,1.0123542408102018e-24,1.0419463732386602e+48,III_signgd,I_stable,0.41934376641984905,0.4847023882973251
0.823265306122449,0.33346938775510204,3.776875569101726e-43,3.859829540546988e-19,1.1784616798246998e+41,III_signgd,I_stable,0.4388256240669263,0.5033962576661685
0.823265306122449,0.35306122448979593,3.368856983214553e-55,1.2686928102116535e-20,6.563498602254498e+61,III_signgd,I_stable,0.45802324290480784,0.521682495210736
0.823265306122449,0.3726530612244898,1.2949948804607277e-43,1.3012235410671107e-17,4.526416202112092e+43,III_signgd,I_stable,0.4769562233715155,0.5395919143211331
0.823265306122449,0.39224489795918366,7.22776331805359e-48,4.271253689436703e-18,2.2483286156068097e+47,III_signgd,I_stable,0.49564185930152915,0.5571515134352752
0.823265306122449,0.41183673469387755,8.243607302447367e-46,3.7779498956310075e-19,6.332579276374871e+42,III_signgd,I_stable,0.5140955106577026,0.5743851141903371
0.823265306122449,0.43142857142857144,1.3007122558414854e-51,2.1486535226247756e-19,5.758111763167687e+53,III_signgd,I_stable,0.5323309012057498,0.5913138676923984
0.823265306122449,0.4510204081632653,9.122993642442884e-53,1.226770681125865e-20,3.234183677279005e+55,III_signgd,I_stable,0.5503603589627031,0.6079566608873909
0.823265306122449,0.47061224489795916,4.3916254817389334e-52,2.179986640928763e-21,2.072093842308894e+52,III_signgd,I_stable,0.5681950124246583,0.6243304462120175
0.823265306122449,0.49020408163265305,8.723106674714926e-46,5.17749453714799e-20,7.421975895573014e+41,III_signgd,I_stable,0.5858449522056745,0.6404505115873405
0.823265306122449,0.509795918367347,8.724899288036029e-58,2.5903784989392345e-21,6.988653925874192e+61,III_signgd,I_stable,0.6033193653210811,0.6563307034948636
0.823265306122449,0.5293877551020408,6.90593233826966e-50,9.387718896666408e-30,4.552622661819941e+46,III_signgd,I_stable,0.6206266476163069,0.6719836127708723
0.823265306122449,0.5489795918367347,2.4882456836305088e-39,4.731899686215899e-26,6.697951364531731e+28,III_signgd,I_stable,0.6377744985737119,0.6874207304936282
0.823265306122449,0.5685714285714285,1.8620565998148918e-54,4.527370232701331e-22,9.109239720277788e+53,III_signgd,I_stable,0.654770001788624,0.7026525796689959
0.823265306122449,0.5881632653061224,2.9043976656420236e-55,3.0339579204218994e-23,3.701314041738862e+55,III_signgd,I_stable,0.6716196936990277,0.7176888271731363
0.823265306122449,0.6077551020408163,3.6975042388318636e-51,1.113549362141952e-21,1.7735521148602213e+48,III_signgd,I_stable,0.6883296226168335,0.732538379468813
0.823265306122449,0.6273469387755102,1.3779210617546772e-54,5.693551367422389e-25,5.13575876420742e+52,III_signgd,I_stable,0.7049053996971941,0.7472094648927027
0.823265306122449,0.6469387755102041,7.508136719354454e-51,3.533288009704455e-22,1.64511266647056e+48,III_signgd,I_stable,0.7213522431638066,0.7617097047568138
0.823265306122449,0.666530612244898,6.116886066337525e-50,3.8984241915574344e-23,2.847870294030203e+45,III_signgd,I_stable,0.7376750168593522,0.776046175076077
0.823265306122449,0.6861224489795918,2.909838904307781e-54,3.4300207871189046e-24,4.11854630757404e+53,III_signgd,I_stable,0.753878263994344,0.7902254603961592
0.823265306122449,0.7057142857142857,7.691925396765085e-54,1.4188142132910138e-25,1.449671357295101e+51,III_signgd,I_stable,0.7699662368122037,0.8042537009284144
0.823265306122449,0.7253061224489796,1.7893924055445676e-56,3.72177808921312e-23,2.2662462194262662e+55,III_signgd,I_stable,0.785942922764163,0.8181366339862136
0.823265306122449,0.7448979591836734,1.063680355040959e-56,9.945902704056153e-28,1.3443036360099936e+49,II_spike,I_stable,0.8018120676876266,0.8318796305464131
0.823265306122449,0.7644897959183673,9.123422865000405e-144,1.8616957946390276e-25,9.073965267326256e+73,II_spike,I_stable,0.8175771964006852,0.845487727622176
0.823265306122449,0.7840816326530612,1.2297823729947537e-247,1.2297823729947537e-247,1.9482731418356332e+62,I_stable,I_stable,0.8332416310595315,0.8589656570217082
0.823265306122449,0.8036734693877551,1.2366949644875631e-247,1.2366949644875631e-247,1.3553477724034761e+62,I_stable,I_stable,0.8488085075715106,0.8723178709763119
0.823265306122449,0.823265306122449,1.2450195619077325e-247,1.2450195619077325e-247,1.0449332137549498e+62,I_stable,I_stable,0.8642807903120353,0.8855485650463302
0.823265306122449,0.8428571428571429,1.7014522229591626e-247,1.7014522229591626e-247,9.620331774233218e+61,I_stable,I_stable,0.8796612853567701,0.8986616986518081
0.823265306122449,0.8624489795918368,1.7196485305312252e-247,1.7196485305312252e-247,9.694775752341801e+61,I_stable,I_stable,0.8949526524098372,0.9116610135234937
0.823265306122449,0.8820408163265305,2.164242020213452e-247,2.164242020213452e-247,1.0443415677260111e+62,I_stable,I_stable,0.910157415583198,0.9245500503271527
0.823265306122449,0.9016326530612244,2.610344129911759e-247,2.610344129911759e-247,1.247375962768171e+62,I_stable,I_stable,0.9252779731608697,0.9373321636784746
0.823265306122449,0.9212244897959183,3.0855403439080745e-247,3.0855403439080745e-247,1.6803555020964865e+62,I_stable,I_stable,0.9403166064635249,0.95001053573586
0.823265306122449,0.9408163265306122,4.0332298504096e-247,4.0332298504096e-247,2.568693325581297e+62,I_stable,I_stable,0.9552754879136958,0.9625881885330734
0.823265306122449,0.9604081632653061,6.09827056037914e-247,6.09827056037914e-247,5.046271160551881e+62,I_stable,I_stable,0.9701566883887878,0.975067995192316
0.823265306122449,0.98,1.5005362152737194e-246,1.5005362152737194e-246,1.7757594074486096e+63,I_stable,I_stable,0.9849621839380145,0.9874526901400564
0.8428571428571429,0.02,1.76341520492187e-30,1.715644789502927e-05,3.3489213984819216e+30,III_signgd,II_spike,0.053182958969449884,0.08672488792828036
0.8428571428571429,0.03959183673469388,8.585259846785145e-37,1.4518427150653736e-11,1.1206733848585823e+39,III_signgd,II_spike,0.0887573316607622,0.13289343624648517
0.8428571428571429,0.05918367346938776,1.636201177571927e-33,5.8829920034540204e-09,9.146772741069914e+35,III_signgd,II_spike,0.11999176412600944,0.17085441221071906
0.8428571428571429,0.07877551020408163,7.698428118455166e-35,1.7811537286865055e-10,5.355992874743974e+36,III_signgd,II_spike,0.14869399108610135,0.20428878025677358
0.8428571428571429,0.09836734693877551,1.6180595249644495e-34,3.4055493944422547e-10,1.6591747127712527e+35,III_signgd,II_spike,0.17564598165422904,0.23471013804909577
0.8428571428571429,0.11795918367346939,2.1444766968860447e-37,2.3943252556704523e-10,6.465197720748995e+41,III_signgd,II_spike,0.20127916346199196,0.2629252823644016
0.8428571428571429,0.13755102040816325,9.748297753873198e-33,1.4964081053386384e-10,2.28800799632424e+32,III_signgd,II_spike,0.2258644406312193,0.2894275613209483
0.8428571428571429,0.1571428571428571,7.404580755333262e-49,8.035265190620698e-11,4.1132495079942705e+57,III_signgd,II_spike,0.24958643848936826,0.3145459902001079
0.8428571428571429,0.176734693877551,2.5939426983889926e-39,3.942983991245105e-12,6.832419282019272e+41,III_signgd,II_spike,0.27257835044093476,0.3385136086233395
0.8428571428571429,0.1963265306122449,1.4464472221770813e-40,2.3765036585316923e-13,5.295293916091659e+41,III_signgd,II_spike,0.29494038580671944,0.3615029702725009
0.8428571428571429,0.21591836734693876,1.3925711400079356e-39,7.545077339880764e-28,7.839653641951092e+40,III_signgd,I_stable,0.31675041368227413,0.38364628074541884
0.8428571428571429,0.23551020408163262,1.1131955706803371e-39,9.093631388064973e-15,8.071716040902395e+42,III_signgd,II_spike,0.33807051609020067,0.40504761611013695
0.8428571428571429,0.25510204081632654,1.011028741901899e-42,1.0932109059067206e-14,1.0955665789385847e+45,III_signgd,II_spike,0.35895123321356215,0.4257907359260144
0.8428571428571429,0.2746938775510204,3.395428144934165e-48,5.072823936168118e-15,1.1072588048914503e+53,III_signgd,II_spike,0.3794344287204513,0.4459442950811514
0.8428571428571429,0.29428571428571426,1.5232566223973157e-48,4.850439206287252e-16,1.0864842461708328e+53,III_signgd,II_spike,0.39955529026532965,0.46556544382477766
0.8428571428571429,0.31387755102040815,3.511014153400996e-43,3.6469994302578406e-18,1.6346480266823196e+44,III_signgd,I_stable,0.41934376641984905,0.4847023882973251
0.8428571428571429,0.33346938775510204,3.0138872455464545e-43,3.6049518829091416e-19,1.0412033986577439e+44,III_signgd,I_stable,0.4388256240669263,0.5033962576661685
0.8428571428571429,0.35306122448979593,3.2318786483919046e-44,5.0136399793847436e-17,9.389841824217305e+43,III_signgd,II_spike,0.45802324290480784,0.521682495210736
0.8428571428571429,0.3726530612244898,2.003826057943498e-50,2.2781615739563276e-18,2.585259722618741e+53,III_signgd,I_stable,0.4769562233715155,0.5395919143211331
0.8428571428571429,0.39224489795918366,3.5517709947321633e-45,1.4469793227552614e-30,6.09277101279523e+42,III_signgd,I_stable,0.49564185930152915,0.5571515134352752
0.8428571428571429,0.41183673469387755,2.933502444202554e-45,8.702777641052018e-17,6.230206988981975e+45,III_signgd,II_spike,0.5140955106577026,0.5743851141903371
0.8428571428571429,0.43142857142857144,1.1101206180654587e-56,7.513263698668956e-21,4.9992601233542605e+61,III_signgd,I_stable,0.5323309012057498,0.5913138676923984
0.8428571428571429,0.4510204081632653,1.2259841073012627e-48,7.609650683782093e-19,1.9391243539388236e+48,III_signgd,I_stable,0.5503603589627031,0.6079566608873909
0.8428571428571429,0.47061224489795916,4.774523502955687e-38,1.1471572828363414e-21,2.5032286917815033e+30,III_signgd,I_stable,0.5681950124246583,0.6243304462120175
0.8428571428571429,0.49020408163265305,1.9238460693571373e-39,9.535869128553845e-21,4.657211712212556e+32,III_signgd,I_stable,0.5858449522056745,0.6404505115873405
0.8428571428571429,0.509795918367347,1.0100675079527709e-54,5.96725502014228e-22,1.7921001384912177e+56,III_signgd,I_stable,0.6033193653210811,0.6563307034948636
0.8428571428571429,0.5293877551020408,3.111382789471465e-39,3.866899903048394e-22,1.6181402051717116e+32,III_signgd,I_stable,0.6206266476163069,0.6719836127708723
0.8428571428571429,0.5489795918367347,2.92852856386074e-38,2.9200073012464694e-22,5.255811316013267e+28,III_signgd,I_stable,0.6377744985737119,0.6874207304936282
0.8428571428571429,0.5685714285714285,4.5488046931813554e-32,1.82405928329092e-21,2.504137890851411e+18,III_signgd,I_stable,0.654770001788624,0.7026525796689959
0.8428571428571429,0.5881632653061224,4.1329731132805326e-58,1.197272872292476e-22,7.104070354874864e+59,III_signgd,I_stable,0.6716196936990277,0.7176888271731363
0.8428571428571429,0.6077551020408163,3.3077298179695843e-53,1.5968623136125769e-27,1.743761261190002e+51,III_signgd,I_stable,0.6883296226168335,0.732538379468813
0.8428571428571429,0.6273469387755102,1.8512638687758274e-55,4.431533714099483e-23,2.755524415789256e+55,III_signgd,I_stable,0.7049053996971941,0.7472094648927027
0.8428571428571429,0.6469387755102041,1.0082468646363896e-50,6.126268605606843e-22,1.1643707326323e+47,III_signgd,I_stable,0.7213522431638066,0.7617097047568138
0.8428571428571429,0.666530612244898,1.4359926792327782e-51,1.3528608354865362e-22,4.24450714287641e+48,III_signgd,I_stable,0.7376750168593522,0.776046175076077
0.8428571428571429,0.6861224489795918,1.4914096576141417e-53,2.3932085777693296e-25,2.0753241744579945e+51,III_signgd,I_stable,0.753878263994344,0.7902254603961592
0.8428571428571429,0.7057142857142857,4.9092846522573994e-48,1.0527164652840317e-23,3.183866821902845e+42,III_signgd,I_stable,0.7699662368122037,0.8042537009284144
0.8428571428571429,0.7253061224489796,1.209667661291269e-51,9.336103667962264e-22,1.305398700743115e+47,III_signgd,I_stable,0.785942922764163,0.8181366339862136
0.8428571428571429,0.7448979591836734,1.0003080431139483e-50,1.0202296789660856e-23,8.094294172497304e+44,III_signgd,I_stable,0.8018120676876266,0.8318796305464131
0.8428571428571429,0.7644897959183673,1.8958879017788527e-62,3.232451861302706e-23,2.4912956232641586e+60,II_spike,I_stable,0.8175771964006852,0.845487727622176
0.8428571428571429,0.7840816326530612,3.174863094747105e-73,1.654859573554871e-30,7.815672912269502e+49,II_spike,I_stable,0.8332416310595315,0.8589656570217082
0.8428571428571429,0.8036734693877551,1.2356104873352101e-247,1.2356104873352101e-247,2.859927894130821e+62,I_stable,I_stable,0.8488085075715106,0.8723178709763119
0.8428571428571429,0.823265306122449,1.2442452132199069e-247,1.2442452132199069e-247,1.8408917540032018e+62,I_stable,I_stable,0.8642807903120353,0.8855485650463302
0.8428571428571429,0.8428571428571429,1.7006483065216516e-247,1.7006483065216516e-247,1.378147876945945e+62,I_stable,I_stable,0.8796612853567701,0.8986616986518081
0.8428571428571429,0.8624489795918368,1.7189636121244272e-247,1.7189636121244272e-247,1.2555000677896483e+62,I_stable,I_stable,0.8949526524098372,0.9116610135234937
0.8428571428571429,0.8820408163265305,2.163468421115969e-247,2.163468421115969e-247,1.3005084935763156e+62,I_stable,I_stable,0.910157415583198,0.9245500503271527
0.8428571428571429,0.9016326530612244,2.6094691540269493e-247,2.6094691540269493e-247,1.4655922883896158e+62,I_stable,I_stable,0.9252779731608697,0.9373321636784746
0.8428571428571429,0.9212244897959183,3.084593458711335e-247,3.084593458711335e-247,1.8444689024089903e+62,I_stable,I_stable,0.9403166064635249,0.95001053573586
0.8428571428571429,0.9408163265306122,4.03207252054767e-247,4.03207252054767e-247,2.7652466522826856e+62,I_stable,I_stable,0.9552754879136958,0.9625881885330734
0.8428571428571429,0.9604081632653061,6.096713689815377e-247,6.096713689815377e-247,5.248099616207321e+62,I_stable,I_stable,0.9701566883887878,0.975067995192316
0.8428571428571429,0.98,1.50017739547445e-246,1.50017739547445e-246,1.8065945073878156e+63,I_stable,I_stable,0.9849621839380145,0.9874526901400564
0.8624489795918368,0.02,3.8967656244539266e-28,6.206439015472239e-08,1.9136496910985872e+28,III_signgd,II_spike,0.053182958969449884,0.08672488792828036
0.8624489795918368,0.03959183673469388,7.028886484501136e-32,4.181956610521844e-07,3.8304354191625386e+33,III_signgd,II_spike,0.0887573316607622,0.13289343624648517
0.8624489795918368,0.05918367346938776,2.7290572424278704e-30,2.3936939348481542e-08,1.6822633398280782e+31,III_signgd,II_spike,0.11999176412600944,0.17085441221071906
0.8624489795918368,0.07877551020408163,1.5026902080704634e-36,3.9266014926824035e-09,5.3185150653280496e+42,III_signgd,II_spike,0.14869399108610135,0.20428878025677358
0.8624489795918368,0.09836734693877551,2.8344361007268265e-37,2.0285140140033384e-08,6.636005797997064e+42,III_signgd,II_spike,0.17564598165422904,0.23471013804909577
0.8624489795918368,0.11795918367346939,1.3478902842152473e-35,4.933450858206279e-09,6.468193258372226e+37,III_signgd,II_spike,0.20127916346199196,0.2629252823644016
0.8624489795918368,0.13755102040816325,1.8788886483381905e-33,6.853665468321341e-10,3.062758307820251e+35,III_signgd,II_spike,0.2258644406312193,0.2894275613209483
0.8624489795918368,0.1571428571428571,1.590097250639444e-41,1.9843093395863918e-10,3.751879478125388e+44,III_signgd,II_spike,0.24958643848936826,0.3145459902001079
0.8624489795918368,0.176734693877551,5.6406928676492156e-42,8.214566808880223e-13,8.216277572639814e+47,III_signgd,II_spike,0.27257835044093476,0.3385136086233395
0.8624489795918368,0.1963265306122449,1.7849723917527986e-44,2.3720929365642562e-11,9.604776552274114e+49,III_signgd,II_spike,0.29494038580671944,0.3615029702725009
0.8624489795918368,0.21591836734693876,2.0634330966081666e-40,3.449150447725532e-17,6.668195827430661e+43,III_signgd,II_spike,0.31675041368227413,0.38364628074541884
0.8624489795918368,0.23551020408163262,9.907426366584928e-38,3.493863968367394e-12,2.2278142856691936e+38,III_signgd,II_spike,0.33807051609020067,0.40504761611013695
0.8624489795918368,0.25510204081632654,7.675737415349923e-41,9.19242339863843e-13,8.858168251340323e+41,III_signgd,II_spike,0.35895123321356215,0.4257907359260144
0.8624489795918368,0.2746938775510204,7.00940843814987e-42,3.097093966498338e-14,2.828102994885222e+43,III_signgd,II_spike,0.3794344287204513,0.4459442950811514
0.8624489795918368,0.29428571428571426,1.055104567841399e-40,5.905909909594239e-15,6.983560685540041e+40,III_signgd,II_spike,0.39955529026532965,0.46556544382477766
0.8624489795918368,0.31387755102040815,1.812256200025811e-38,1.2803426088459004e-15,4.483304456574959e+37,III_signgd,II_spike,0.41934376641984905,0.4847023882973251
0.8624489795918368,0.33346938775510204,8.306200063862655e-44,1.674079559821293e-15,1.4723991572544797e+45,III_signgd,II_spike,0.4388256240669263,0.5033962576661685
0.8624489795918368,0.35306122448979593,1.57353798815057e-48,2.492481971246039e-16,5.835130875261318e+52,III_signgd,II_spike,0.45802324290480784,0.521682495210736
0.8624489795918368,0.3726530612244898,9.802896674985509e-51,1.58379069958481e-21,2.852514809752284e+54,III_signgd,I_stable,0.4769562233715155,0.5395919143211331
0.8624489795918368,0.39224489795918366,2.9326309712096213e-44,7.738795729621808e-17,9.693518678838735e+43,III_signgd,II_spike,0.49564185930152915,0.5571515134352752
0.8624489795918368,0.41183673469387755,3.838077167608913e-45,9.254326614985695e-18,6.138788750716057e+43,III_signgd,I_stable,0.5140955106577026,0.5743851141903371
0.8624489795918368,0.43142857142857144,2.7391119101222714e-46,1.3198009567967886e-20,4.4282829458786536e+45,III_signgd,I_stable,0.5323309012057498,0.5913138676923984
0.8624489795918368,0.4510204081632653,5.307810884482775e-48,5.995532115560753e-19,4.372325839471302e+49,III_signgd,I_stable,0.5503603589627031,0.6079566608873909
0.8624489795918368,0.47061224489795916,1.9960672751187543e-53,3.757586442239944e-20,1.1299420671648118e+57,III_signgd,I_stable,0.5681950124246583,0.6243304462120175
0.8624489795918368,0.49020408163265305,4.730811863310038e-31,3.529519426835855e-21,5.129267394273041e+19,III_signgd,I_stable,0.5858449522056745,0.6404505115873405
0.8624489795918368,0.509795918367347,6.293807557687275e-45,3.063442056614101e-25,1.7051698413538085e+41,III_signgd,I_stable,0.6033193653210811,0.6563307034948636
0.8624489795918368,0.5293877551020408,2.1212313048051547e-55,1.2242343652546873e-34,3.6450682250181305e+58,III_signgd,I_stable,0.6206266476163069,0.6719836127708723
0.8624489795918368,0.5489795918367347,1.4108983600257477e-48,4.804790716834092e-22,9.016004811564393e+46,III_signgd,I_stable,0.6377744985737119,0.6874207304936282
0.8624489795918368,0.5685714285714285,2.0677758571892823e-52,1.6933718258319282e-22,5.925211828028124e+51,III_signgd,I_stable,0.654770001788624,0.7026525796689959
0.8624489795918368,0.5881632653061224,1.8343733378544685e-46,8.780332810443183e-21,5.851878078358892e+41,III_signgd,I_stable,0.6716196936990277,0.7176888271731363
0.8624489795918368,0.6077551020408163,1.8567115178741493e-35,2.2334181442016854e-22,2.353770152231962e+27,III_signgd,I_stable,0.6883296226168335,0.732538379468813
0.8624489795918368,0.6273469387755102,6.267310043917426e-39,4.501200393707077e-21,7.932556271335875e+28,III_signgd,I_stable,0.7049053996971941,0.7472094648927027
0.8624489795918368,0.6469387755102041,1.8425217862146748e-56,3.652655767474752e-23,4.775658293590893e+56,III_signgd,I_stable,0.7213522431638066,0.7617097047568138
0.8624489795918368,0.666530612244898,6.298259865892893e-53,7.360035683919822e-23,8.229732350929552e+50,III_signgd,I_stable,0.7376750168593522,0.776046175076077
0.8624489795918368,0.6861224489795918,6.240663879951948e-55,9.767306159123673e-25,1.933125448582472e+53,III_signgd,I_stable,0.753878263994344,0.7902254603961592
0.8624489795918368,0.7057142857142857,4.861931524507421e-52,6.357301383486454e-25,3.1048587588179914e+48,III_signgd,I_stable,0.7699662368122037,0.8042537009284144
0.8624489795918368,0.7253061224489796,7.71397045184009e-52,3.8293203008088654e-25,4.489783817320047e+47,III_signgd,I_stable,0.785942922764163,0.8181366339862136
0.8624489795918368,0.7448979591836734,4.469978690347986e-53,1.5691512512321758e-24,7.114497439794292e+48,III_signgd,I_stable,0.8018120676876266,0.8318796305464131
0.8624489795918368,0.7644897959183673,9.541941414960616e-56,5.956048400127658e-27,3.470692603396824e+51,III_signgd,I_stable,0.8175771964006852,0.845487727622176
0.8624489795918368,0.7840816326530612,2.848305162468493e-62,1.5279102358755532e-22,6.747616559872642e+63,III_signgd,I_stable,0.8332416310595315,0.8589656570217082
0.8624489795918368,0.8036734693877551,4.253285669455775e-62,1.1448785012380863e-21,1.3935093372902826e+52,II_spike,I_stable,0.8488085075715106,0.8723178709763119
0.8624489795918368,0.823265306122449,1.2428924641708319e-247,1.2428924641708319e-247,4.595795066973762e+62,I_stable,I_stable,0.8642807903120353,0.8855485650463302
0.8624489795918368,0.8428571428571429,1.6994091780112967e-247,1.6994091780112967e-247,2.5802970657090773e+62,I_stable,I_stable,0.8796612853567701,0.8986616986518081
0.8624489795918368,0.8624489795918368,1.7179177275474316e-247,1.7179177275474316e-247,1.8837771918967874e+62,I_stable,I_stable,0.8949526524098372,0.9116610135234937
0.8624489795918368,0.8820408163265305,2.1624242002409942e-247,2.1624242002409942e-247,1.7011388855056167e+62,I_stable,I_stable,0.910157415583198,0.9245500503271527
0.8624489795918368,0.9016326530612244,2.608337175675747e-247,2.608337175675747e-247,1.7923377363821298e+62,I_stable,I_stable,0.9252779731608697,0.9373321636784746
0.8624489795918368,0.9212244897959183,3.0833670211152704e-247,3.0833670211152704e-247,2.098735105245109e+62,I_stable,I_stable,0.9403166064635249,0.95001053573586
0.8624489795918368,0.9408163265306122,4.030644558993781e-247,4.030644558993781e-247,3.0214075625191306e+62,I_stable,I_stable,0.9552754879136958,0.9625881885330734
0.8624489795918368,0.9604081632653061,6.094731944216473e-247,6.094731944216473e-247,5.585867228876108e+62,I_stable,I_stable,0.9701566883887878,0.975067995192316
0.8624489795918368,0.98,1.4996870816875932e-246,1.4996870816875932e-246,1.850276753462448e+63,I_stable,I_stable,0.9849621839380145,0.9874526901400564
0.8820408163265305,0.02,8.544632895254067e-31,1.6209647931516123e-08,1.3508274033994766e+32,III_signgd,II_spike,0.053182958969449884,0.08672488792828036
0.8820408163265305,0.03959183673469388,1.046485956689416e-33,3.267752010413102e-09,2.913501028819654e+37,III_signgd,II_spike,0.0887573316607622,0.13289343624648517
0.8820408163265305,0.05918367346938776,2.8857965824114253e-33,8.494589096657483e-07,5.650205769731816e+37,III_signgd,II_spike,0.11999176412600944,0.17085441221071906
0.8820408163265305,0.07877551020408163,4.682505436242995e-33,1.0494061781060308e-10,2.271657835537969e+35,III_signgd,II_spike,0.14869399108610135,0.20428878025677358
0.8820408163265305,0.09836734693877551,6.808841739094748e-31,7.456316965822225e-10,8.60439882603681e+29,III_signgd,II_spike,0.17564598165422904,0.23471013804909577
0.8820408163265305,0.11795918367346939,9.201343016698226e-37,1.1808764773168579e-10,4.7657589644139044e+38,III_signgd,II_spike,0.20127916346199196,0.2629252823644016
0.8820408163265305,0.13755102040816325,4.1424724770901163e-35,6.100130925666847e-11,2.4089560015720145e+38,III_signgd,II_spike,0.2258644406312193,0.2894275613209483
0.8820408163265305,0.1571428571428571,2.45577424066055e-36,4.3008307020355754e-09,1.5616676150137436e+38,III_signgd,II_spike,0.24958643848936826,0.3145459902001079
0.8820408163265305,0.176734693877551,1.999391787033934e-37,1.285327660263232e-10,1.192960504401525e+41,III_signgd,II_spike,0.27257835044093476,0.3385136086233395
0.8820408163265305,0.1963265306122449,5.285624447656504e-41,2.1414732937752418e-12,1.4153450251627345e+45,III_signgd,II_spike,0.29494038580671944,0.3615029702725009
0.8820408163265305,0.21591836734693876,1.2612118713600908e-42,7.400179728207284e-13,1.2335568053542599e+49,III_signgd,II_spike,0.31675041368227413,0.38364628074541884
0.8820408163265305,0.23551020408163262,9.350398095665895e-37,1.8236253791371695e-13,1.083836040644334e+38,III_signgd,II_spike,0.33807051609020067,0.40504761611013695
0.8820408163265305,0.25510204081632654,1.223231570752261e-39,1.3218327373498941e-13,2.2221858791508986e+41,III_signgd,II_spike,0.35895123321356215,0.4257907359260144
0.8820408163265305,0.2746938775510204,1.2924765068443592e-45,5.097548450806622e-19,1.0236385546516775e+51,III_signgd,I_stable,0.3794344287204513,0.4459442950811514
0.8820408163265305,0.29428571428571426,5.739159576595401e-40,1.3799129209333653e-13,1.0707396948807597e+41,III_signgd,II_spike,0.39955529026532965,0.46556544382477766
0.8820408163265305,0.31387755102040815,4.752156410368554e-41,2.211000955964062e-16,1.3535759527723892e+41,III_signgd,II_spike,0.41934376641984905,0.4847023882973251
0.8820408163265305,0.33346938775510204,1.1492092921442967e-45,5.526906921447918e-15,6.114764319713654e+47,III_signgd,II_spike,0.4388256240669263,0.5033962576661685
0.8820408163265305,0.35306122448979593,6.30234164267843e-44,2.6310175838820373e-15,2.601023619469533e+45,III_signgd,II_spike,0.45802324290480784,0.521682495210736
0.8820408163265305,0.3726530612244898,4.970344620717018e-47,1.720273112825588e-16,4.1375777905087085e+50,III_signgd,II_spike,0.4769562233715155,0.5395919143211331
0.8820408163265305,0.39224489795918366,1.5313153358015946e-55,1.1476124743920383e-18,4.22030584371067e+64,III_signgd,I_stable,0.49564185930152915,0.5571515134352752
0.8820408163265305,0.41183673469387755,2.2771982901100233e-41,5.51984250737927e-18,2.945510141189668e+38,III_signgd,I_stable,0.5140955106577026,0.5743851141903371
0.8820408163265305,0.43142857142857144,1.892972326253237e-44,1.7759765145233977e-17,2.2115851910941927e+43,III_signgd,II_spike,0.5323309012057498,0.5913138676923984
0.8820408163265305,0.4510204081632653,7.98224189504987e-44,2.4083923023281893e-18,2.194684164967712e+44,III_signgd,I_stable,0.5503603589627031,0.6079566608873909
0.8820408163265305,0.47061224489795916,1.6635056436837992e-50,5.997275140709992e-18,1.4580389037825376e+53,III_signgd,I_stable,0.5681950124246583,0.6243304462120175
0.8820408163265305,0.49020408163265305,3.586318381135017e-60,2.1109297427222265e-20,8.510886375746991e+68,III_signgd,I_stable,0.5858449522056745,0.6404505115873405
0.8820408163265305,0.509795918367347,5.094755406288241e-41,4.28295783369717e-25,6.175220669059803e+36,III_signgd,I_stable,0.6033193653210811,0.6563307034948636
0.8820408163265305,0.5293877551020408,4.907982789881094e-33,4.700628746700721e-19,4.669814104748652e+36,III_signgd,I_stable,0.6206266476163069,0.6719836127708723
0.8820408163265305,0.5489795918367347,1.0075645573516599e-49,1.554839489188836e-21,5.015142145872585e+49,III_signgd,I_stable,0.6377744985737119,0.6874207304936282
0.8820408163265305,0.5685714285714285,8.065639860245524e-51,6.187187435143961e-30,1.7834536053122364e+50,III_signgd,I_stable,0.654770001788624,0.7026525796689959
0.8820408163265305,0.5881632653061224,7.73114239484205e-33,2.0987641533637916e-21,3.314985210042908e+22,III_signgd,I_stable,0.6716196936990277,0.7176888271731363
0.8820408163265305,0.6077551020408163,1.6037882196263386e-45,2.137036023493031e-20,6.919771684428548e+40,III_signgd,I_stable,0.6883296226168335,0.732538379468813
0.8820408163265305,0.6273469387755102,4.916356015713631e-48,1.2230550786646099e-21,5.098617044609251e+43,III_signgd,I_stable,0.7049053996971941,0.7472094648927027
0.8820408163265305,0.6469387755102041,1.0224710500204983e-38,2.9675226304383214e-28,8.016582213515365e+27,III_signgd,I_stable,0.7213522431638066,0.7617097047568138
0.8820408163265305,0.666530612244898,3.180443825591512e-66,3.9323307879659187e-23,2.290534966285843e+72,III_signgd,I_stable,0.7376750168593522,0.776046175076077
0.8820408163265305,0.6861224489795918,3.784012299826032e-54,1.3716192863749826e-23,1.0571825237721054e+52,III_signgd,I_stable,0.753878263994344,0.7902254603961592
0.8820408163265305,0.7057142857142857,1.6616317354479023e-57,2.6177110893462034e-23,6.300929998818968e+57,III_signgd,I_stable,0.7699662368122037,0.8042537009284144
0.8820408163265305,0.7253061224489796,1.9228116096686967e-51,9.29978043937325e-24,9.169773166466643e+47,III_signgd,I_stable,0.785942922764163,0.8181366339862136
0.8820408163265305,0.7448979591836734,1.4299485129421462e-50,7.055425373486546e-24,1.5998224269857878e+46,III_signgd,I_stable,0.8018120676876266,0.8318796305464131
0.8820408163265305,0.7644897959183673,4.3812650279991795e-49,3.4541604857993725e-27,8.562555868390353e+43,III_signgd,I_stable,0.8175771964006852,0.845487727622176
0.8820408163265305,0.7840816326530612,1.0985098541198958e-57,1.417796938098868e-29,3.825489543288054e+57,III_signgd,I_stable,0.8332416310595315,0.8589656570217082
0.8820408163265305,0.8036734693877551,3.0581745945283303e-55,1.2315794535447734e-26,7.290703586484456e+51,III_signgd,I_stable,0.8488085075715106,0.8723178709763119
0.8820408163265305,0.823265306122449,1.2375296012360322e-65,1.6125877513644298e-24,4.4176627069193825e+51,II_spike,I_stable,0.8642807903120353,0.8855485650463302
0.8820408163265305,0.8428571428571429,8.981020155581593e-201,2.020240849751051e-46,5.450255866306763e+123,II_spike,I_stable,0.8796612853567701,0.8986616986518081
0.8820408163265305,0.8624489795918368,1.7161855644535215e-247,1.7161855644535215e-247,3.8360999108349493e+62,I_stable,I_stable,0.8949526524098372,0.9116610135234937
0.8820408163265305,0.8820408163265305,2.1608147199620478e-247,2.1608147199620478e-247,2.639706209850737e+62,I_stable,I_stable,0.910157415583198,0.9245500503271527
0.8820408163265305,0.9016326530612244,2.6067337406805633e-247,2.6067337406805633e-247,2.379646279887793e+62,I_stable,I_stable,0.9252779731608697,0.9373321636784746
0.8820408163265305,0.9212244897959183,3.0817103196258025e-247,3.0817103196258025e-247,2.5686815581669164e+62,I_stable,I_stable,0.9403166064635249,0.95001053573586
0.8820408163265305,0.9408163265306122,4.0286460938332364e-247,4.0286460938332364e-247,3.4191510147370324e+62,I_stable,I_stable,0.9552754879136958,0.9625881885330734
0.8820408163265305,0.9604081632653061,6.092020321795671e-247,6.092020321795671e-247,6.008111933403181e+62,I_stable,I_stable,0.9701566883887878,0.975067995192316
0.8820408163265305,0.98,1.499047991549777e-246,1.499047991549777e-246,1.9121560002787936e+63,I_stable,I_stable,0.9849621839380145,0.9874526901400564
0.9016326530612244,0.02,5.737065218791127e-29,3.7342215661020237e-06,1.0364003302084965e+30,III_signgd,II_spike,0.053182958969449884,0.08672488792828036
0.9016326530612244,0.03959183673469388,4.367992069326941e-28,5.56553224760263e-07,6.162048070584927e+27,III_signgd,II_spike,0.0887573316607622,0.13289343624648517
0.9016326530612244,0.05918367346938776,4.442447544504039e-34,4.334309365568736e-09,1.3233276397686256e+37,III_signgd,II_spike,0.11999176412600944,0.17085441221071906
0.9016326530612244,0.07877551020408163,1.3464329010729812e-32,7.3194548011213205e-09,5.81066722895549e+34,III_signgd,II_spike,0.14869399108610135,0.20428878025677358
0.9016326530612244,0.09836734693877551,4.1857704675352145e-33,2.0290412207252393e-06,1.7536466401331308e+35,III_signgd,II_spike,0.17564598165422904,0.23471013804909577
0.9016326530612244,0.11795918367346939,5.305296629179295e-32,6.097523087124801e-10,7.802152084842973e+33,III_signgd,II_spike,0.20127916346199196,0.2629252823644016
0.9016326530612244,0.13755102040816325,8.563763610762872e-34,7.021458434907073e-08,1.8562457102022616e+36,III_signgd,II_spike,0.2258644406312193,0.2894275613209483
0.9016326530612244,0.1571428571428571,8.170256217726626e-37,5.5734878564721945e-11,7.549376170656249e+40,III_signgd,II_spike,0.24958643848936826,0.3145459902001079
0.9016326530612244,0.176734693877551,4.5726907497886046e-37,4.2830887028260013e-10,3.5564300430545786e+38,III_signgd,II_spike,0.27257835044093476,0.3385136086233395
0.9016326530612244,0.1963265306122449,4.4620133918576227e-35,1.6112887003696533e-10,2.635616681260031e+37,III_signgd,II_spike,0.29494038580671944,0.3615029702725009
0.9016326530612244,0.21591836734693876,2.943873828107199e-39,7.597290752099908e-12,1.775758347891123e+43,III_signgd,II_spike,0.31675041368227413,0.38364628074541884
0.9016326530612244,0.23551020408163262,1.399421084915003e-37,2.3248590193495618e-14,1.1118098415453004e+40,III_signgd,II_spike,0.33807051609020067,0.40504761611013695
0.9016326530612244,0.25510204081632654,4.849110899781583e-38,4.3256655292819923e-14,1.0872104619310919e+40,III_signgd,II_spike,0.35895123321356215,0.4257907359260144
0.9016326530612244,0.2746938775510204,9.589579580818151e-38,7.141250260950892e-14,3.1563593996598623e+38,III_signgd,II_spike,0.3794344287204513,0.4459442950811514
0.9016326530612244,0.29428571428571426,3.453649512643604e-38,8.031078246605175e-19,3.0775678232884024e+38,III_signgd,I_stable,0.39955529026532965,0.46556544382477766
0.9016326530612244,0.31387755102040815,8.825800732473654e-43,6.561439312524401e-14,1.718545632498131e+45,III_signgd,II_spike,0.41934376641984905,0.4847023882973251
0.9016326530612244,0.33346938775510204,3.753823494037053e-50,5.3039045377574365e-15,2.03916368108724e+57,III_signgd,II_spike,0.4388256240669263,0.5033962576661685
0.9016326530612244,0.35306122448979593,3.2047141388638773e-46,6.252325030642169e-15,1.5998688546012726e+50,III_signgd,II_spike,0.45802324290480784,0.521682495210736
0.9016326530612244,0.3726530612244898,8.947458857807434e-43,1.1108196958025879e-16,2.388009340163228e+44,III_signgd,II_spike,0.4769562233715155,0.5395919143211331
0.9016326530612244,0.39224489795918366,1.531222802554395e-41,6.396651618526859e-18,3.648672696821207e+41,III_signgd,I_stable,0.49564185930152915,0.5571515134352752
0.9016326530612244,0.41183673469387755,5.352029466948402e-46,1.838523483108504e-17,1.3840909127299525e+48,III_signgd,II_spike,0.5140955106577026,0.5743851141903371
0.9016326530612244,0.43142857142857144,1.3385867564250396e-42,3.657016826139029e-17,1.4730685898034334e+42,III_signgd,II_spike,0.5323309012057498,0.5913138676923984
0.9016326530612244,0.4510204081632653,1.0830408135236116e-55,3.363106846420915e-18,3.836903684988501e+63,III_signgd,I_stable,0.5503603589627031,0.6079566608873909
0.9016326530612244,0.47061224489795916,7.952902227622471e-51,2.097860551228048e-21,1.813996417103514e+54,III_signgd,I_stable,0.5681950124246583,0.6243304462120175
0.9016326530612244,0.49020408163265305,4.543754165825217e-50,2.6144807693220804e-19,6.72879251365761e+52,III_signgd,I_stable,0.5858449522056745,0.6404505115873405
0.9016326530612244,0.509795918367347,9.207901705205698e-36,3.9304922055662504e-18,5.112247693539851e+31,III_signgd,I_stable,0.6033193653210811,0.6563307034948636
0.9016326530612244,0.5293877551020408,5.30132507535235e-52,1.1197384421987373e-20,3.456338740545157e+55,III_signgd,I_stable,0.6206266476163069,0.6719836127708723
0.9016326530612244,0.5489795918367347,7.838630155614491e-47,8.055839432625494e-26,3.1446720651559437e+46,III_signgd,I_stable,0.6377744985737119,0.6874207304936282
0.9016326530612244,0.5685714285714285,2.8098354243053404e-43,3.522384791722001e-19,2.4402015388282188e+39,III_signgd,I_stable,0.654770001788624,0.7026525796689959
0.9016326530612244,0.5881632653061224,1.7099055815820325e-53,6.6077365067529726e-21,1.6571558406824404e+55,III_signgd,I_stable,0.6716196936990277,0.7176888271731363
0.9016326530612244,0.6077551020408163,2.1923946841561156e-47,9.318930669062997e-21,4.863847509208028e+44,III_signgd,I_stable,0.6883296226168335,0.732538379468813
0.9016326530612244,0.6273469387755102,3.132699203174027e-70,3.4827256744984383e-25,3.4973647094627796e+81,III_signgd,I_stable,0.7049053996971941,0.7472094648927027
0.9016326530612244,0.6469387755102041,4.668880654174905e-49,3.089398881305326e-22,9.238655549590505e+45,III_signgd,I_stable,0.7213522431638066,0.7617097047568138
0.9016326530612244,0.666530612244898,1.7691081416159954e-48,2.6047995820274166e-21,5.260017562475581e+44,III_signgd,I_stable,0.7376750168593522,0.776046175076077
0.9016326530612244,0.6861224489795918,5.594628460460377e-54,7.285870383273333e-23,4.190853381903811e+52,III_signgd,I_stable,0.753878263994344,0.7902254603961592
0.9016326530612244,0.7057142857142857,3.47907083771565e-52,9.242885660559272e-27,3.2513986099001615e+49,III_signgd,I_stable,0.7699662368122037,0.8042537009284144
0.9016326530612244,0.7253061224489796,1.6101379625782062e-55,9.093612985086862e-29,5.11264492847904e+54,III_signgd,I_stable,0.785942922764163,0.8181366339862136
0.9016326530612244,0.7448979591836734,1.5053106556054205e-52,8.327904219303557e-24,1.8586058312771046e+48,III_signgd,I_stable,0.8018120676876266,0.8318796305464131
0.9016326530612244,0.7644897959183673,5.894081823997545e-54,9.363214778479695e-26,2.55828162587168e+50,III_signgd,I_stable,0.8175771964006852,0.845487727622176
0.9016326530612244,0.7840816326530612,5.568919502997999e-54,2.1357262683306692e-27,9.676914380159316e+50,III_signgd,I_stable,0.8332416310595315,0.8589656570217082
0.9016326530612244,0.8036734693877551,2.53681558134932e-53,2.247684813896577e-23,7.08803218343351e+48,III_signgd,I_stable,0.8488085075715106,0.8723178709763119
0.9016326530612244,0.823265306122449,8.319020428876791e-56,5.776356382452462e-26,3.44188154883243e+51,III_signgd,I_stable,0.8642807903120353,0.8855485650463302
0.9016326530612244,0.8428571428571429,2.590731425777899e-58,9.69819187444771e-26,7.429411845078765e+56,III_signgd,I_stable,0.8796612853567701,0.8986616986518081
0.9016326530612244,0.8624489795918368,1.7589644150132074e-80,1.708017876851312e-57,1.5840845005253752e+61,II_spike,I_stable,0.8949526524098372,0.9116610135234937
0.9016326530612244,0.8820408163265305,2.1575659989906468e-247,2.1575659989906468e-247,6.415463665384795e+62,I_stable,I_stable,0.910157415583198,0.9245500503271527
0.9016326530612244,0.9016326530612244,2.6040569857107368e-247,2.6040569857107368e-247,4.0160495424807226e+62,I_stable,I_stable,0.9252779731608697,0.9373321636784746
0.9016326530612244,0.9212244897959183,3.079166736107756e-247,3.079166736107756e-247,3.5112082381612497e+62,I_stable,I_stable,0.9403166064635249,0.95001053573586
0.9016326530612244,0.9408163265306122,4.0257611322714385e-247,4.0257611322714385e-247,4.155455277936594e+62,I_stable,I_stable,0.9552754879136958,0.9625881885330734
0.9016326530612244,0.9604081632653061,6.088164589258578e-247,6.088164589258578e-247,6.688714590858436e+62,I_stable,I_stable,0.9701566883887878,0.975067995192316
0.9016326530612244,0.98,1.4981324877709943e-246,1.4981324877709943e-246,2.0072143460298475e+63,I_stable,I_stable,0.9849621839380145,0.9874526901400564
0.9212244897959183,0.02,2.390150321200902e-38,1.2728044157999694e-06,3.03773990743686e+47,III_signgd,II_spike,0.053182958969449884,0.08672488792828036
0.9212244897959183,0.03959183673469388,1.508502658900462e-30,1.9139946649576745e-05,2.5114965862018487e+32,III_signgd,II_spike,0.0887573316607622,0.13289343624648517
0.9212244897959183,0.05918367346938776,4.803959635452778e-31,1.0285795582632995e-05,1.5807115937219387e+33,III_signgd,II_spike,0.11999176412600944,0.17085441221071906
0.9212244897959183,0.07877551020408163,2.0363468995561096e-34,8.971037180473689e-09,2.817707920989442e+41,III_signgd,II_spike,0.14869399108610135,0.20428878025677358
0.9212244897959183,0.09836734693877551,1.1338672181369287e-27,1.6114867606421476e-07,1.3807253667780538e+29,III_signgd,II_spike,0.17564598165422904,0.23471013804909577
0.9212244897959183,0.11795918367346939,2.543211852514975e-34,1.4138331062152618e-08,3.2266062202118856e+38,III_signgd,II_spike,0.20127916346199196,0.2629252823644016
0.9212244897959183,0.13755102040816325,4.434921424886786e-37,9.513207235817983e-09,2.950804758484388e+39,III_signgd,II_spike,0.2258644406312193,0.2894275613209483
0.9212244897959183,0.1571428571428571,1.2105738498706039e-34,2.370341202919145e-10,1.4933195481732957e+37,III_signgd,II_spike,0.24958643848936826,0.3145459902001079
0.9212244897959183,0.176734693877551,7.58059507869994e-37,8.543028619795057e-11,1.0207942508493765e+42,III_signgd,II_spike,0.27257835044093476,0.3385136086233395
0.9212244897959183,0.1963265306122449,6.743227115053626e-37,6.158165740258246e-11,6.484924973918569e+39,III_signgd,II_spike,0.29494038580671944,0.3615029702725009
0.9212244897959183,0.21591836734693876,1.3515632520535732e-38,1.0420139194452277e-11,7.009568097597095e+40,III_signgd,II_spike,0.31675041368227413,0.38364628074541884
0.9212244897959183,0.23551020408163262,1.0747814923732067e-35,7.31534910134178e-12,2.8919248158827074e+36,III_signgd,II_spike,0.33807051609020067,0.40504761611013695
0.9212244897959183,0.25510204081632654,2.330562214924523e-36,6.498906254689541e-11,4.933788176832083e+37,III_signgd,II_spike,0.35895123321356215,0.4257907359260144
0.9212244897959183,0.2746938775510204,2.4143008179820232e-39,4.084332224752208e-13,3.2486794071684876e+40,III_signgd,II_spike,0.3794344287204513,0.4459442950811514
0.9212244897959183,0.29428571428571426,4.765667723550508e-44,5.666182739443111e-13,6.44851158730943e+48,III_signgd,II_spike,0.39955529026532965,0.46556544382477766
0.9212244897959183,0.31387755102040815,6.892829974874049e-44,7.490131735417707e-13,1.0553950498079276e+48,III_signgd,II_spike,0.41934376641984905,0.4847023882973251
0.9212244897959183,0.33346938775510204,1.3481871840016563e-45,9.084465311197307e-14,7.197846269558932e+49,III_signgd,II_spike,0.4388256240669263,0.5033962576661685
0.9212244897959183,0.35306122448979593,2.9147270071190246e-40,5.582024238329669e-19,5.130921082558245e+40,III_signgd,I_stable,0.45802324290480784,0.521682495210736
0.9212244897959183,0.3726530612244898,4.059495984720123e-43,2.471552813745353e-14,8.560028602979024e+44,III_signgd,II_spike,0.4769562233715155,0.5395919143211331
0.9212244897959183,0.39224489795918366,2.11024625376157e-43,2.6395674427216154e-21,1.7462776363554626e+44,III_signgd,I_stable,0.49564185930152915,0.5571515134352752
0.9212244897959183,0.41183673469387755,6.033540615115035e-45,2.626878232749199e-17,1.077909888745192e+47,III_signgd,II_spike,0.5140955106577026,0.5743851141903371
0.9212244897959183,0.43142857142857144,2.4962210132670567e-43,7.257189111325514e-16,1.0290132128636104e+44,III_signgd,II_spike,0.5323309012057498,0.5913138676923984
0.9212244897959183,0.4510204081632653,2.914079084576984e-48,1.2737187946302063e-16,1.5852231794792183e+52,III_signgd,II_spike,0.5503603589627031,0.6079566608873909
0.9212244897959183,0.47061224489795916,1.375586571506354e-49,3.7821326934522443e-16,1.9143483440526145e+54,III_signgd,II_spike,0.5681950124246583,0.6243304462120175
0.9212244897959183,0.49020408163265305,1.8454678590965068e-44,1.3295108943503931e-16,1.0346999737665376e+45,III_signgd,II_spike,0.5858449522056745,0.6404505115873405
0.9212244897959183,0.509795918367347,2.3416561514116353e-42,3.352851664657011e-17,1.2514879794037773e+41,III_signgd,II_spike,0.6033193653210811,0.6563307034948636
0.9212244897959183,0.5293877551020408,4.3752562684906296e-45,3.5394350946073245e-20,1.6460584297318998e+45,III_signgd,I_stable,0.6206266476163069,0.6719836127708723
0.9212244897959183,0.5489795918367347,2.5892595853956275e-34,1.5378190475633073e-19,4.106891966348113e+31,III_signgd,I_stable,0.6377744985737119,0.6874207304936282
0.9212244897959183,0.5685714285714285,5.498561273232396e-51,2.2647575291447254e-17,2.4817595685447153e+54,III_signgd,II_spike,0.654770001788624,0.7026525796689959
0.9212244897959183,0.5881632653061224,7.859778193151085e-48,2.296833777229214e-19,1.2941372622861613e+48,III_signgd,I_stable,0.6716196936990277,0.7176888271731363
0.9212244897959183,0.6077551020408163,9.249152641147841e-49,1.235218996786234e-19,3.6201813242008044e+48,III_signgd,I_stable,0.6883296226168335,0.732538379468813
0.9212244897959183,0.6273469387755102,1.537683058544881e-45,1.7337542183010186e-20,8.680707968208347e+42,III_signgd,I_stable,0.7049053996971941,0.7472094648927027
0.9212244897959183,0.6469387755102041,4.054949889332152e-45,3.5257911366688176e-20,9.409683507882316e+40,III_signgd,I_stable,0.7213522431638066,0.7617097047568138
0.9212244897959183,0.666530612244898,8.536204945004176e-53,1.5000977260209878e-22,3.715257813056412e+52,III_signgd,I_stable,0.7376750168593522,0.776046175076077
0.9212244897959183,0.6861224489795918,1.7801521497972452e-60,1.7227311496127407e-36,1.0024368914233063e+65,III_signgd,I_stable,0.753878263994344,0.7902254603961592
0.9212244897959183,0.7057142857142857,9.167038119238286e-45,9.757725017345144e-23,4.821794572909697e+37,III_signgd,I_stable,0.7699662368122037,0.8042537009284144
0.9212244897959183,0.7253061224489796,2.0706064686794046e-52,1.1089039636537746e-23,1.4553070934550798e+50,III_signgd,I_stable,0.785942922764163,0.8181366339862136
0.9212244897959183,0.7448979591836734,6.214173639091606e-54,9.48486990765158e-23,2.5135697190521518e+51,III_signgd,I_stable,0.8018120676876266,0.8318796305464131
0.9212244897959183,0.7644897959183673,1.0923400764897657e-50,2.396114320849686e-23,6.446350322195533e+45,III_signgd,I_stable,0.8175771964006852,0.845487727622176
0.9212244897959183,0.7840816326530612,2.854400984227487e-55,1.5502714672278281e-24,1.5305702664788027e+53,III_signgd,I_stable,0.8332416310595315,0.8589656570217082
0.9212244897959183,0.8036734693877551,4.055992143325553e-54,1.5978239658910654e-25,3.027792791730481e+49,III_signgd,I_stable,0.8488085075715106,0.8723178709763119
0.9212244897959183,0.823265306122449,2.8432575046726104e-60,3.6900781855232185e-28,3.630060858282226e+61,III_signgd,I_stable,0.8642807903120353,0.8855485650463302
0.9212244897959183,0.8428571428571429,1.8348414575165262e-53,9.199250350916402e-25,9.468374497910334e+47,III_signgd,I_stable,0.8796612853567701,0.8986616986518081
0.9212244897959183,0.8624489795918368,1.29017558825576e-65,5.3858462461416164e-27,1.0498994003782267e+53,III_signgd,I_stable,0.8949526524098372,0.9116610135234937
0.9212244897959183,0.8820408163265305,5.46600888264235e-69,6.972451137877882e-25,1.434095842954289e+51,II_spike,I_stable,0.910157415583198,0.9245500503271527
0.9212244897959183,0.9016326530612244,2.597806475918424e-247,2.597806475918424e-247,1.2572325552399163e+63,I_stable,I_stable,0.9252779731608697,0.9373321636784746
0.9212244897959183,0.9212244897959183,3.074704119186212e-247,3.074704119186212e-247,6.398748875482049e+62,I_stable,I_stable,0.9403166064635249,0.95001053573586
0.9212244897959183,0.9408163265306122,4.0211410505504015e-247,4.0211410505504015e-247,5.763411707353341e+62,I_stable,I_stable,0.9552754879136958,0.9625881885330734
0.9212244897959183,0.9604081632653061,6.0822298038134e-247,6.0822298038134e-247,7.953350400371593e+62,I_stable,I_stable,0.9701566883887878,0.975067995192316
0.9212244897959183,0.98,1.496756231869969e-246,1.496756231869969e-246,2.1586944687812972e+63,I_stable,I_stable,0.9849621839380145,0.9874526901400564
0.9408163265306122,0.02,4.501669866530768e-25,0.0006197817344262691,4.1944394369592525e+26,III_signgd,II_spike,0.053182958969449884,0.08672488792828036
0.9408163265306122,0.03959183673469388,4.252694354671691e-26,1.4307659355023538e-06,1.310500834395081e+27,III_signgd,II_spike,0.0887573316607622,0.13289343624648517
0.9408163265306122,0.05918367346938776,1.591861008109207e-27,9.614621263128923e-10,1.2381907661227463e+29,III_signgd,II_spike,0.11999176412600944,0.17085441221071906
0.9408163265306122,0.07877551020408163,8.669165415711374e-27,2.0012495376357215e-06,1.0157098979946075e+26,III_signgd,II_spike,0.14869399108610135,0.20428878025677358
0.9408163265306122,0.09836734693877551,1.475773792902381e-31,5.7320800070163336e-08,1.4686712826213117e+33,III_signgd,II_spike,0.17564598165422904,0.23471013804909577
0.9408163265306122,0.11795918367346939,7.452946115166806e-32,2.0821213932780798e-07,2.1873467543846508e+36,III_signgd,II_spike,0.20127916346199196,0.2629252823644016
0.9408163265306122,0.13755102040816325,8.144494057138849e-32,8.190292910915373e-10,2.951785415729172e+34,III_signgd,II_spike,0.2258644406312193,0.2894275613209483
0.9408163265306122,0.1571428571428571,1.2501087670527266e-30,3.4583989971087077e-09,8.064998812721764e+33,III_signgd,II_spike,0.24958643848936826,0.3145459902001079
0.9408163265306122,0.176734693877551,2.56073697381519e-33,1.3311242074449817e-10,1.0458581155650076e+34,III_signgd,II_spike,0.27257835044093476,0.3385136086233395
0.9408163265306122,0.1963265306122449,1.947852095634801e-42,1.502122958770305e-08,7.504190579357789e+48,III_signgd,II_spike,0.29494038580671944,0.3615029702725009
0.9408163265306122,0.21591836734693876,3.294406152149815e-32,1.9469426245956364e-09,2.3752682112718583e+33,III_signgd,II_spike,0.31675041368227413,0.38364628074541884
0.9408163265306122,0.23551020408163262,2.8761643350789254e-36,3.09860951284134e-11,1.8606111231306407e+40,III_signgd,II_spike,0.33807051609020067,0.40504761611013695
0.9408163265306122,0.25510204081632654,2.6192549381001812e-39,6.023814637573862e-11,9.208180683387194e+40,III_signgd,II_spike,0.35895123321356215,0.4257907359260144
0.9408163265306122,0.2746938775510204,2.372546825179045e-40,3.250267792948131e-13,1.587815511684248e+43,III_signgd,II_spike,0.3794344287204513,0.4459442950811514
0.9408163265306122,0.29428571428571426,1.3751025205028282e-44,2.9072855996517797e-12,2.699967964994733e+50,III_signgd,II_spike,0.39955529026532965,0.46556544382477766
0.9408163265306122,0.31387755102040815,5.170394774656418e-39,1.9815833156092498e-13,5.959224015115349e+40,III_signgd,II_spike,0.41934376641984905,0.4847023882973251
0.9408163265306122,0.33346938775510204,1.2942992487310035e-41,1.5685863391663142e-13,1.3701500856170271e+44,III_signgd,II_spike,0.4388256240669263,0.5033962576661685
0.9408163265306122,0.35306122448979593,1.2678546147839111e-37,8.122074922485328e-14,9.766844576711892e+37,III_signgd,II_spike,0.45802324290480784,0.521682495210736
0.9408163265306122,0.3726530612244898,4.694369718503159e-49,2.212844212934225e-15,1.7954076343647405e+56,III_signgd,II_spike,0.4769562233715155,0.5395919143211331
0.9408163265306122,0.39224489795918366,1.7493288175685414e-48,8.453284357612876e-16,3.0201275672478508e+54,III_signgd,II_spike,0.49564185930152915,0.5571515134352752
0.9408163265306122,0.41183673469387755,4.644319494769013e-43,2.273513125484437e-18,2.24339503227718e+45,III_signgd,I_stable,0.5140955106577026,0.5743851141903371
0.9408163265306122,0.43142857142857144,2.0516474691675486e-44,1.2868323389967316e-14,3.6583685931141254e+46,III_signgd,II_spike,0.5323309012057498,0.5913138676923984
0.9408163265306122,0.4510204081632653,6.3106566958112e-51,1.011509629583794e-15,2.279101147628425e+57,III_signgd,II_spike,0.5503603589627031,0.6079566608873909
0.9408163265306122,0.47061224489795916,2.783745154505491e-42,1.6369851686020492e-15,2.816984052293341e+42,III_signgd,II_spike,0.5681950124246583,0.6243304462120175
0.9408163265306122,0.49020408163265305,5.892028989727582e-48,2.5252978563340053e-18,4.938870353611422e+51,III_signgd,I_stable,0.5858449522056745,0.6404505115873405
0.9408163265306122,0.509795918367347,8.057978333243436e-51,4.551260970029616e-16,2.6610998873077835e+56,III_signgd,II_spike,0.6033193653210811,0.6563307034948636
0.9408163265306122,0.5293877551020408,2.334272269523979e-39,4.782344550395988e-16,1.3210389247812838e+37,III_signgd,II_spike,0.6206266476163069,0.6719836127708723
0.9408163265306122,0.5489795918367347,1.5472155668219079e-40,1.321416121647151e-16,8.255633360981753e+38,III_signgd,II_spike,0.6377744985737119,0.6874207304936282
0.9408163265306122,0.5685714285714285,1.09100941076148e-32,1.998339960744234e-16,1.3416571821184144e+26,III_signgd,II_spike,0.654770001788624,0.7026525796689959
0.9408163265306122,0.5881632653061224,1.8029002951850613e-50,1.656194299349795e-23,1.833204541348593e+54,III_signgd,I_stable,0.6716196936990277,0.7176888271731363
0.9408163265306122,0.6077551020408163,1.521394496349202e-50,2.9795340214549766e-17,1.556060295425841e+54,III_signgd,II_spike,0.6883296226168335,0.732538379468813
0.9408163265306122,0.6273469387755102,1.771265960172771e-47,2.0483986021780375e-19,1.583236622191392e+48,III_signgd,I_stable,0.7049053996971941,0.7472094648927027
0.9408163265306122,0.6469387755102041,6.211591396094057e-30,2.7953083309741368e-19,1.6829280017353512e+24,III_signgd,I_stable,0.7213522431638066,0.7617097047568138
0.9408163265306122,0.666530612244898,3.627827683788934e-52,1.0333546475984635e-18,5.3165871418916476e+54,III_signgd,I_stable,0.7376750168593522,0.776046175076077
0.9408163265306122,0.6861224489795918,2.4983967202541695e-53,2.029451967589792e-20,4.142737227697682e+55,III_signgd,I_stable,0.753878263994344,0.7902254603961592
0.9408163265306122,0.7057142857142857,4.790093179001786e-53,1.574703310683579e-20,9.912336908088122e+53,III_signgd,I_stable,0.7699662368122037,0.8042537009284144
0.9408163265306122,0.7253061224489796,3.3917069859545555e-47,6.1403140943992344e-24,1.0809892180967687e+43,III_signgd,I_stable,0.785942922764163,0.8181366339862136
0.9408163265306122,0.7448979591836734,3.018097438844758e-51,5.671579276751279e-22,2.9575388903989464e+48,III_signgd,I_stable,0.8018120676876266,0.8318796305464131
0.9408163265306122,0.7644897959183673,1.119622731910923e-55,2.9288042739955825e-23,3.7226128813793355e+54,III_signgd,I_stable,0.8175771964006852,0.845487727622176
0.9408163265306122,0.7840816326530612,3.732305086538099e-54,1.938948243149078e-23,5.731200563173048e+51,III_signgd,I_stable,0.8332416310595315,0.8589656570217082
0.9408163265306122,0.8036734693877551,2.131899110638899e-50,7.52453729348333e-28,2.979088643237578e+44,III_signgd,I_stable,0.8488085075715106,0.8723178709763119
0.9408163265306122,0.823265306122449,1.0178091527146258e-50,2.6998412473885e-25,6.300318199069944e+44,III_signgd,I_stable,0.8642807903120353,0.8855485650463302
0.9408163265306122,0.8428571428571429,1.6518553823872244e-58,2.3897697564131122e-24,1.4363932785911343e+57,III_signgd,I_stable,0.8796612853567701,0.8986616986518081
0.9408163265306122,0.8624489795918368,3.1327949581769157e-56,3.8979486373048134e-25,5.0568055663918184e+51,III_signgd,I_stable,0.8949526524098372,0.9116610135234937
0.9408163265306122,0.8820408163265305,7.583850950296552e-64,1.4516024806406197e-36,1.7643205061068744e+50,III_signgd,I_stable,0.910157415583198,0.9245500503271527
0.9408163265306122,0.9016326530612244,5.116999641365039e-97,2.2100505681016896e-28,1.3877791522050873e+55,III_signgd,I_stable,0.9252779731608697,0.9373321636784746
0.9408163265306122,0.9212244897959183,1.1658428522544695e-252,3.0735018218773517e-247,5.748596017880403e+83,II_spike,I_stable,0.9403166064635249,0.95001053573586
0.9408163265306122,0.9408163265306122,4.0120214245548024e-247,4.0120214245548024e-247,1.1789645517511618e+63,I_stable,I_stable,0.9552754879136958,0.9625881885330734
0.9408163265306122,0.9604081632653061,6.071658745547727e-247,6.071658745547727e-247,1.1136852860268384e+63,I_stable,I_stable,0.9701566883887878,0.975067995192316
0.9408163265306122,0.98,1.4944169876248652e-246,1.4944169876248652e-246,2.459932474827249e+63,I_stable,I_stable,0.9849621839380145,0.9874526901400564
0.9604081632653061,0.02,3.737769180810598e-22,4.659305402858353e-06,3.483333057420204e+22,III_signgd,II_spike,0.053182958969449884,0.08672488792828036
0.9604081632653061,0.03959183673469388,2.067947452870722e-26,2.5724456437968626e-06,4.88498328185414e+28,III_signgd,II_spike,0.0887573316607622,0.13289343624648517
0.9604081632653061,0.05918367346938776,2.7284394943958596e-25,0.0003234639630034907,1.9316145102058728e+25,III_signgd,II_spike,0.11999176412600944,0.17085441221071906
0.9604081632653061,0.07877551020408163,2.813988563026582e-40,6.105222146803092e-07,1.919848215976431e+48,III_signgd,II_spike,0.14869399108610135,0.20428878025677358
0.9604081632653061,0.09836734693877551,1.8561522615030361e-31,9.173419851329828e-06,1.3361351728952618e+36,III_signgd,II_spike,0.17564598165422904,0.23471013804909577
0.9604081632653061,0.11795918367346939,2.1095277283711757e-28,4.1295935893145405e-08,4.4433898948387236e+32,III_signgd,II_spike,0.20127916346199196,0.2629252823644016
0.9604081632653061,0.13755102040816325,2.9102784084406176e-32,2.8540902055785093e-07,1.7948929527893067e+36,III_signgd,II_spike,0.2258644406312193,0.2894275613209483
0.9604081632653061,0.1571428571428571,6.182656672739737e-30,1.9571638574954386e-06,1.5943939952558948e+32,III_signgd,II_spike,0.24958643848936826,0.3145459902001079
0.9604081632653061,0.176734693877551,3.856160576111095e-34,1.1260627479858287e-08,1.232929382839994e+35,III_signgd,II_spike,0.27257835044093476,0.3385136086233395
0.9604081632653061,0.1963265306122449,1.08411789623258e-37,2.898583509963687e-08,1.0617337818682648e+41,III_signgd,II_spike,0.29494038580671944,0.3615029702725009
0.9604081632653061,0.21591836734693876,5.2178307908339466e-33,1.0479165407277882e-09,2.0981067985183375e+34,III_signgd,II_spike,0.31675041368227413,0.38364628074541884
0.9604081632653061,0.23551020408163262,5.56980435348777e-41,6.676045151377351e-10,2.3903724321139387e+47,III_signgd,II_spike,0.33807051609020067,0.40504761611013695
0.9604081632653061,0.25510204081632654,2.104657423291066e-40,1.5638354065289437e-11,5.265354567675846e+51,III_signgd,II_spike,0.35895123321356215,0.4257907359260144
0.9604081632653061,0.2746938775510204,8.979996811068335e-36,4.5699306475720884e-11,1.013982925708762e+37,III_signgd,II_spike,0.3794344287204513,0.4459442950811514
0.9604081632653061,0.29428571428571426,1.3636081827463146e-36,1.3770231951894013e-10,2.8334862080022503e+39,III_signgd,II_spike,0.39955529026532965,0.46556544382477766
0.9604081632653061,0.31387755102040815,5.376628200210228e-39,5.542481603735047e-13,4.06135039461511e+41,III_signgd,II_spike,0.41934376641984905,0.4847023882973251
0.9604081632653061,0.33346938775510204,5.389880475925798e-43,2.545337945098627e-13,6.250864162720406e+47,III_signgd,II_spike,0.4388256240669263,0.5033962576661685
0.9604081632653061,0.35306122448979593,3.148393045665479e-39,1.1256074059146031e-12,9.216860411623584e+40,III_signgd,II_spike,0.45802324290480784,0.521682495210736
0.9604081632653061,0.3726530612244898,3.470134494037174e-39,2.0696695281773164e-13,5.512076170658995e+40,III_signgd,II_spike,0.4769562233715155,0.5395919143211331
0.9604081632653061,0.39224489795918366,3.2020735606607476e-39,9.051624147963117e-14,1.4993768794510289e+40,III_signgd,II_spike,0.49564185930152915,0.5571515134352752
0.9604081632653061,0.41183673469387755,5.117444811584149e-37,9.603400140751599e-14,5.4444850177285216e+35,III_signgd,II_spike,0.5140955106577026,0.5743851141903371
0.9604081632653061,0.43142857142857144,1.0015009272047865e-47,1.3307982066233911e-14,5.101562802950961e+53,III_signgd,II_spike,0.5323309012057498,0.5913138676923984
0.9604081632653061,0.4510204081632653,8.25193937014781e-43,6.773403990369407e-17,7.630516726166514e+44,III_signgd,II_spike,0.5503603589627031,0.6079566608873909
0.9604081632653061,0.47061224489795916,5.582384588956191e-47,5.250357634832089e-15,6.64995706327923e+51,III_signgd,II_spike,0.5681950124246583,0.6243304462120175
0.9604081632653061,0.49020408163265305,9.88999259139062e-41,6.194707469412806e-15,1.101660871768457e+41,III_signgd,II_spike,0.5858449522056745,0.6404505115873405
0.9604081632653061,0.509795918367347,2.271743347495451e-41,2.303207601689651e-15,3.179413641558984e+41,III_signgd,II_spike,0.6033193653210811,0.6563307034948636
0.9604081632653061,0.5293877551020408,4.926080511892745e-43,6.243563358725498e-17,1.8389425897013248e+44,III_signgd,II_spike,0.6206266476163069,0.6719836127708723
0.9604081632653061,0.5489795918367347,1.4246066871150406e-41,2.2557236824261903e-15,5.876588785830533e+41,III_signgd,II_spike,0.6377744985737119,0.6874207304936282
0.9604081632653061,0.5685714285714285,4.8768638274437734e-42,9.582398189543574e-16,2.2889962240864673e+42,III_signgd,II_spike,0.654770001788624,0.7026525796689959
0.9604081632653061,0.5881632653061224,8.934601387173021e-37,2.74665413480487e-19,5.644529700455892e+33,III_signgd,I_stable,0.6716196936990277,0.7176888271731363
0.9604081632653061,0.6077551020408163,3.731053253861329e-36,2.5042754482947845e-16,1.455317693846646e+33,III_signgd,II_spike,0.6883296226168335,0.732538379468813
0.9604081632653061,0.6273469387755102,4.640680112840745e-50,3.27249821012354e-16,1.2622329208142774e+55,III_signgd,II_spike,0.7049053996971941,0.7472094648927027
0.9604081632653061,0.6469387755102041,8.675991485108562e-33,4.3831137526676667e-20,1.2699350260674417e+27,III_signgd,I_stable,0.7213522431638066,0.7617097047568138
0.9604081632653061,0.666530612244898,3.648675366268913e-43,2.382750950785061e-16,1.46891205727331e+43,III_signgd,II_spike,0.7376750168593522,0.776046175076077
0.9604081632653061,0.6861224489795918,2.9363528164187006e-56,6.738921504242765e-17,5.149713038507763e+64,III_signgd,II_spike,0.753878263994344,0.7902254603961592
0.9604081632653061,0.7057142857142857,1.5879364192575745e-50,1.719411398991859e-20,4.718857261209424e+54,III_signgd,I_stable,0.7699662368122037,0.8042537009284144
0.9604081632653061,0.7253061224489796,7.664695554983258e-47,2.545302182983811e-24,1.157409807997436e+48,III_signgd,I_stable,0.785942922764163,0.8181366339862136
0.9604081632653061,0.7448979591836734,5.80354244029712e-49,1.0231409135357244e-19,6.232006562279216e+50,III_signgd,I_stable,0.8018120676876266,0.8318796305464131
0.9604081632653061,0.7644897959183673,2.1523710217972732e-47,2.9150633850883447e-19,8.961594326974225e+46,III_signgd,I_stable,0.8175771964006852,0.845487727622176
0.9604081632653061,0.7840816326530612,1.6494780869455907e-48,5.0204509844280386e-20,7.942342901511853e+46,III_signgd,I_stable,0.8332416310595315,0.8589656570217082
0.9604081632653061,0.8036734693877551,5.818683904997932e-48,4.958191667862148e-22,1.7214617748253212e+43,III_signgd,I_stable,0.8488085075715106,0.8723178709763119
0.9604081632653061,0.823265306122449,1.9818020721758998e-54,1.7805832471205223e-24,8.44099000781443e+51,III_signgd,I_stable,0.8642807903120353,0.8855485650463302
0.9604081632653061,0.8428571428571429,3.137201667327702e-39,3.4724617735242094e-24,1.9442368346931576e+37,III_signgd,I_stable,0.8796612853567701,0.8986616986518081
0.9604081632653061,0.8624489795918368,3.2896999664733003e-50,2.7736797630691334e-25,3.8694238181101544e+42,III_signgd,I_stable,0.8949526524098372,0.9116610135234937
0.9604081632653061,0.8820408163265305,1.0135137619245193e-53,5.4405924090051215e-27,1.203314572320511e+46,III_signgd,I_stable,0.910157415583198,0.9245500503271527
0.9604081632653061,0.9016326530612244,4.977836062952897e-59,9.710276398013972e-26,7.561558691820151e+54,III_signgd,I_stable,0.9252779731608697,0.9373321636784746
0.9604081632653061,0.9212244897959183,2.944892719321562e-85,3.716960003576508e-30,3.0635897526913413e+56,III_signgd,I_stable,0.9403166064635249,0.95001053573586
0.9604081632653061,0.9408163265306122,2.259561838784552e-83,2.029826225364206e-26,8.450612873327014e+56,II_spike,I_stable,0.9552754879136958,0.9625881885330734
0.9604081632653061,0.9604081632653061,6.045304690383185e-247,6.045304690383185e-247,2.7253118790274638e+63,I_stable,I_stable,0.9701566883887878,0.975067995192316
0.9604081632653061,0.98,1.4895367706126224e-246,1.4895367706126224e-246,3.27278929614812e+63,I_stable,I_stable,0.9849621839380145,0.9874526901400564
0.98,0.02,1.9770355912978698e-24,0.006672244150087422,1.5511483435568527e+28,III_signgd,II_spike,0.053182958969449884,0.08672488792828036
0.98,0.03959183673469388,1.8977280725130947e-20,7.137682818359907e-05,2.98611255989344e+20,III_signgd,II_spike,0.0887573316607622,0.13289343624648517
0.98,0.05918367346938776,3.745724602308293e-28,0.00034360792789571323,5.052997721894441e+32,III_signgd,II_spike,0.11999176412600944,0.17085441221071906
0.98,0.07877551020408163,3.4700628712469547e-29,0.0030575985526167756,1.3624712622005909e+35,III_signgd,II_spike,0.14869399108610135,0.20428878025677358
0.98,0.09836734693877551,2.1510257689034537e-26,8.385400637824416e-06,8.676910761143275e+26,III_signgd,II_spike,0.17564598165422904,0.23471013804909577
0.98,0.11795918367346939,1.235892730680272e-28,1.8175389816583118e-05,1.0232873217546445e+32,III_signgd,II_spike,0.20127916346199196,0.2629252823644016
0.98,0.13755102040816325,9.219153814475214e-35,2.882610189147534e-06,3.440730963092859e+39,III_signgd,II_spike,0.2258644406312193,0.2894275613209483
0.98,0.1571428571428571,1.3687552719471982e-39,2.019904332869059e-06,2.45729614218092e+48,III_signgd,II_spike,0.24958643848936826,0.3145459902001079
0.98,0.176734693877551,2.2182639697549734e-35,5.473279227485388e-08,1.1599506407102774e+41,III_signgd,II_spike,0.27257835044093476,0.3385136086233395
0.98,0.1963265306122449,1.0660780651873298e-36,5.253734607049922e-08,5.751536479318094e+40,III_signgd,II_spike,0.29494038580671944,0.3615029702725009
0.98,0.21591836734693876,1.7189733844707557e-32,3.030635065105189e-08,8.333649041292196e+34,III_signgd,II_spike,0.31675041368227413,0.38364628074541884
0.98,0.23551020408163262,2.9118417719092287e-31,6.684309475179592e-09,2.5193927619182226e+32,III_signgd,II_spike,0.33807051609020067,0.40504761611013695
0.98,0.25510204081632654,6.857265325614497e-35,1.4657015541552202e-10,2.155593394580267e+36,III_signgd,II_spike,0.35895123321356215,0.4257907359260144
0.98,0.2746938775510204,4.085286016496127e-39,7.726341168567071e-11,1.516562676153866e+43,III_signgd,II_spike,0.3794344287204513,0.4459442950811514
0.98,0.29428571428571426,6.244871526789874e-37,3.8577478417227454e-11,1.2592418367383537e+38,III_signgd,II_spike,0.39955529026532965,0.46556544382477766
0.98,0.31387755102040815,6.850971641563252e-38,9.058668999862521e-12,1.1286879396629276e+40,III_signgd,II_spike,0.41934376641984905,0.4847023882973251
0.98,0.33346938775510204,1.58705683633807e-33,1.05587619853024e-12,2.2741593902077664e+32,III_signgd,II_spike,0.4388256240669263,0.5033962576661685
0.98,0.35306122448979593,7.620193540782863e-36,1.5084770135664822e-13,2.3106503601234256e+35,III_signgd,II_spike,0.45802324290480784,0.521682495210736
0.98,0.3726530612244898,5.721391550803903e-36,1.3923576776286242e-15,3.7730861909514045e+35,III_signgd,II_spike,0.4769562233715155,0.5395919143211331
0.98,0.39224489795918366,3.4748041677741005e-39,2.1670920880651782e-13,2.8424749541809235e+40,III_signgd,II_spike,0.49564185930152915,0.5571515134352752
0.98,0.41183673469387755,2.098083423683759e-38,5.651968213699922e-14,1.9897319603190194e+39,III_signgd,II_spike,0.5140955106577026,0.5743851141903371
0.98,0.43142857142857144,6.651729707081197e-48,5.5321126615926607e-14,2.0223442207512654e+54,III_signgd,II_spike,0.5323309012057498,0.5913138676923984
0.98,0.4510204081632653,4.6304683585011437e-42,4.638123024362625e-14,2.7123977166986048e+44,III_signgd,II_spike,0.5503603589627031,0.6079566608873909
0.98,0.47061224489795916,1.555942757767728e-44,4.716860860865308e-14,1.1251573027263909e+48,III_signgd,II_spike,0.5681950124246583,0.6243304462120175
0.98,0.49020408163265305,1.744742339153754e-40,1.2369903541928756e-14,1.869311079998927e+41,III_signgd,II_spike,0.5858449522056745,0.6404505115873405
0.98,0.509795918367347,6.818253520962394e-42,1.6324155621924716e-14,4.2149891993389424e+43,III_signgd,II_spike,0.6033193653210811,0.6563307034948636
0.98,0.5293877551020408,1.9200611069675656e-43,5.135973052832946e-15,9.840099139662417e+45,III_signgd,II_spike,0.6206266476163069,0.6719836127708723
0.98,0.5489795918367347,2.996921036475479e-41,9.428162408605083e-15,1.7030345552762496e+42,III_signgd,II_spike,0.6377744985737119,0.6874207304936282
0.98,0.5685714285714285,3.215409995453599e-40,2.005365415597807e-14,4.2172902312606783e+40,III_signgd,II_spike,0.654770001788624,0.7026525796689959
0.98,0.5881632653061224,1.5139995685841852e-41,4.928989593584703e-15,7.603985445902956e+42,III_signgd,II_spike,0.6716196936990277,0.7176888271731363
0.98,0.6077551020408163,2.0784147570333433e-44,2.1050106492728907e-14,6.8009307749723136e+47,III_signgd,II_spike,0.6883296226168335,0.732538379468813
0.98,0.6273469387755102,1.9825461851521896e-40,1.2498623424026435e-14,1.2669588048760357e+41,III_signgd,II_spike,0.7049053996971941,0.7472094648927027
0.98,0.6469387755102041,2.467612249611318e-41,2.843867400957186e-15,5.944302656593255e+42,III_signgd,II_spike,0.7213522431638066,0.7617097047568138
0.98,0.666530612244898,9.278759352309973e-48,9.94200932806596e-15,2.6403348479900743e+53,III_signgd,II_spike,0.7376750168593522,0.776046175076077
0.98,0.6861224489795918,1.321176082968252e-39,4.6917302709492736e-15,8.655838558133833e+39,III_signgd,II_spike,0.753878263994344,0.7902254603961592
0.98,0.7057142857142857,7.315228994757692e-35,1.2988390657806406e-14,1.1680167870832481e+32,III_signgd,II_spike,0.7699662368122037,0.8042537009284144
0.98,0.7253061224489796,1.7646183226763927e-41,9.93737830865541e-15,1.462866433402924e+43,III_signgd,II_spike,0.785942922764163,0.8181366339862136
0.98,0.7448979591836734,2.734337497303518e-43,1.50752210357993e-14,1.6517902685457149e+46,III_signgd,II_spike,0.8018120676876266,0.8318796305464131
0.98,0.7644897959183673,1.6049110538279797e-46,7.698717256110722e-16,3.972661979131218e+51,III_signgd,II_spike,0.8175771964006852,0.845487727622176
0.98,0.7840816326530612,1.0378053200574257e-40,8.496969168533061e-15,2.7250815563869987e+42,III_signgd,II_spike,0.8332416310595315,0.8589656570217082
0.98,0.8036734693877551,2.88306599976829e-45,2.9455892848199096e-18,1.935630708488028e+49,III_signgd,I_stable,0.8488085075715106,0.8723178709763119
0.98,0.823265306122449,3.1013102347258827e-44,7.314550110226026e-17,1.7670096784665425e+47,III_signgd,II_spike,0.8642807903120353,0.8855485650463302
0.98,0.8428571428571429,1.3668189776331476e-45,1.5504497576783498e-15,7.869587286064339e+48,III_signgd,II_spike,0.8796612853567701,0.8986616986518081
0.98,0.8624489795918368,1.1923302447731817e-45,1.6862449392837215e-16,5.8026602532412756e+47,III_signgd,II_spike,0.8949526524098372,0.9116610135234937
0.98,0.8820408163265305,3.933623936016971e-47,2.3790112030531466e-18,1.178027790094598e+47,III_signgd,I_stable,0.910157415583198,0.9245500503271527
0.98,0.9016326530612244,1.604764643496779e-51,2.2914450293984644e-24,1.0856280367334473e+45,III_signgd,I_stable,0.9252779731608697,0.9373321636784746
0.98,0.9212244897959183,5.992166184396262e-57,2.9968442158908074e-26,4.4019580305829116e+51,III_signgd,I_stable,0.9403166064635249,0.95001053573586
0.98,0.9408163265306122,2.3946900208459346e-58,4.3732258182596064e-34,1.3727527928899678e+51,III_signgd,I_stable,0.9552754879136958,0.9625881885330734
0.98,0.9604081632653061,7.471931987919973e-58,2.958648109933534e-26,1.4904953017867634e+51,III_signgd,I_stable,0.9701566883887878,0.975067995192316
0.98,0.98,1.470909299064965e-246,1.470909299064965e-246,1.1013155333002717e+64,I_stable,I_stable,0.9849621839380145,0.9874526901400564
