step,abs_x,loss,v,g_sq,coupling_ratio
1.0,0.999,0.24900149900025,1.0,1.0,1.0
2.0,0.9979998204347474,0.24800581351403378,0.9995810486010496,0.994014980014994,1.0055995821974149
3.0,0.9969992967263244,0.2470127760578055,0.9987744893495536,0.9880587735796781,1.0108452210095287
4.0,0.9959982779022094,0.24602223455324532,0.9976093964097221,0.9821303044948199,1.0157607313857038
5.0,0.9949966253640474,0.24503405090407265,0.9961127404017626,0.976228596296014,1.0203683278498423
6.0,0.99399421178754,0.24404809972514124,0.9943095419743059,0.9703527628666666,1.0246887317936468
7.0,0.9929909201368295,0.2430642672045205,0.9922230140402848,0.964502000059719,1.0287412716395088
8.0,0.9919866427792018,0.24208245008210927,0.9898746935314866,0.9586755782003109,1.0325439763363375
9.0,0.9909812806879762,0.2411025547306983,0.9872845634595098,0.9528728353603901,1.0361136626233076
10.0,0.989974742723167,0.24012449632738309,0.9844711660091818,0.9470931713119678,1.0394660164695686
100.0,0.8913336850005662,0.15779792457429048,0.5626980271920282,0.5054962626667138,1.113159619071267
200.0,0.7615068744274494,0.08406889161933662,0.229359187045475,0.19718271615318061,1.1631809903018997
300.0,0.6046454387857645,0.0334151282983913,0.06324731585500279,0.04972804836622995,1.2718640271021313
400.0,0.3829272025827454,0.005375326949891762,0.006296622944866768,0.003304651469703831,1.9053818542114165
500.0,0.3423568850453737,0.003434442689806077,0.0006507075865408371,0.0015137409864745995,0.42986719151754693
600.0,0.41654916852356116,0.007526708493572575,0.005224552488826539,0.0052341553721451245,0.9981653423263493
700.0,0.3680030516237409,0.0045850670267101,0.0029451562215986496,0.0025155824616333476,1.1707651275666722
800.0,0.25497408943567934,0.0010566330889446188,0.0004711016705003172,0.00028534062918837884,1.6510150406562007
900.0,0.17116463384437772,0.00021458341380823775,5.9364240964649175e-06,2.0234678982537044e-05,0.29337871391921644
1000.0,0.24506192943878977,0.0009016612436930241,0.00022416967966646685,0.00021776876189901227,1.0293931862018986
1100.0,0.18650527988725904,0.0003024854802659824,6.441840111625376e-05,4.342535468872203e-05,1.4834283237986727
1200.0,0.06845737956289594,5.490616271941307e-06,3.6266209523721753e-07,5.650077787130863e-08,6.418709775345927
1300.0,0.1642734068604082,0.00018205770547053066,2.1161163613870254e-05,1.9838035908892815e-05,1.0666965072073653
1400.0,0.09518723954355396,2.0523665984005828e-05,2.2977512368054186e-06,8.083653754082574e-07,2.842466175205687
1500.0,0.12210700975607676,5.557793325806974e-05,2.524661876164518e-06,3.2831135093184803e-06,0.7689840357327747
1600.0,0.09222582270295149,1.80863179329005e-05,1.1406152278558127e-06,6.457806229796501e-07,1.7662580561692633
1700.0,0.09002350297215184,1.6419640379402073e-05,2.823333669091063e-07,5.151137846837719e-07,0.5480990322991077
1800.0,0.07174013863981268,6.621995101880701e-06,2.6621841711237775e-07,1.4391393011913313e-07,1.8498446737713297
1900.0,0.07468159727977729,7.77668308020929e-06,1.0889923829775682e-07,1.7024367861322197e-07,0.6396668539168842
2000.0,0.04345983806827175,8.918512469858611e-07,3.0967308952166764e-08,7.603590380426473e-09,4.0727218856876215
2100.0,0.062122759846933114,3.7234281170607243e-06,5.630883167351548e-08,5.8140091346422575e-08,0.9685026350922689
2200.0,0.013077525838570336,7.3121039335275075e-09,8.62720154616546e-10,1.789203506111016e-12,482.1811223094128
2300.0,0.03952388955071222,6.100686618647237e-07,8.952789144099276e-09,4.1106139185107955e-09,2.1779688682956433
2400.0,0.04538621189988939,1.0608054796457156e-06,7.778226281279225e-09,8.824947108292765e-09,0.8813906968314925
2500.0,0.026740761591174875,1.278306793124526e-07,1.2993927675582865e-10,2.4901922783165776e-10,0.5218041911352739
2600.0,0.01629074905930898,1.760776463503931e-08,4.805541163320668e-10,2.479027315151272e-11,19.384785048354463
2700.0,0.028253849816865167,1.5931275136424133e-07,1.0472450857080087e-09,5.478241670042714e-10,1.9116445545562128
2800.0,0.030501063041269042,2.1637142847317562e-07,8.446441087051349e-10,8.276558743908338e-10,1.0205257219092472
2900.0,0.02849624164522192,1.648505302087628e-07,3.18007047716807e-10,5.290514889866587e-10,0.6010890326117696
3000.0,0.023152314861701197,7.183195538631071e-08,4.15360374059742e-11,1.3537572506062656e-10,0.30682042432181056
3100.0,0.012466377227898007,6.038110632212009e-09,7.456197410287227e-12,2.084101769936843e-12,3.57765514037886
3200.0,0.004728910995498552,1.2502146078238515e-10,7.55171247653091e-12,2.9348072702739554e-15,2573.1544803710335
3300.0,0.0016682312517458354,1.9362660011980466e-12,6.355576489954555e-12,3.7532568262127983e-19,16933497.450979427
3400.0,0.0015136975743150433,1.3124914065496785e-12,4.380904933511773e-12,1.6418763005960667e-19,26682308.112501107
3500.0,0.0035635196875158474,4.031407121755986e-11,2.5211631633775877e-12,4.548017026594511e-16,5543.433871586444
3600.0,0.007740066834215166,8.972611248526928e-10,1.2438942924376294e-12,1.0649176063885769e-13,11.680662287630033
3700.0,0.013149955948700059,7.475447582454819e-09,1.261545167848347e-12,3.96396751358155e-12,0.31825315508413626
3800.0,0.015019569759564512,1.2722427305215645e-08,4.6931784750633915e-12,1.1029748585333319e-11,0.4255018542584091
3900.0,0.01423740252893495,1.02721904819287e-08,6.7258978198964485e-12,8.584313528897294e-12,0.7835102710607111
4000.0,0.011594306128376093,4.51771740010461e-09,4.502982547894889e-12,2.6879720677677986e-12,1.675234129807885
4100.0,0.006644854671154601,4.873959954262819e-10,1.486607146489099e-12,1.171942230688156e-13,12.68498657665211
4200.0,0.0018287841899175905,2.7963391484137645e-12,3.209860707670435e-13,4.087081300787302e-18,78536.74716605499
4300.0,0.011357518235525044,4.159812731823818e-09,6.742293312666042e-13,1.978977694268835e-12,0.3406957709625469
4400.0,0.010278792035271675,2.790668986511612e-09,1.5192893599849195e-12,1.2786259914450215e-12,1.1882203006587686
4500.0,0.004418292072328908,9.527033562895723e-11,4.0946647628332615e-13,1.1710563000415335e-14,34.965567092615764
4600.0,0.007243266769109564,6.881417868386038e-10,7.234742042545172e-14,8.986077054892247e-14,0.8051057205887631
4700.0,0.0094189570519817,1.967665519009745e-09,7.137849689980225e-13,7.467852150961468e-13,0.9558102578478664
4800.0,0.003128034652658416,2.393460314626687e-11,1.7640760690041595e-13,1.7555348115034226e-15,100.48653307497914
4900.0,0.00870243620644954,1.4338489482232353e-09,1.1426280895953921e-13,3.8048194742432964e-13,0.3003107236310176
5000.0,0.006700010218501274,5.037810983541295e-10,2.818634050889426e-13,1.0792193805415956e-13,2.6117340938363456
5100.0,0.0036726632832499366,4.548460856523063e-11,3.1864502310462817e-14,1.0399996589974229e-15,30.63895457540893
5200.0,0.007588347338012026,8.28950913402468e-10,2.412425166667903e-13,2.1040848909243435e-13,1.1465436480598
5300.0,0.0010172802750985806,2.6773336927826305e-13,3.3531130885152746e-14,5.121935442660669e-20,654657.4290232459
5400.0,0.007457830065851401,7.73374666734465e-10,1.6799006497194026e-13,1.8572049906371813e-13,0.9045316258508718
5500.0,0.0008495344041290103,1.3021586328474778e-13,2.5038706624659775e-14,9.587671916540536e-21,2611552.297848584
5600.0,0.006845591095783917,5.490145129902392e-10,1.1997595723712008e-13,1.1342268800255382e-13,1.0577774107629923
5700.0,0.0025486557801041574,1.0548355166447154e-11,1.3811546169709291e-14,9.349118816477311e-17,147.73099412713844
5800.0,0.005609112669656826,2.474666410706242e-10,7.605112413315489e-14,3.703786787093697e-14,2.053334290142306
5900.0,0.0058081259384379245,2.8450120313163236e-10,1.0293351303678366e-14,2.738363135311518e-14,0.37589431331967543
6000.0,0.003194625595460572,2.6038734677189972e-11,3.197785490847201e-14,1.663029519190104e-15,19.228675462144075
6100.0,0.006650767592971751,4.8913314910257e-10,4.714608954003799e-14,8.85421003391737e-14,0.5324708738491393
6200.0,0.0011647770910271915,4.601625699612036e-13,9.261466639482727e-15,2.7683512755326454e-19,33454.810165667186
6300.0,0.004730229525663073,1.251609546522977e-10,3.658639717264723e-14,1.3864795431495567e-14,2.638798196007767
6400.0,0.006197299394614013,3.6876519052738165e-10,1.749550399647067e-14,5.262494602062232e-14,0.33245647396226585
6500.0,4.375889141018446e-05,9.166536092606495e-19,8.502418411996348e-15,4.071364274784224e-22,20883462.736693986
6600.0,0.004599077667049761,1.118466507975032e-10,2.7210884917694235e-14,1.1628180807493638e-14,2.3400809953142896
6700.0,0.005954914904257715,3.1437083445132703e-10,1.563716999139104e-14,4.273384392459291e-14,0.36592004264779
6800.0,0.0012632968264732142,6.36739261323728e-13,4.916904068708179e-15,6.31173256015186e-19,7790.102039098244
6900.0,0.0033074527580060197,2.991676343601556e-11,1.476193807738633e-14,1.8743528906810674e-15,7.875751759863326
7000.0,0.0055028103376609395,2.2923355342208136e-10,2.1024614034324143e-14,2.9812492980656165e-14,0.7052283097547717
7100.0,0.004561160682030856,1.0820354676221863e-10,2.8202701434733762e-15,6.0095660218692874e-15,0.46929680665961393
7200.0,0.0003293523320701525,2.941595689031391e-15,5.107830268070479e-15,5.342858519571387e-20,95601.07664015474
7300.0,0.003594871092384711,4.1751616583442236e-11,1.2338972969870578e-14,2.888499563812106e-15,4.271758640526219
7400.0,0.005229929628261753,1.8703521772973008e-10,1.5036150846875182e-14,2.1974890646971504e-14,0.6842423513469181
7500.0,0.00480353186994456,1.331014278775002e-10,2.946539539912826e-15,9.451222632930056e-15,0.31176279031312415
7600.0,0.0009602635048255228,2.1256986820953743e-13,2.847199119580698e-15,7.669712759910868e-20,37122.630386666344
7700.0,0.002139341580488166,5.236734279673483e-12,6.1470552812191295e-15,1.7359482381226452e-16,35.41036043716897
7800.0,0.0041383970703110454,7.332779748515652e-11,1.0907358659311165e-14,6.099588363746679e-15,1.788212254476023
7900.0,0.005073533849938376,1.6564649763870253e-10,9.593606712904673e-15,1.777383878932624e-14,0.5397599711923764
8000.0,0.004557362288424373,1.0784356247568209e-10,2.156097807073866e-15,6.845731554739512e-15,0.3149550621191292
8100.0,0.001641650633023944,1.8157788892939842e-12,1.815533599833631e-15,5.429351182074213e-18,334.3923682497971
8200.0,0.0009688668248836963,2.2029079505060486e-13,3.3437504923299376e-15,3.2341630612454832e-18,1033.8843246333572
8300.0,0.002875717598463004,1.7097198320176595e-11,5.8512627596123165e-15,8.219577941617185e-16,7.118690036365897
8400.0,0.0041446229256839415,7.377005519788547e-11,8.200087207462778e-15,5.997204394553258e-15,1.3673182816497313
8500.0,0.004790696571604204,1.316845026821738e-10,7.104277919595498e-15,1.2714301598868621e-14,0.5587627337885135
8600.0,0.004681991703444774,1.2013306784362935e-10,2.7650973300455614e-15,9.281399617591121e-15,0.2979181420876273
8700.0,0.003156586715929222,2.4820521761784826e-11,1.0308503691710006e-15,5.221348731432706e-16,1.9742990215636136
8800.0,0.0009803743787834595,2.309446042811275e-13,1.5311715866059876e-15,1.0858588993352227e-19,14101.017982570214
8900.0,0.0007847725555094347,9.482333723367328e-14,2.366412023720688e-15,1.176406952383202e-18,2011.5590263443585
9000.0,0.002179226259806789,5.638314578787553e-12,3.559021102752644e-15,1.8156900054474027e-16,19.601479834525325
9100.0,0.003243520051244717,2.76698214626567e-11,4.972399095541101e-15,1.5430083976819637e-15,3.2225353426533876
9200.0,0.003995166492026546,6.36912157453222e-11,5.901035494699216e-15,4.781371924921691e-15,1.2341720299861139
9300.0,0.00445059604346885,9.808728613725274e-11,5.493760736349649e-15,8.403645517730402e-15,0.6537354205099033
9400.0,0.004597455060258275,1.1168889124052731e-10,3.6867904474164e-15,9.338103824394536e-15,0.39481146459146854
9500.0,0.004338212323760013,8.854891082413493e-11,1.6280339002656839e-15,5.597398679546462e-15,0.29085544794490104
9600.0,0.0034344612422397163,3.4783596752825266e-11,7.745847035052023e-16,9.774311196089372e-16,0.7924698610119021
9700.0,0.0020963450910748698,4.828265151505894e-12,8.648420175568485e-16,3.299303650744131e-17,26.212865171163937
9800.0,0.000861229680680904,1.3753586491475599e-13,1.1338579382590655e-15,3.978918110331449e-20,28496.639207400367
9900.0,0.00018967655522878906,3.2358965087240296e-16,1.4697251969399683e-15,7.12728706530166e-21,206211.02861075272
10000.0,0.0010824465796568593,3.432147142495771e-13,1.8775528622942877e-15,4.986808440299929e-18,376.5039072127189
10100.0,0.0018405526752620935,2.869016284263557e-12,2.360406771161853e-15,7.249353242519369e-17,32.56023940615067
10200.0,0.0024775418951373156,9.419417293023002e-12,2.8965833689836304e-15,3.505968754644202e-16,8.261863044691012
10300.0,0.0030031265661184083,2.0334549345023216e-11,3.4227457883045725e-15,9.903407057143545e-16,3.4561295608218696
10400.0,0.0034270850269647437,3.448573819201037e-11,3.844995076304045e-15,2.0265039487723815e-15,1.8973538534841106
10500.0,0.003759384856772086,4.993524206379176e-11,4.071600404074696e-15,3.338355457498677e-15,1.2196425623068359
10600.0,0.004009051495095099,6.458126496362757e-11,4.045241035104371e-15,4.692168003187239e-15,0.8621262138006501
10700.0,0.0041832733872346805,7.656054204554477e-11,3.760253816733581e-15,5.816642372910806e-15,0.6464646742329884
10800.0,0.00428689996341261,8.443323036147321e-11,3.2624876734316364e-15,6.473414596851426e-15,0.503982500212247
10900.0,0.004322079671024783,8.72390808910075e-11,2.6361094672257476e-15,6.508287792430036e-15,0.4050388598813773
11000.0,0.004287851683290605,8.450823425514351e-11,1.9832543407853095e-15,5.884779755566496e-15,0.3370141998788181
11100.0,0.004179824495665764,7.630837335278338e-11,1.4012831880465043e-15,4.7086384792146584e-15,0.2975983809825682
11200.0,0.003991014342423662,6.34268528236727e-11,9.607380965451141e-16,3.2439532146056323e-15,0.2961627474217168
11300.0,0.0037170132236747427,4.77217579115236e-11,6.875165427994607e-16,1.8728172317228845e-15,0.3671028497356279
11400.0,0.0033682484862471687,3.2177811392210126e-11,5.586085652757581e-16,9.060250621109138e-16,0.6165486901369781
11500.0,0.002977441891179494,1.9647766410958425e-11,5.229981997247358e-16,3.801556282121159e-16,1.3757476173229715
11600.0,0.0025834331723240227,1.113599265574816e-11,5.343118286529562e-16,1.4354799549823494e-16,3.722182443568333
11700.0,0.002211334755532042,5.978028425504063e-12,5.650618381759099e-16,4.9622459106167143e-17,11.387219584723953
11800.0,0.001871463106951157,3.0666561903484687e-12,6.024287446711779e-16,1.5680993570633238e-17,38.4177661930417
11900.0,0.001566101498248179,1.503902318387675e-12,6.410753770829744e-16,4.461797708205878e-18,143.68095978532287
12000.0,0.0012942310975552272,7.014348374149497e-13,6.78814052118165e-16,1.1110963138827896e-18,610.9407831135813
12100.0,0.0010536969990885307,3.081789573008961e-13,7.146561223383734e-16,2.3105282388810965e-19,3093.0421464333845
12200.0,0.0008420819174585039,1.2570639589814606e-13,7.480501563208363e-16,3.703677981156407e-20,20197.494494034578
12300.0,0.0006570428192174579,4.6592359234599273e-14,7.786134102654936e-16,3.934582753145189e-21,197889.70244509232
12400.0,0.0004964313501842948,1.5183671812804437e-14,8.060470365793323e-16,1.96567399433752e-22,4100614.033157567
12500.0,0.00035832606581395114,4.121483959634303e-15,8.301132258853563e-16,1.488872256093125e-24,557544962.2948948
12600.0,0.00024102868659015142,8.437522530978166e-16,8.506305154648819e-16,1.3367303530219591e-31,6363516123815498.0
12700.0,0.0001430466486850203,1.0467687742439224e-16,8.674729941916654e-16,1.1498151498458245e-24,754445611.8081088
12800.0,6.307171400474749e-05,3.956202763233315e-18,8.805693520730459e-16,3.4041899104414813e-23,25867221.724972654
12900.0,4.115520119653466e-08,7.1719776149347385e-31,8.899009088526465e-16,1.973105226933229e-22,4510154.332903003
13000.0,4.7293022747445294e-05,1.2506284398852286e-18,8.954986126920767e-16,5.599710644193743e-22,1599187.2966161314
13100.0,7.955785767803047e-05,1.0015492928354994e-17,8.974391808274786e-16,1.040357091703699e-21,862626.1001958697
13200.0,9.759713263790743e-05,2.268236018469036e-17,8.958405760479913e-16,1.4310786149191771e-21,625989.7721262403
13300.0,0.00010207239554502952,2.713771256309851e-17,8.908570083034576e-16,1.541091816451641e-21,578068.7424287626
13400.0,9.355610384277518e-05,1.9152634360461544e-17,8.826736418114191e-16,1.3243436194651317e-21,666498.9575499358
13500.0,7.254098300048782e-05,6.9226719882451875e-18,8.715011746061205e-16,9.002774098002784e-22,968036.2576235898
13600.0,3.944812572597868e-05,6.054043028987497e-19,8.575704394537471e-16,4.649480833914371e-22,1844443.4337666975
13700.0,5.365992583307715e-06,2.0727182959383968e-22,8.411271543714169e-16,1.6636708778312067e-22,5055850.682846155
13800.0,6.160343332022147e-05,3.600473986574229e-18,8.224269295969957e-16,3.354078973968508e-23,24520201.700078323
13900.0,0.00012901950836544408,6.927260814422044e-17,8.017306165250198e-16,2.1675536179784295e-24,369878101.2267436
14000.0,0.00020741813475794047,4.627292005978183e-16,7.793000627287377e-16,2.6709751947598686e-27,291766117580.4367
14100.0,0.0002966476422531072,1.9359922407981826e-15,7.553943163568295e-16,1.5270152602664318e-26,49468681552.33951
14200.0,0.000396596785971646,6.184958217266554e-15,7.302663069041122e-16,1.0216342840894774e-23,71480207.57300209
14300.0,0.0005071906267739407,1.654340432870946e-14,7.041600283814956e-16,2.760286548911995e-22,2551039.5964471516
14400.0,0.0006283858122767116,3.8980328299470083e-14,6.773082872331355e-16,2.7088315870789695e-21,250037.06042999204
14500.0,0.0007601646002283839,8.347771902682348e-14,6.499311896432743e-16,1.598108640730221e-20,40668.773891761346
14600.0,0.0009025266703447273,1.658747138454583e-13,6.222357935060489e-16,6.919973492141053e-20,8991.881171405008
14700.0,0.0010554772861100263,3.102669921931084e-13,5.944178336861351e-16,2.430573211362358e-19,2445.5870364544935
14800.0,0.0012190095353434014,5.520372957748318e-13,5.66667279552734e-16,7.334442345201473e-19,772.6112673357827
14900.0,0.0013930769137910034,9.415434990929983e-13,5.39180878157935e-16,1.9712764583112815e-18,273.5186512701679
15000.0,0.0015775499543982522,1.5483619503027453e-12,5.121869770690421e-16,4.834020573171264e-18,105.9546539606537
15100.0,0.0017721462966901803,2.465688983215948e-12,4.859909605334672e-16,1.0998100670279169e-17,44.188626300429306
15200.0,0.001976316982126938,3.813874680762194e-12,4.61053449425265e-16,2.3492441244883777e-17,19.625608280521888
15300.0,0.002189063651812285,5.7408152133590515e-12,4.381170238067982e-16,4.750791574368805e-17,9.221979473284026
15400.0,0.002408657770544692,8.414734207320037e-12,4.183974028864737e-16,9.146006542046841e-17,4.574645786256325
15500.0,0.0026322541498238817,1.2001935398820552e-11,4.038436298087039e-16,1.6811663257874308e-16,2.4021634481618
15600.0,0.002855480315502845,1.662098246545364e-11,3.9743273268040725e-16,2.9516409926029987e-16,1.3464805973233165
15700.0,0.0030722780498770525,2.227317250905566e-11,4.033779675973601e-16,4.938480720671345e-16,0.8168057959787361
15800.0,0.00327545435015127,2.8775720926757388e-11,4.27009181740807e-16,7.837941024020821e-16,0.5447976457492578
15900.0,0.003458142523683717,3.5752923681179034e-11,4.7405378794565e-16,1.1735423644169313e-15,0.40395115022641837
16000.0,0.003615503479844541,4.2718416342379974e-11,5.493206004384384e-16,1.6511142637833747e-15,0.3326969020179872
16100.0,0.00374552242284142,4.920277689519934e-11,6.552956062473032e-16,2.182619947400216e-15,0.3002334909601854
16200.0,0.0038485696365519397,5.4845046025639536e-11,7.913307525951878e-16,2.721550018087484e-15,0.29076472867887254
16300.0,0.003926389076904657,5.941735843092357e-11,9.53680302878604e-16,3.2218016122607343e-15,0.29600838836547966
16400.0,0.003981214318569588,6.280615954542668e-11,1.136142100874285e-15,3.646570106827007e-15,0.31156458468938564
16500.0,0.004015245020395879,6.498127334678505e-11,1.3309302577913037e-15,3.97135260726335e-15,0.3351327342117941
16600.0,0.004030417078394077,6.596901056637229e-11,1.5295278375255899e-15,4.183273637954583e-15,0.365629401731763
16700.0,0.004028340189896963,6.583313935494521e-11,1.7234118862056554e-15,4.279055120230243e-15,0.40275524333814233
16800.0,0.004010311738941816,6.466250764801257e-11,1.904625772763641e-15,4.262846930954332e-15,0.4467966604508712
16900.0,0.003977357784728921,6.256315593432562e-11,2.066206455935962e-15,4.1443249677349115e-15,0.4985628472723873
17000.0,0.003930278715689011,5.965315341454593e-11,2.2024825855972132e-15,3.937105729195597e-15,0.5594166723196458
17100.0,0.0038696909415339136,5.605897233315502e-11,2.3092590256279374e-15,3.657419363318057e-15,0.6313902771961453
17200.0,0.003796062294665112,5.1912665850545413e-11,2.3839012461005195e-15,3.3229740732759213e-15,0.7173998934485739
17300.0,0.003709741391608926,4.734940779460205e-11,2.425331342764344e-15,2.951963391724844e-15,0.8215993970532315
17400.0,0.0036109820999102003,4.250513021601142e-11,2.433946678504524e-15,2.562189088318364e-15,0.9499481086706176
17500.0,0.0034999644377762575,3.751410029289522e-11,2.4114722052428557e-15,2.1702896519697854e-15,1.111129200221809
17600.0,0.003376813128014162,3.250634339349519e-11,2.360758190502179e-15,1.791076767058997e-15,1.3180664469109364
17700.0,0.0032416147974436995,2.7604865365866694e-11,2.2855361249170102e-15,1.4369908338277461e-15,1.5905015335616124
17800.0,0.0030944344987944203,2.2922669121209376e-11,2.1901468370839986e-15,1.117692166037839e-15,1.9595259800808624
17900.0,0.002935331821749958,1.8559608876949235e-11,2.0792561055431648e-15,8.398073257188539e-16,2.4758727887535086
18000.0,0.0027643763286920604,1.4599186967914225e-11,1.9575741148034873e-15,6.068498023505796e-16,3.2257967411721897
18100.0,0.0025816613976227514,1.1105474843757397e-11,1.829595660059717e-15,4.1933001739248595e-16,4.363140209796252
18200.0,0.0023873148407955527,8.120425757327421e-12,1.6993776747452459e-15,2.7506020616760224e-16,6.178202577619554
18300.0,0.0021815040518090322,5.661924899218365e-12,1.5703689729043104e-15,1.6964409388362111e-16,9.256844355463455
18400.0,0.0019644331819959355,3.722965863334514e-12,1.4453036232892078e-15,9.71196083746624e-17,14.881687101883681
18500.0,0.0017363302785618276,2.272319331822881e-12,1.3261638741718252e-15,5.0697635665801436e-17,26.158298247158722
18600.0,0.001497423672772041,1.2569522714004427e-12,1.214211255471535e-15,2.3516505197438365e-17,51.63230017714529
18700.0,0.00124790917083007,6.062781462162701e-13,1.1100762752510455e-15,9.318268336453411e-18,119.12903075653938
18800.0,0.0009879123855461084,2.3812979039148803e-13,1.0138894952553977e-15,2.9563088747469173e-18,342.95790399851046
18900.0,0.0007174531622563625,6.623906983317728e-14,9.254314676311665e-16,6.676011940009347e-19,1386.204033107033
19000.0,0.0004364207743630795,9.069047381707222e-15,8.442774738350211e-16,8.358595702234214e-20,10100.709543941091
19100.0,0.000144568978661488,1.0920448123729555e-16,7.699158885652363e-16,2.8688364267128253e-21,268372.180928915
19200.0,0.00015846071829851498,1.5762550451449477e-16,7.018262779550759e-16,2.9846516822604423e-25,2351451199.9053235
19300.0,0.00047308012779124863,1.2522147943876685e-14,6.395151141952179e-16,1.2887293428938314e-22,4962369.466649932
19400.0,0.0007996506856442553,1.0222126815546198e-13,5.825245973957842e-16,2.5618761908323057e-20,22738.202551721784
19500.0,0.0011383150190800483,4.19749195836134e-13,5.304569533028497e-16,4.43258757011549e-19,1196.7207526348514
19600.0,0.001488708753272746,1.227945173392079e-12,4.830975204718e-16,3.2255129157206247e-18,149.77386018740194
19700.0,0.0018494125614160004,2.924658892876036e-12,4.4077638553389203e-16,1.4943258853895765e-17,29.496670695695
19800.0,0.0022168548751284006,6.037943734969917e-12,4.051618107833544e-16,5.217858387822273e-17,7.764906225300087
19900.0,0.002583307187098354,1.1133820557102051e-11,3.806379801473409e-16,1.488624499960848e-16,2.55697780170454
20000.0,0.002934410567186908,1.8536320093652726e-11,3.75996470668104e-16,3.602498840347844e-16,1.0437101782156275
20100.0,0.003249591345199665,2.7877575855096838e-11,4.049060522047451e-16,7.4803186611349315e-16,0.5412951914849464
20200.0,0.003509932372960986,3.794329165370576e-11,4.82331786735686e-16,1.3322378180821024e-15,0.3620463104928622
20300.0,0.0037079617445831036,4.725861481757832e-11,6.169198756119439e-16,2.0466693258197167e-15,0.3014262576905821
20400.0,0.003847729534445525,5.479717332636135e-11,8.056411385800608e-16,2.766844022264979e-15,0.2911769265260393
20500.0,0.003938069515594166,6.012755180416211e-11,1.0350715834880461e-15,3.3798499604289497e-15,0.3062477907618956
20600.0,0.003987682938296384,6.321534162245267e-11,1.286281192869603e-15,3.8191746380386954e-15,0.33679559453980923
20700.0,0.004003527949542552,6.422608766067494e-11,1.539361893970561e-15,4.061408427821602e-15,0.3790216919395672
20800.0,0.003990783737537172,6.341219462073484e-11,1.7763528164496321e-15,4.112227025386023e-15,0.4319685672711327
20900.0,0.003953225028702006,6.105850322875765e-11,1.982789833613514e-15,3.9944739348553226e-15,0.4963832199058596
21000.0,0.00389359916810238,5.745726777568091e-11,2.1483381698080323e-15,3.7400753506390624e-15,0.5744103977586837
21100.0,0.0038139168714740697,5.2896251917351216e-11,2.2668513332790722e-15,3.384738680657916e-15,0.6697271332150369
21200.0,0.003715660671934094,4.765233558699951e-11,2.336073875711186e-15,2.9643868189776945e-15,0.7880462363264757
21300.0,0.003599932731875477,4.1987261626347174e-11,2.3571245035951483e-15,2.5126798785623306e-15,0.938091845167246
21400.0,0.0034675616679594712,3.6144047333729076e-11,2.3338499641548573e-15,2.0592722307632947e-15,1.1333372680356044
21500.0,0.0033191827138483363,3.0343428411720526e-11,2.272114622606115e-15,1.6286245319284466e-15,1.3951126107106557
21600.0,0.0031553008090068786,2.4780101667775025e-11,2.1790764228004437e-15,1.2392835149457353e-15,1.7583356806742154
21700.0,0.0029763424853471855,1.961876311390635e-11,2.062491671673311e-15,9.035907320278859e-16,2.2825507152386995
21800.0,0.0027826993981844112,1.4990122607500914e-11,1.9300857208220437e-15,6.27803133340551e-16,3.0743486585548325
21900.0,0.0025747636999077575,1.0987262973435635e-11,1.789022069072877e-15,4.126108104100628e-16,4.335858450472742
22000.0,0.0023529531412201485,7.662899363594957e-12,1.6454969933945053e-15,2.540223393831514e-16,6.4777648981200056
22100.0,0.0021177221389110097,5.028239042738806e-12,1.5044790374862416e-15,1.4455656292388033e-16,10.407545718131528
22200.0,0.0018695547390419898,3.054166790471567e-12,1.3696014691202155e-15,7.463503869823344e-17,18.350649949520733
22300.0,0.0016089371479456863,1.6753144125492877e-12,1.2432010697051662e-15,3.4022270351283435e-17,36.54080274093961
22400.0,0.00133631153810677,7.972065929258265e-13,1.1264798773006118e-15,1.312918152731957e-17,85.79970312365631
22500.0,0.0010520184181342337,3.0621987982795956e-13,1.0197510672774646e-15,3.998976411119682e-18,255.0030213836501
22600.0,0.000756240264219153,8.176721297995725e-14,9.227202226134292e-16,8.443127702401134e-19,1092.8654109436454
22700.0,0.0004489623911605153,1.0157336919087918e-14,8.347521805476626e-16,9.294244298263925e-20,8981.388413725968
22800.0,0.0001299670950972616,7.13302353713245e-17,7.550824476809987e-16,2.2625500352790956e-21,333730.71795420244
22900.0,0.00020112559573206578,4.090810694211981e-16,6.829495994591311e-16,3.976324130983025e-27,171754006203.2852
23000.0,0.0005447602214037302,2.201717323490188e-14,6.176497994228996e-16,6.583814539965068e-22,938133.6543938807
23100.0,0.0009012781992326971,1.6495879417961885e-13,5.585482816143706e-16,7.025688491079222e-20,7950.086063786917
23200.0,0.0012706441314014193,6.516820344529348e-13,5.051316553499883e-16,1.016402852515241e-18,496.97976948801784
23300.0,0.0016519552230137697,1.8618002927732612e-12,4.572570976533288e-16,6.781212941743663e-18,67.42998657932627
23400.0,0.0020424495837705835,4.350562270421872e-12,4.1584481931773894e-16,2.975108200971e-17,13.977468758346932
23500.0,0.002435495133598362,8.79607802781209e-12,3.843007413821296e-16,9.949840203916646e-17,3.862381038349277
23600.0,0.0028173813688449636,1.5751523371757208e-11,3.706654804762918e-16,2.71426057517536e-16,1.3656223130026646
23700.0,0.0031656862477701946,2.5107963406569134e-11,3.891709015352959e-16,6.195635672258739e-16,0.6281371631934841
23800.0,0.0034562986107529517,3.5676729517816e-11,4.575641700556822e-16,1.187501555877541e-15,0.3853166909895549
23900.0,0.0036771201837203335,4.570579920348715e-11,5.881446332152585e-16,1.9207877727443443e-15,0.3061996965833144
24000.0,0.003831426177337181,5.387432690202402e-11,7.795115544980932e-16,2.6802275714648427e-15,0.29083782392107155
24100.0,0.003929644942302196,5.961468546853583e-11,1.0169806271189917e-15,3.3302661124645643e-15,0.305375184076919
24200.0,0.0039823330711600035,6.287678541075251e-11,1.278762353229814e-15,3.791021490430817e-15,0.3373134012713005
24300.0,0.0039978420339720905,6.386200189763926e-11,1.5419260547214336e-15,4.035921544491224e-15,0.38205055220314293
24400.0,0.00398227711185223,6.287325133445985e-11,1.7861284017357784e-15,4.0733671804615024e-15,0.4384894173800984
24500.0,0.003940012244231662,6.024628813723624e-11,1.9954487532218e-15,3.931417007905993e-15,0.5075647658869554
24600.0,0.0038741858826529824,5.631989359825162e-11,2.1590194758158303e-15,3.647774306609032e-15,0.5918730969468484
24700.0,0.003787069935922966,5.142251457719323e-11,2.27094322696415e-15,3.2634604378783676e-15,0.6958696972715654
24800.0,0.0036803268715957685,4.586544159384254e-11,2.3297954287417654e-15,2.8187096189923462e-15,0.8265468046242516
24900.0,0.0035551881039335197,3.993837081311074e-11,2.3378919473370602e-15,2.3502254311939212e-15,0.9947522124077283
25000.0,0.003412580911744936,3.390563149566205e-11,2.300437109217572e-15,1.889347904823281e-15,1.2175825867458443
25100.0,0.003253222668335723,2.8002394379475096e-11,2.2246320342540985e-15,1.4609038029918114e-15,1.5227779061826208
25200.0,0.003077694356569476,2.2430655298705544e-11,2.11880373607867e-15,1.0826285475780821e-15,1.957092061555726
25300.0,0.0028865002304551603,1.735507099940849e-11,1.9916038798057512e-15,7.651053223649635e-16,2.6030453868098107
25400.0,0.002680116436446957,1.2898958851672883e-11,1.8513181536380867e-15,5.12189170617542e-16,3.6145202980491926
25500.0,0.002459028013431076,9.141004311842065e-12,1.7053200210702617e-15,3.218807154178996e-16,5.297987544411398
25600.0,0.0022237510262356425,6.113425930653776e-12,1.5596938984484135e-15,1.8758838452275003e-16,8.314448159551477
25700.0,0.0019748352530918997,3.802449840031788e-12,1.4190407644312584e-15,9.96729025116845e-17,14.236976436648932
25800.0,0.001712843735463502,2.1518449892420713e-12,1.286463048144697e-15,4.711278777096924e-17,27.306026856203395
25900.0,0.001438309210278477,1.0699144539036997e-12,1.1637063462658326e-15,1.9083700701039458e-17,60.97907132878307
26000.0,0.001151673549918648,4.398023841509549e-13,1.0514163615139188e-15,6.232825253363147e-18,168.69017159539152
26100.0,0.000853223055193699,1.3249220784385555e-13,9.494553942788887e-16,1.4710941400768061e-18,645.4076380382546
26200.0,0.0005430372859018074,2.1739953400141862e-14,8.572184422607976e-16,1.9971042398253488e-19,4292.306957075827
26300.0,0.0002209702299515433,5.960395514075925e-16,7.738966094726092e-16,8.400958932471804e-21,92120.03245026061
26400.0,0.00011332003185369167,4.122557866699814e-17,6.986539911001996e-16,3.859218601915816e-24,181035091.08122814
26500.0,0.00046028117316635896,1.1221033374667783e-14,6.307111751717704e-16,9.270300309313885e-23,6803567.8902235115
26600.0,0.0008203040484123483,1.131981758285381e-13,5.69364301059083e-16,3.2023813116823463e-20,17779.40368881218
26700.0,0.0011934581406253897,5.071877706966523e-13,5.140190066948185e-16,6.363781955076418e-19,807.7256737006572
26800.0,0.0015790292395970998,1.5541777854687908e-12,4.643929331298273e-16,4.925475890949839e-18,94.28387092161218
26900.0,0.0019745966468470866,3.800612473888344e-12,4.211387257132004e-16,2.357187684937518e-17,17.866151618061057
27000.0,0.0023741210701914667,7.942394562820264e-12,3.872068924757429e-16,8.356732015286517e-17,4.633472651359962
27100.0,0.0027646653445423854,1.460529331189562e-11,3.700500398279609e-16,2.381291706249619e-16,1.5539886980531499
27200.0,0.0031239930129359915,2.3811141954420564e-11,3.8355956366020736e-16,5.63307090020135e-16,0.6809066856348236
27300.0,0.0034264579685045426,3.446050550659244e-11,4.460856447234493e-16,1.1126420792004953e-15,0.40092465767966506
27400.0,0.0036575867995700525,4.474232766351115e-11,5.715461820258743e-16,1.8427619479688587e-15,0.310157360616138
27500.0,0.003819533175158521,5.320851700749384e-11,7.600082250205366e-16,2.6143204471941947e-15,0.29070966638240975
27600.0,0.003922927334933923,5.920809164720705e-11,9.971864442340598e-16,3.2832598708580224e-15,0.30371840288519797
27700.0,0.003978925580459192,6.26618589072915e-11,1.2607903776855072e-15,3.7621930223310634e-15,0.3351211302030215
27800.0,0.003996407799069565,6.377040864886068e-11,1.5270185451302693e-15,4.020848802189369e-15,0.3797751719236001
27900.0,0.003981853172183351,6.284648251994487e-11,1.7746624427636542e-15,4.066701319574221e-15,0.43638868540005277
28000.0,0.00393988534480449,6.023852689221112e-11,1.987119784676232e-15,3.928341293478478e-15,0.5058419409675762
28100.0,0.0038738088351508797,5.629797190835628e-11,2.1530800006495065e-15,3.64463347815788e-15,0.5907535047221663
28200.0,0.00378600774616713,5.13648473107682e-11,2.2664332398842262e-15,3.2579313452984054e-15,0.6956663599295815
28300.0,0.003678222165221702,4.5760613393546276e-11,2.3257346789759035e-15,2.809722301071166e-15,0.8277453889621942
28400.0,0.003551738797155052,3.978360056362688e-11,2.333422103917426e-15,2.3377497976276063e-15,0.9981487780623178
28500.0,0.003407525808375546,3.370517792173616e-11,2.294911741267459e-15,1.874114181502451e-15,1.2245314420638236
28600.0,0.0032463324057767405,2.7765912887466105e-11,2.217658005825964e-15,1.444101756094066e-15,1.5356660266269422
28700.0,0.0030687661357802465,2.2171505345794802e-11,2.110241078151547e-15,1.065618563139305e-15,1.9802968446183888
28800.0,0.0028753552872504144,1.7088583654968154e-11,1.981533368513716e-15,7.491674627933973e-16,2.6449805509775275
28900.0,0.002666599393755581,1.2640699663193378e-11,1.8399871064943186e-15,4.983310682898781e-16,3.6922986014269576
29000.0,0.0024430071996295005,8.905104005674862e-12,1.693077336003354e-15,3.107194826102827e-16,5.448893393424196
29100.0,0.0022051186667153503,5.911094075842378e-12,1.5469250253862113e-15,1.7931408064185153e-16,8.626902136458114
29200.0,0.0019535063047642093,3.6408205810249996e-12,1.4061119422593362e-15,9.409072489850162e-17,14.944214148378066
29300.0,0.0016887522436509687,2.0333107876178534e-12,1.2736816389926015e-15,4.374868262750843e-17,29.113599827386164
29400.0,0.0014114015947093031,9.920702444432872e-13,1.1513005757630836e-15,1.7326129912916125e-17,66.44880198576963
29500.0,0.0011218991829050574,3.9605484965082415e-13,1.039533738652844e-15,5.4760763541557506e-18,189.83185613618227
29600.0,0.0008205236644550725,1.1331944852382842e-13,9.381753963473967e-16,1.2264671490675899e-18,764.9413170671842
29700.0,0.0005073377314029166,1.656260555359157e-14,8.465726319795838e-16,1.5102547999762606e-19,5605.495390532054
29800.0,0.00018217375582903496,2.753488438601157e-16,7.638888278424409e-16,4.966664992627593e-21,153803.17153992478
29900.0,0.00015532894197958034,1.455289999433062e-16,6.892748424482076e-16,3.5879565583011883e-25,1921079119.1255748
30000.0,0.0005056233292295926,1.633986350052831e-14,6.219447831501062e-16,2.8769735930889453e-22,2161802.1960442723
30100.0,0.0008690774537754367,1.426178686473444e-13,5.611918536014062e-16,5.20726552996712e-20,10777.093089872636
30200.0,0.0012456856304990474,6.019685853283387e-13,5.064343973301338e-16,8.774684212740428e-19,577.1539864589257
30300.0,0.0016345543470511895,1.7845859458538647e-12,4.574625168746049e-16,6.294966364831675e-18,72.67116142674374
30400.0,0.002032859691325528,4.269427339073852e-12,4.151578513490075e-16,2.881290326188968e-17,14.408747621699389
30500.0,0.0024337037879373765,8.770227940200033e-12,3.8301042028873666e-16,9.903626529275282e-17,3.8673754422842137
30600.0,0.0028226461477787747,1.586959191367039e-11,3.694420535770616e-16,2.7510323154011995e-16,1.3429215335232572
30700.0,0.003175975113177453,2.5435973935400226e-11,3.894731401593722e-16,6.346861302151732e-16,0.6136468430897203
30800.0,0.0034685638626321446,3.61858508626652e-11,4.616712046384537e-16,1.2209331492554945e-15,0.3781297976223951
30900.0,0.003688610292737138,4.627976060707962e-11,5.983041439903974e-16,1.970965848073945e-15,0.3035588590107071
31000.0,0.0038404394965138276,5.4383069769463987e-11,7.968031961263651e-16,2.7363433012907184e-15,0.2911927007662077
31100.0,0.003935306467799883,5.995898135765613e-11,1.0408604893918752e-15,3.3789742776873397e-15,0.3080403707909455
31200.0,0.003984190156977218,6.299415308268165e-11,1.307305591844796e-15,3.8215860359575996e-15,0.34208456372413343
31300.0,0.003995621808271683,6.372025543929241e-11,1.5723500099145439e-15,4.041773176869102e-15,0.38902480201339273
31400.0,0.003975776357433274,6.24637129421627e-11,1.8153297014522684e-15,4.051949663303437e-15,0.4480138827717526
31500.0,0.00392905193476736,5.957870872585026e-11,2.020452885689394e-15,3.88352655508202e-15,0.52026241021718
31600.0,0.003858593206698359,5.541865612236128e-11,2.1773145161240793e-15,3.576789116862333e-15,0.6087343829859573
31700.0,0.0037666717917595053,5.0323533456648435e-11,2.2806961201395614e-15,3.1745643549715518e-15,0.718428062914478
31800.0,0.0036549484614989292,4.461337080830826e-11,2.3299595056705903e-15,2.7181421441640954e-15,0.8571882492139196
31900.0,0.0035246542333126946,3.858389669396284e-11,2.328219172232998e-15,2.2445796503842533e-15,1.0372628887704771
32000.0,0.0033767191854406613,3.2502726252707775e-11,2.2814114066525495e-15,1.7849396553363756e-15,1.278144838024013
32100.0,0.0032118683473313925,2.660547093369433e-11,2.1973419974313324e-15,1.3632378793730359e-15,1.611855150651996
32200.0,0.0030306967069077366,2.109161896938633e-11,2.0847743954833707e-15,9.959885392356887e-16,2.093171069100057
32300.0,0.002833729933373187,1.6120326721370724e-11,1.952608033204782e-15,6.922919540282226e-16,2.8204979443184173
32400.0,0.00262147310266279,1.1806512543028715e-11,1.80918784221331e-15,4.544265959206094e-16,3.9812543069758703
32500.0,0.002394446157687213,8.217889775184577e-12,1.6617777058139812e-15,2.7889939556481077e-16,5.958341008407874
32600.0,0.002153202241759142,5.373772813683819e-12,1.5162202274569682e-15,1.5787554057223798e-16,9.603895714062194
32700.0,0.0018983241632422364,3.246545634380343e-12,1.3767910490739978e-15,8.085750766918691e-17,17.027374312684433
32800.0,0.0016303960164330868,1.7664950745992976e-12,1.2462375963850236e-15,3.6425822868165885e-17,34.213025218276265
32900.0,0.0013499517806074518,8.302579310681768e-13,1.1259713255476118e-15,1.3814305527278048e-17,81.50763158699819
33000.0,0.0010574096289983571,3.125453573489848e-13,1.0163634931226572e-15,4.096973119742299e-18,248.07668086106133
33100.0,0.0007530074195320073,8.037796939396284e-14,9.1708265132468e-16,8.273375599509319e-19,1108.474576422072
33200.0,0.00043675877840047416,9.097175626814603e-15,8.274118236299476e-16,8.341860028135924e-20,9918.792941133075
33300.0,0.00010844888530913622,3.4581225398610307e-17,7.464956895833322e-16,1.5788296335982865e-21,472815.85910064616
33400.0,0.00023231473670689822,7.281939190135938e-16,6.734910249753594e-16,6.458789686868551e-31,1042751130826635.6
33500.0,0.0005859850706758808,2.9477199090076073e-14,6.076249872298096e-16,1.4192562106463295e-21,428129.1726411379
33600.0,0.0009528768118144583,2.061042953623052e-13,5.48207610285198e-16,1.1055702433314381e-19,4958.595924518305
33700.0,0.001332839534474647,7.889536206788776e-13,4.947049953749452e-16,1.4475271529036315e-18,341.75869819271014
33800.0,0.0017246570366058018,2.2118261450675362e-12,4.470669669140314e-16,9.188585029350556e-18,48.654604107813306
33900.0,0.0021248061845338213,5.095857743906647e-12,4.0660538502316234e-16,3.9065779901488956e-17,10.408223925094735
34000.0,0.002524969564173267,1.0161658574285186e-11,3.7772961969870483e-16,1.2746920323846583e-16,2.9633010178314114
34100.0,0.002908466269679576,1.788941482681075e-11,3.7034853671611327e-16,3.391738679552736e-16,1.0919135337541706
34200.0,0.0032500158617160962,2.789214606945907e-11,4.008874444947153e-16,7.508300887159956e-16,0.5339256517813215
34300.0,0.0035263480508236802,3.865811810773199e-11,4.875332875486087e-16,1.385790445484427e-15,0.35180881000964254
34400.0,0.00372982158635454,4.83829384697745e-11,6.395755795394718e-16,2.154447915471354e-15,0.2968628644705687
34500.0,0.003867330648530849,5.5922326183575286e-11,8.507689307442968e-16,2.9019833778582123e-15,0.2931680922901084
34600.0,0.003950528564886806,6.089208348954587e-11,1.102478166809593e-15,3.5025302754235636e-15,0.3147662061754111
34700.0,0.003989915814221082,6.33570485901265e-11,1.3708559478685439e-15,3.893230348326318e-15,0.3521127252226081
34800.0,0.0039934469946071175,6.358163713483535e-11,1.6325477981011845e-15,4.061657089294878e-15,0.40194131661287097
34900.0,0.003966838264980633,6.190389620523498e-11,1.8679015195034625e-15,4.0259819481770454e-15,0.4639617225182154
35000.0,0.003914159130874753,5.868051553881147e-11,2.062365434064886e-15,3.820561828075256e-15,0.539806846969383
35100.0,0.0038383247970477253,5.4263386701936865e-11,2.2067948513013925e-15,3.486858779069582e-15,0.6328890818716334
35200.0,0.003741446550485515,4.898895665327182e-11,2.297130204038833e-15,3.067735258285563e-15,0.7488032736314439
35300.0,0.0036250724481532107,4.3172457501913273e-11,2.3337205643904833e-15,2.6037532391737806e-15,0.8962909884390644
35400.0,0.0034903543334330626,3.710377349661414e-11,2.3204583369977766e-15,2.1307259414203608e-15,1.0890458936501888
35500.0,0.003338167765738188,3.10436404886073e-11,2.263832920462937e-15,1.678138364545074e-15,1.3490144604832026
35600.0,0.003169202353249955,2.5219698343572555e-11,2.171979699019898e-15,1.2682454617848781e-15,1.712586218099405
35700.0,0.0029840331382347037,1.982232423588569e-11,2.0537829636816863e-15,9.157538307042552e-16,2.242723857460947
35800.0,0.0027831785424419766,1.5000449682664806e-11,1.9180803319468296e-15,6.280375474566347e-16,3.0540854439587
35900.0,0.0025671462427656806,1.0857815259982723e-11,1.773007841029372e-15,4.05850409259821e-16,4.36862400671946
36000.0,0.0023364649676559297,7.450357344979814e-12,1.625516234478588e-15,2.444821643245862e-16,6.648813171992681
36100.0,0.0020916979345441057,4.7855943055351236e-12,1.4810777498637377e-15,1.3526832328748373e-16,10.949183917331668
36200.0,0.001833433336429661,2.824883248513654e-12,1.3435874430389423e-15,6.73084693551349e-17,19.961640131048995
36300.0,0.0015622498110519016,1.4891619534920375e-12,1.2154437995829833e-15,2.9192432383501076e-17,41.635578139419636
36400.0,0.0012786603065732163,6.682835070213262e-13,1.0977724792453372e-15,1.0502475884123789e-17,104.52511306451082
36500.0,0.0009830448983356769,2.3347125802902365e-13,9.907392157251538e-16,2.8782169111533037e-18,344.2197882605602
36600.0,0.0006755894002448807,5.2080040919089285e-14,8.938886229973591e-16,5.089985925923536e-19,1756.1711093241784
36700.0,0.0003562495671327485,4.026775243813768e-15,8.064486184281811e-16,3.91053201000884e-20,20622.4783830975
36800.0,2.4759341821335137e-05,9.394991493232453e-20,7.275554937389481e-16,3.0687567378216117e-22,2370847.7272636825
36900.0,0.000319302693023832,2.5986652225720847e-15,6.563798671230703e-16,1.8433793087787625e-25,3560742295.3983436
37000.0,0.0006763775295515516,5.232348871295872e-14,5.921673678061465e-16,5.753047375408192e-21,102931.07794269307
37100.0,0.0010467012456411556,3.000758000680139e-13,5.342534297838932e-16,2.327153177497316e-19,2295.7381359762658
37200.0,0.0014299290671014363,1.0451965954542777e-12,4.821780318116175e-16,2.4174055049753445e-18,199.46096375607257
37300.0,0.0018244194042703289,2.7697383187465256e-12,4.3612036325069947e-16,1.3616762158158355e-17,32.02819864114334
37400.0,0.0022257378595537513,6.13530364324928e-12,3.979699186115291e-16,5.371563144980092e-17,7.408828824500471
37500.0,0.0026237919247371366,1.1848341769548144e-11,3.73291835905396e-16,1.6595060088492275e-16,2.249415391778259
37600.0,0.0029994207350405354,2.023436437540793e-11,3.736890573922264e-16,4.2139332299926393e-16,0.8867939689516133
37700.0,0.003326372385107299,3.060719108988954e-11,4.1680352953401966e-16,8.911973303972477e-16,0.467689382943092
37800.0,0.0035844046553522827,4.126749805525861e-11,5.19656975111526e-16,1.572752244323835e-15,0.33041248358538466
37900.0,0.003770283571595832,5.0516827829684353e-11,6.8785000479229275e-16,2.351019276658025e-15,0.2925752296553144
38000.0,0.003892996397269079,5.7421696036483884e-11,9.114072022516282e-16,3.0710117300287554e-15,0.29677750603808156
38100.0,0.003964242642687547,6.174203279134952e-11,1.169690242550765e-15,3.622203472778654e-15,0.32292229062810646
38200.0,0.003993911723341527,6.361123900220593e-11,1.4385257843897765e-15,3.9563869673637075e-15,0.3635958252456588
38300.0,0.003989344548751081,6.332077121146172e-11,1.6952647662104142e-15,4.070594814089536e-15,0.41646610474287443
38400.0,0.003955790047659731,6.121712684559805e-11,1.9214571969910384e-15,3.988232890361195e-15,0.48178159345579774
38500.0,0.003896987470861001,5.765753173109479e-11,2.10391684061072e-15,3.746178447956426e-15,0.5616168236081829
38600.0,0.003815622103276586,5.2990916679071457e-11,2.2348335102996905e-15,3.386717995307058e-15,0.6598817833065751
38700.0,0.003713644510664234,4.7548992862014454e-11,2.3113400009648102e-15,2.9524464886234976e-15,0.7828558484873381
38800.0,0.0035924897051470834,4.164109466316442e-11,2.33477391398865e-15,2.482934051705702e-15,0.9403286053388046
38900.0,0.0034532302584267226,3.555020909569744e-11,2.3097820906520746e-15,2.0125232322049376e-15,1.147704559972437
39000.0,0.0032966874822488662,2.95291621699217e-11,2.2433657328578356e-15,1.5689341034796257e-15,1.4298661287828702
39100.0,0.0031235162477431617,2.379660962337266e-11,2.1439371928207118e-15,1.1725171970433889e-15,1.8284910432246528
39200.0,0.0029342726712667825,1.8532836051203642e-11,2.020443834229664e-15,8.360752319929773e-16,2.416581375594003
39300.0,0.0027294690529856905,1.3875629884245023e-11,1.881604308908513e-15,5.652098421446918e-16,3.3290367021366003
39400.0,0.002509616504776253,9.916752085948233e-12,1.7352943639607626e-15,3.5915409515869607e-16,4.831615140554097
39500.0,0.002275252545848738,6.699747643274376e-12,1.5881101683643447e-15,2.1203065512177401e-16,7.490002648212623
39600.0,0.0020269490785793987,4.219989421203164e-12,1.4451249819515703e-15,1.144322442010715e-16,12.628651933211309
39700.0,0.0017652965013617357,2.4277873858280832e-12,1.3098385891946425e-15,5.516418089014405e-17,23.7443675961237
39800.0,0.0014908630367104563,1.23506836528475e-12,1.1842988730177404e-15,2.293676094897974e-17,51.6332221298413
39900.0,0.0012041344473063844,5.255813321196404e-13,1.0693542538645822e-15,7.774670991434788e-18,137.54334492645026
40000.0,0.0009054465073115908,1.6803169175788687e-13,9.64979577441365e-16,1.9445064541207702e-18,496.2593852010077
40100.0,0.0005949282340238942,3.1318310755995844e-14,8.70611669503205e-16,2.931111664102584e-19,2970.2439527146416
40200.0,0.0002724757442342481,1.378006920292832e-15,7.854370435736809e-16,1.5814824546978044e-20,49664.60685292681
40300.0,6.222572821067796e-05,3.748175863037399e-18,7.085923914718731e-16,2.870304435756793e-23,24687011.685749758
40400.0,0.00040961864104954184,7.03815550838778e-15,6.392658677245132e-16,1.904681412946218e-23,33562876.36238743
40500.0,0.0007701172315235221,8.793613478291044e-14,5.767232891491487e-16,1.8579932387942338e-20,31040.1177521733
40600.0,0.0011438531655238865,4.2797768205133307e-13,5.203332950059023e-16,4.614306887536626e-19,1127.652121299815
40700.0,0.0015302379681007396,1.3708057024405579e-12,4.697389517372377e-16,3.937871998472041e-18,119.28751161020573
40800.0,0.0019271008566145206,3.4479248102968162e-12,4.2542311672942326e-16,1.9919923160237896e-17,21.356664546709155
40900.0,0.0023288881068364376,7.354184155639353e-12,3.8999624458916653e-16,7.326209280424297e-17,5.323301992358317
41000.0,0.002723442166789326,1.3753481193843822e-11,3.7037192606849153e-16,2.1462266501642296e-16,1.7256887851995995
41100.0,0.0030891536460638234,2.276659314726182e-11,3.799092397598325e-16,5.19822049880423e-16,0.7308447955357505
41200.0,0.0033997320219263886,3.3397868634953725e-11,4.370410667971161e-16,1.0490557336654484e-15,0.416604240148495
41300.0,0.003638861000148096,4.383306851361802e-11,5.568089695092912e-16,1.7700372756802264e-15,0.31457471385471764
41400.0,0.0038074016403960844,5.253573098095652e-11,7.407622180558941e-16,2.5473428797976374e-15,0.29079800129409383
41500.0,0.003915797868323609,5.877884814311429e-11,9.754939031914031e-16,3.231860494310714e-15,0.30183663710381003
41600.0,0.00397550825945398,6.244686621850048e-11,1.2388221810520216e-15,3.729651458561787e-15,0.3321549465991471
41700.0,0.00399575901469482,6.372900829838924e-11,1.5065848934087575e-15,4.006169165388565e-15,0.37606621967563153
41800.0,0.00398329622079257,6.293763589743979e-11,1.7570332146619976e-15,4.066814629918799e-15,0.43204162828957854
41900.0,0.003942929266716911,6.042490183517269e-11,1.9730154346802868e-15,3.939469589449977e-15,0.5008327618428846
42000.0,0.0038780891337858673,5.654720652358814e-11,2.142744725105912e-15,3.663035470232017e-15,0.5849642304911098
42100.0,0.0037912465569181603,5.164973817307853e-11,2.2597402693197552e-15,3.280286723959927e-15,0.688884984600316
42200.0,0.0036842018796907393,4.6058913376531206e-11,2.3222971333087438e-15,2.833311032096185e-15,0.8196407337568672
42300.0,0.0035582844015441847,4.007768577634022e-11,2.3326956789364706e-15,2.3605113492361293e-15,0.9882162522503185
42400.0,0.0034144928074608238,3.398167778443426e-11,2.296282424198287e-15,1.8946333376842822e-15,1.211993042941449
42500.0,0.0032535983841932166,2.8015332647070804e-11,2.2205118891674866e-15,1.4615482893284007e-15,1.5192873922679893
42600.0,0.0030762247768057185,2.2387843984886608e-11,2.1140156131773404e-15,1.0796581980747219e-15,1.9580415514346254
42700.0,0.0028829121561224588,1.726893863673848e-11,1.985750811318082e-15,7.5985649465592355e-16,2.613323470002405
42800.0,0.0026741690958046274,1.27848451101279e-11,1.8442718458904078e-15,5.06004420322556e-16,3.6447741794721162
42900.0,0.002450511696111975,9.01502898729106e-12,1.697159461336931e-15,3.1588074484514885e-16,5.372785423083997
43000.0,0.0022124865949358415,5.99049349530551e-12,1.5506329956485424e-15,1.8253543742444575e-16,8.494969620846218
43100.0,0.0019606731156433296,3.69454349992152e-12,1.4093575778144346e-15,9.592999114576003e-17,14.691522025400772
43200.0,0.0016956608650877424,2.066788311156627e-12,1.2764408266019445e-15,4.468926351790802e-17,28.562583630192186
43300.0,0.0014180032089145971,1.010761900353638e-12,1.1535929652600495e-15,1.7743113377587022e-17,65.01637794397799
43400.0,0.0011281536488379966,4.0496083029012834e-13,1.041404236268915e-15,5.6279160278883074e-18,185.04260388896884
43500.0,0.0008263991867975475,1.1660026387971654e-13,9.396794301196255e-16,1.267619238086933e-18,741.2947057649361
43600.0,0.000512809582424323,1.7288787492492264e-14,8.477661100275044e-16,1.5775128511515546e-19,5374.067852497374
43700.0,0.00018722213561773454,3.071629204759413e-16,7.648226551646324e-16,5.331455982157796e-21,143454.74439331042
43800.0,0.00015072156382985006,1.2901540643098586e-16,6.899930258727407e-16,4.895015479206014e-25,1409582929.4183552
43900.0,0.0005014748997235238,1.581017981926762e-14,6.224846611450634e-16,2.616449984338816e-22,2379119.283269491
44000.0,0.0008654085849038378,1.4022479220542107e-13,5.615848612793561e-16,5.027488593334134e-20,11170.286134988997
44100.0,0.0012425211581082827,5.958750204660483e-13,5.067060375058459e-16,8.610162863566735e-19,588.4976225594232
44200.0,0.0016319241739215541,1.7731272800943362e-12,4.5763101466195685e-16,6.223851910805978e-18,73.52858345928968
44300.0,0.0020307983020176126,4.252136280073653e-12,4.1523270629710826e-16,2.861296117485698e-17,14.512049408642996
44400.0,0.002432244211826952,8.749207626691413e-12,3.829951719505647e-16,9.863299000430808e-17,3.8830331710904864
44500.0,0.002821795977410619,1.585048110519773e-11,3.6934914244784686e-16,2.74536248391824e-16,1.3453565589659542
44600.0,0.003175667169384252,2.5426110242042918e-11,3.8935508620813454e-16,6.342698504670097e-16,0.6138634619341505
44700.0,0.0034686325421700763,3.6188716949529616e-11,4.616451480579867e-16,1.221192410342754e-15,0.37802818306774116
44800.0,0.003688855715509814,4.629207878643528e-11,5.985220920890038e-16,1.9721571887270485e-15,0.3034859977238056
44900.0,0.0038407026208395214,5.4397975333525034e-11,7.973779585200445e-16,2.7381499818115727e-15,0.2912104756191973
45000.0,0.003935482980277283,5.996973957484871e-11,1.0418148923585385e-15,3.3807445583623135e-15,0.3081613752158815
45100.0,0.003984213707899586,6.299564255331908e-11,1.3085688771424165e-15,3.822669970251519e-15,0.3423180361699697
45200.0,0.003995447786448906,6.370915529905882e-11,1.5737822982927442e-15,4.0416945438539574e-15,0.389386748854124
45300.0,0.0039753720983844556,6.243831144289432e-11,1.8167547676849154e-15,4.050452701678277e-15,0.44853128810321763
45400.0,0.00392839145060653,5.953865746387616e-11,2.021689050110855e-15,3.880565651584503e-15,0.5209779273507109
45500.0,0.0038576543874886933,5.5364741017963804e-11,2.178199489720971e-15,3.572495055309146e-15,0.6097137871426613
45600.0,0.003765434900453786,5.0257465488455716e-11,2.28110446470064e-15,3.169200853493478e-15,0.7197727661174045
45700.0,0.0036533953315214425,4.453758729390064e-11,2.329812673106292e-15,2.712058935201353e-15,0.8590568010400991
45800.0,0.0035227678836357666,3.8501364554890974e-11,2.3274887436952467e-15,2.2381658397182554e-15,1.0399089747470345
45900.0,0.0033744837170793323,3.241674137655681e-11,2.2801165237003295e-15,1.7785802368360747e-15,1.2819868772164253
46000.0,0.003209269053472715,2.6519450554183085e-11,2.1955422088247303e-15,1.3572759380672196e-15,1.6176093211754818
46100.0,0.003027720351953515,2.100888719462413e-11,2.082559292465952e-15,9.90695452910547e-16,2.1021185535349307
46200.0,0.0028303651488581906,1.604389757157578e-11,1.9500851327546327e-15,6.87847622055695e-16,2.835053971585489
46300.0,0.0026177108177855325,1.173888044694884e-11,1.8064701976670306e-15,4.509112370470452e-16,4.006265644425612
46400.0,0.00239027993853799,8.160843972246136e-12,1.6589726552279494e-15,2.7629761344683006e-16,6.004295999998558
46500.0,0.002148628374489025,5.328257873121063e-12,1.5134204980007732e-15,1.5609204706065241e-16,9.695692551284859
46600.0,0.0018933413107264851,3.212592580863474e-12,1.3740690899612778e-15,7.974216024847686e-17,17.231400374402618
46700.0,0.0016250043351376268,1.743243699873983e-12,1.2436435120195632e-15,3.5803789764698994e-17,34.73496856597406
46800.0,0.0013441515164900053,8.160803373754459e-13,1.1235341800057977e-15,1.3515826492547055e-17,83.1273012142721
46900.0,0.001051199395057129,3.052673930147706e-13,1.014095175791177e-15,3.981018817447891e-18,254.7325753263538
47000.0,0.0007463825360851594,7.758645080063217e-14,9.149830817971273e-16,7.948375662006528e-19,1151.1573190617721
47100.0,0.0004297101679650733,8.523982112055248e-15,8.254741509509975e-16,7.835219081328199e-20,10535.431650126444
47200.0,0.0001009630264533006,2.5977027280568384e-17,7.447103474037328e-16,1.3868502488657044e-21,536979.6400244557
47300.0,0.00024025435203886677,8.329617561801274e-16,6.71848020881009e-16,1.4464872467955151e-35,4.64468679118597e+19
47400.0,0.0005943945518664007,3.120608513886797e-14,6.061146405703052e-16,1.6405774171933595e-21,369452.0198914015
47500.0,0.0009617658053254589,2.1390322724634335e-13,5.468212463175317e-16,1.191216892564063e-19,4590.442342876059
47600.0,0.0013422002940410502,8.1135203011415e-13,4.934391316043393e-16,1.5238596131917323e-18,323.80878614587624
47700.0,0.0017344423999518185,2.2624528409696054e-12,4.4593745780855e-16,9.560861292293935e-18,46.64197546386078
47800.0,0.002134882467037912,5.193210073603893e-12,4.0568087906171445e-16,4.03566033955088e-17,10.052403942073624
47900.0,0.002535027960469827,1.0324547434677215e-11,3.771909811488327e-16,1.30995757385027e-16,2.8794137205541754
48000.0,0.002917931089056229,1.8123419100822386e-11,3.70554103985923e-16,3.470013817772443e-16,1.0678750098574483
48100.0,0.0032581513862112656,2.8172477868159408e-11,4.0235075941162127e-16,7.647425647082526e-16,0.5261257552273386
48200.0,0.0035326685319321907,3.893602102459233e-11,4.906973427489915e-16,1.4050816640162968e-15,0.34923047913555305
48300.0,0.003734309990676647,4.8616252041108114e-11,6.445207814523382e-16,2.1754568629311936e-15,0.29626916186419616
48400.0,0.003870233311803673,5.609040751826485e-11,8.571583435331956e-16,2.9205931959199288e-15,0.2934877560937437
48500.0,0.0039521249767082755,6.099056932955767e-11,1.1097193046883703e-15,3.5160957181903823e-15,0.3156112329215844
48600.0,0.003990432505597367,6.338987374398873e-11,1.3782837726317075e-15,3.90070526135239e-15,0.35334219847050197
48700.0,0.003993049635486851,6.355633471032584e-11,1.639547057725175e-15,4.063092015120472e-15,0.40352201023844203
48800.0,0.003965644435796024,6.182940935407975e-11,1.8739719770511334e-15,4.022070305943101e-15,0.46592223270739713
48900.0,0.003912251910557586,5.856622800454992e-11,2.067149312513317e-15,3.812336283801479e-15,0.542226382624372
49000.0,0.0038357630824311225,5.41186691816772e-11,2.2100810639519916e-15,3.475495425679272e-15,0.63590389088774
49100.0,0.0037382722830615563,4.882291791601906e-11,2.298844346962547e-15,3.0544228236826637e-15,0.7526280674497027
49200.0,0.003621315636444813,4.2993769938781846e-11,2.3339061822938647e-15,2.5896021609055174e-15,0.9012605169736797
49300.0,0.0034860366391422943,3.692051905776429e-11,2.3192530871695547e-15,2.1167043950037253e-15,1.0956905898829925
49400.0,0.003333305190792069,3.086315522772105e-11,2.261442253933695e-15,1.665029040867345e-15,1.3581998862648468
49500.0,0.003163807370966412,2.504840881437914e-11,2.1686501303737097e-15,1.2566203315838621e-15,1.7257799160708407
49600.0,0.0029781164620497945,1.9665578097954494e-11,2.049776681780769e-15,9.059657983639184e-16,2.262532079558032
49700.0,0.0027767506023311126,1.486235079315869e-11,1.9136526822339888e-15,6.202284926762612e-16,3.0853995016847
49800.0,0.002560218331168606,1.0741081697802293e-11,1.768388996464565e-15,3.999748987128888e-16,4.421249938821674
49900.0,0.0023290499278401924,7.35622836806824e-12,1.6208980920623391e-15,2.4034514063556855e-16,6.744043535792057
50000.0,0.002083810217729944,4.7138163836119875e-12,1.4766066815120803e-15,1.3257342093807523e-16,11.138029561761103
50100.0,0.0018250882834582006,2.7738023829403566e-12,1.3393629637039775e-15,6.571157586539737e-17,20.382450824912627
50200.0,0.0015534621438554116,1.4559374139420204e-12,1.2115225254905935e-15,2.835337705539817e-17,42.72939068681179
50300.0,0.0012694420308140874,6.492194208997601e-13,1.0941760520333421e-15,1.0127194061789314e-17,108.04335784990563
50400.0,0.0009734030582801813,2.2444546474119442e-13,9.874643440292657e-16,2.745105918966224e-18,359.71812133250353
50500.0,0.0006655243006735171,4.90451062432065e-14,8.909172128921418e-16,4.764149057112275e-19,1870.044791235309
50600.0,0.0003457541191709832,3.57280620464445e-15,8.037562069854623e-16,3.5164703083017214e-20,22856.902988429785
50700.0,1.3820099722167806e-05,9.119787435443568e-21,7.251168280145731e-16,2.386636671777713e-22,3038237.1836868734
50800.0,0.00033070237754541214,2.990124542401822e-15,6.541714069799192e-16,4.202064892630135e-25,1556785589.2165043
50900.0,0.0006882517933824794,5.6095679812076095e-14,5.901677596960394e-16,6.7634386885543955e-21,87258.53620803365
51000.0,0.0010590523178975303,3.144920482111097e-13,5.324448257876022e-16,2.550048444734383e-19,2087.979257362942
51100.0,0.0014427305474443786,1.0831308311087445e-12,4.805538618707456e-16,2.5784609599356867e-18,186.37236294736522
51200.0,0.0018375822409290783,2.8505400602866425e-12,4.34708777592849e-16,1.4316117394580207e-17,30.36499112234306
51300.0,0.0022390391176338484,6.283284622772531e-12,3.968844236684436e-16,5.595480099340216e-17,7.092946746700819
51400.0,0.0026367539380771124,1.2084214398496884e-11,3.728115852898066e-16,1.716786470627417e-16,2.1715664217318698
51500.0,0.003011236296563517,2.055508870096056e-11,3.743229064915206e-16,4.3330249539741053e-16,0.8638835697177423
51600.0,0.0033361654222462903,3.096922346735321e-11,4.191952197950326e-16,9.10891634855622e-16,0.46020317209464306
51700.0,0.0035917630101855863,4.160741195760507e-11,5.242410071935719e-16,1.5981192174966116e-15,0.32803623250008473
51800.0,0.0037753560655463514,5.078923587400136e-11,6.945462768568917e-16,2.3769161248047438e-15,0.2922047898993266
51900.0,0.003896161574906214,5.7608669386324265e-11,9.196619983759871e-16,3.0927106472238162e-15,0.2973643846059525
52000.0,0.0039658648469059225,6.184315645134273e-11,1.1787156424651096e-15,3.637093194617418e-15,0.3240817816297659
52100.0,0.003994272253042569,6.363421081339574e-11,1.4475120034921071e-15,3.9637152213059274e-15,0.3651907169595283
52200.0,0.003988646375167641,6.327645587586035e-11,1.703506513273361e-15,4.07077990638245e-15,0.418471779965919
52300.0,0.003954177423352958,6.111736434529677e-11,1.928413183509516e-15,3.982334511423527e-15,0.48424188826372205
52400.0,0.0038945632821738396,5.75141980722713e-11,2.109228058700141e-15,3.735560246662345e-15,0.5646349996857093
52500.0,0.003812460419441241,5.2815498469261924e-11,2.2383174031258346e-15,3.3728351128991564e-15,0.6636308411773694
52600.0,0.003709799227572845,4.7352360628660667e-11,2.3129706977649047e-15,2.9367071192324136e-15,0.7876068684607068
52700.0,0.0035880005243582483,4.1433345365017735e-11,2.334654669338786e-15,2.466606635570942e-15,0.9465046577231747
52800.0,0.0034481269543093457,3.534052513029749e-11,2.3081138983144295e-15,1.996674757612645e-15,1.155978904182753
52900.0,0.0032909930953268066,2.9325666623123456e-11,2.2404149176534937e-15,1.5543923402111208e-15,1.441344543263251
53000.0,0.003117249600595284,2.3606212949326187e-11,2.1400041340712e-15,1.159853410865527e-15,1.8450643107341014
53100.0,0.0029274504221997203,1.8361079200753356e-11,2.0158345822698007e-15,8.256057014561487e-16,2.4416432429117254
53200.0,0.0027221073570804165,1.3726537661486744e-11,1.8766065725113787e-15,5.57015074441354e-16,3.3690409086207946
53300.0,0.002501732229659244,9.79271923223102e-12,1.7301590680235422e-15,3.531142881658324e-16,4.899714132244377
53400.0,0.002266863898790923,6.601487315537604e-12,1.5830394245322208e-15,2.0787476504003885e-16,7.615351599927537
53500.0,0.002018075469974579,4.1465759335019885e-12,1.4402668184652832e-15,1.1179615367169677e-16,12.882972903475775
53600.0,0.0017559575318434103,2.3768186222962967e-12,1.3052881344951372e-15,5.365137936194416e-17,24.329069448324386
53700.0,0.0014810766661676814,1.202957178317054e-12,1.180104942675209e-15,2.2173477803772706e-17,53.22146363861875
53800.0,0.0011939146518363537,5.079642362553516e-13,1.0655296026550767e-15,7.451507895671954e-18,142.9951652166894
53900.0,0.0008948009726977863,1.6026762411328167e-13,9.61512645928535e-16,1.8388496051340103e-18,522.888137911889
54000.0,0.0005838567765709827,2.9051282505854426e-14,8.674776348674597e-16,2.70607006022913e-19,3205.6732292955053
54100.0,0.00026097013969318634,1.1595868476082733e-15,7.8260641567072895e-16,1.380748338311556e-20,56679.87380145877
54200.0,7.417996332469693e-05,7.569835915014182e-18,7.060362012809403e-16,1.8987805378279607e-23,37183665.36917342
54300.0,0.00042203811671281537,7.931342678287483e-15,6.36957599024301e-16,2.9236702018342045e-23,21786232.887166854
54400.0,0.0007830136764777947,9.397609602747396e-14,5.74639178500062e-16,2.1474084576417136e-20,26759.65890211364
54500.0,0.001157221947141305,4.483391407085525e-13,5.184547610389279e-16,5.040740942673924e-19,1028.5288748917678
54600.0,0.0015440370412170145,1.4209240591376826e-12,4.680640498656858e-16,4.198836239682373e-18,111.47470945451619
54700.0,0.0019412070552175564,3.549992642312776e-12,4.2399768805108167e-16,2.0951739707684453e-17,20.236872640011484
54800.0,0.0023430081146717983,7.534165909260393e-12,3.889762097293034e-16,7.635810113240704e-17,5.094105326883496
54900.0,0.0027369798571969728,1.4028990256670755e-11,3.7011133631583426e-16,2.2211554756540186e-16,1.6663008977651828
55000.0,0.003101192640224374,2.312357545394568e-11,3.8100123651735823e-16,5.345182096895093e-16,0.7127937451161376
55100.0,0.0034094326161941686,3.378068521582343e-11,4.4014518041642936e-16,1.0718126640281848e-15,0.4106549541617052
55200.0,0.0036459707750601342,4.417664612826341e-11,5.62253634787095e-16,1.797501113555405e-15,0.31279737773011645
55300.0,0.0038121868632232745,5.280034137755719e-11,7.483081325967918e-16,2.5738682204538416e-15,0.2907328847103311
55400.0,0.003918676989456084,5.89519093317991e-11,9.844634831214869e-16,3.2530048092203204e-15,0.3026320404848842
55500.0,0.0039768500501089895,6.253121573699564e-11,1.2483616434917705e-15,3.743266049251869e-15,0.3334953025156383
55600.0,0.003995840498480685,6.373420684984635e-11,1.5158645930771666e-15,4.011874647364642e-15,0.37784445585131177
55700.0,0.003982315888449901,6.287570023122161e-11,1.7653582727530864e-15,4.065290095002127e-15,0.4342514879623032
55800.0,0.00394102830588901,6.030845812320576e-11,1.979873305855763e-15,3.931951035097087e-15,0.5035345781733207
55900.0,0.0038753686513297264,5.638870177559753e-11,2.147815049967206e-15,3.651001606634632e-15,0.5882810476073682
56000.0,0.0037877797472885776,5.146107795107357e-11,2.262882996791128e-15,3.26526103816985e-15,0.6930174863016324
56100.0,0.0036800423711351353,4.5851261085716035e-11,2.3235283246887794e-15,2.8167326906433723e-15,0.8249019626204077
56200.0,0.003553472053552238,3.98613153686453e-11,2.3321567190945248e-15,2.3436493385093856e-15,0.9950962717732464
56300.0,0.0034090578844421,3.3765836283519144e-11,2.294206390628179e-15,1.878530838101051e-15,1.2212769383904933
56400.0,0.0032475647107832206,2.7808096566400526e-11,2.217189759281535e-15,1.4469908397414401e-15,1.5322762925560194
56500.0,0.003069612242044478,2.2195967567497848e-11,2.1097643840815223e-15,1.0671625048413643e-15,1.9769851119302049
56600.0,0.002875738754235373,1.7097701441105366e-11,1.9808852280570437e-15,7.496782510287471e-16,2.6423138530946724
56700.0,0.002666452545658488,1.263791542891138e-11,1.839081142979942e-15,4.981638671467519e-16,3.69171925999638
56800.0,0.002442270561431047,8.894368264259903e-12,1.6918902170034366e-15,3.102041403833309e-16,5.4541187455225595
56900.0,0.002203740746555617,5.896333175053667e-12,1.5454787970130153e-15,1.7870920658666473e-16,8.64800883251383
57000.0,0.0019514433670237165,3.625465837094761e-12,1.404455644512995e-15,9.356232511974308e-17,15.010910029389954
57100.0,0.0016859677055482936,2.01993323431729e-12,1.2718750423896805e-15,4.3371914887073806e-17,29.32485332273718
57200.0,0.0014078647598528057,9.821634351268924e-13,1.1494020102313811e-15,1.7105002639990654e-17,67.19683325532706
57300.0,0.0011175832285004773,3.8999542426958416e-13,1.0375928690766382e-15,5.372863791790219e-18,193.1172851733351
57400.0,0.000815403096357546,1.1051708814384747e-13,9.36230639851485e-16,1.1913852631920746e-18,785.83365832732
57500.0,0.000501385829666845,1.579895023648677e-14,8.446519731788082e-16,1.4395860750419833e-19,5867.325252879896
57600.0,0.00017536075907538184,2.3641208627330285e-16,7.620122945843917e-16,4.506091726848921e-21,169107.14223681853
57700.0,0.00016303606772892626,1.7663419231115627e-16,6.874569806302788e-16,2.0486953929240919e-25,3355584158.604834
57800.0,0.0005142586600923292,1.748503332530453e-14,6.201961843108627e-16,3.491164479971986e-22,1776473.6891337738
57900.0,0.0008786702794569689,1.490197245047142e-13,5.595202977340356e-16,5.704471078512172e-20,9808.451827228275
58000.0,0.0012562485595988251,6.226475963523917e-13,5.048488344191021e-16,9.34496659563399e-19,540.2361038454324
58100.0,0.00164605855398567,1.835359434395841e-12,4.559873512611605e-16,6.615327417612707e-18,68.9289165109403
58200.0,0.002045180586558939,4.373877899537471e-12,4.1387035021031574e-16,3.003887604623343e-17,13.777824096125292
58300.0,0.0024465100099028934,8.956286893728235e-12,3.8211545813920484e-16,1.0266484255483683e-16,3.721969942486434
58400.0,0.0028352455862395896,1.6154842965652977e-11,3.693751959096566e-16,2.837846153531783e-16,1.3016040191254141
58500.0,0.003187334632726829,2.5801838671351355e-11,3.9093447372854437e-16,6.513733705899314e-16,0.6001695669174892
58600.0,0.0034777895611225688,3.657237859981501e-11,4.65399215125037e-16,1.246000773460805e-15,0.37351438701950124
58700.0,0.003695416713925839,4.662229882307236e-11,6.046396389894907e-16,2.0003024668526482e-15,0.3022741055460746
58800.0,0.003845012466543906,5.464255745900682e-11,8.054760880237819e-16,2.7639581366870887e-15,0.29142123295298333
58900.0,0.003937965551573032,6.012120264805412e-11,1.051134927201615e-15,3.400315808384276e-15,0.3091286181741694
59000.0,0.00398522041418897,6.305933607420086e-11,1.318236519094269e-15,3.834372476989053e-15,0.34379459142410085
59100.0,0.003995237653692497,6.369575372302593e-11,1.5829856484958348e-15,4.045490119055799e-15,0.39129638236894204
59200.0,0.003974129948653648,6.236030980005407e-11,1.8248365839252406e-15,4.047219919453173e-15,0.45088644062905225
59300.0,0.003926248916306717,5.94088747820474e-11,2.02818259143707e-15,3.871647465918493e-15,0.5238551829139517
59400.0,0.0038547060300370014,5.519567661984904e-11,2.1828312238996004e-15,3.559417247278622e-15,0.6132552247333464
59500.0,0.003761749435821826,5.006099378063488e-11,2.2837778086766513e-15,3.15349347324315e-15,0.7242056557446886
59600.0,0.003649023329009335,4.432477791897665e-11,2.3305811171367724e-15,2.6951391989032297e-15,0.8647349710490605
59700.0,0.003517747151121142,3.828234110818126e-11,2.3265235147174414e-15,2.2212605567227302e-15,1.047388838592631
59800.0,0.0033688432214440136,3.220054409296077e-11,2.2776722326238285e-15,1.7626767033274463e-15,1.2921667531681862
59900.0,0.003203031921458439,2.631389128909185e-11,2.1919229910623536e-15,1.3430958267035529e-15,1.631993002645338
60000.0,0.0030209062730383518,2.0820397307855853e-11,2.0780874114119954e-15,9.78689007256431e-16,2.1233378489020933
60100.0,0.0028229923305276095,1.587737863495431e-11,1.945073665240929e-15,6.78206662068364e-16,2.8679660257375406
60200.0,0.002609797502929245,1.1597576708402472e-11,1.801201129964548e-15,4.4359960460363844e-16,4.060420954554148
60300.0,0.002381845381689761,8.046263882070043e-12,1.653681391362448e-15,2.7109689852072135e-16,6.099964257746935
60400.0,0.002139693107243103,5.2401770323312774e-12,1.5082873422676453e-15,1.5265884458128832e-16,9.88011763356762
60500.0,0.0018839265410688381,3.1491682699780603e-12,1.3692176698738263e-15,7.767102516394404e-17,17.62842278679535
60600.0,0.0016151304488697129,1.7012589668409e-12,1.2391453792325603e-15,3.468816544529697e-17,35.722424732627765
60700.0,0.0013338358733073082,7.913153362807303e-13,1.1194180780378319e-15,1.299849750199832e-17,86.1190362859814
60800.0,0.0010404538745484092,2.9297552145508767e-13,1.0103588830942118e-15,3.786923248218436e-18,266.80204928091337
60900.0,0.0007352114916661808,7.304477492630796e-14,9.11605519130835e-16,7.424654993431737e-19,1227.8085916952264
61000.0,0.00041810950901647486,7.6401201382621e-15,8.224256836762236e-16,7.057553173540692e-20,11653.127698131422
61100.0,8.892105804531475e-05,1.5629982618887786e-17,7.41959882403355e-16,1.1190599377972782e-21,663020.6813263329
61200.0,0.0002527538725457033,1.0203079766817737e-15,6.693664930784018e-16,1.430553809157829e-30,467907245986405.56
61300.0,0.0006073667426147245,3.402076221630126e-14,6.03875787027843e-16,2.0378332919355978e-21,296332.2806716259
61400.0,0.0009752154728102881,2.2612175186446243e-13,5.44802368315643e-16,1.3312427604271903e-19,4092.434411743341
61500.0,0.0013561062057183548,8.45502356016707e-13,4.916272128997891e-16,1.6434120444692758e-18,299.1503041214204
61600.0,0.0017487262723389217,2.3379076275187617e-12,4.443496729529374e-16,1.012678213505719e-17,43.8786642219422
61700.0,0.0021493436187798856,5.335356186494825e-12,4.0441164486659795e-16,4.227160600093859e-17,9.566980844248464
61800.0,0.0025492239730733825,1.0557764841709816e-11,3.7649223883633424e-16,1.3611478955895172e-16,2.7659906763715365
61900.0,0.0029310669315844285,1.8451979002710555e-11,3.7091621146301144e-16,3.581287525291059e-16,1.035706317472698
62000.0,0.0032692580048468015,2.8558591990223783e-11,4.0445297543948605e-16,7.841114793499152e-16,0.5158105525693957
62100.0,0.003541168890366915,3.931212948411784e-11,4.950860195145121e-16,1.4313995351434004e-15,0.34587549273230234
62200.0,0.0037402688838161138,4.892730624385245e-11,6.512324277988386e-16,2.203604224453549e-15,0.2955305769393919
62300.0,0.0038740447440477293,5.631168699474078e-11,8.656843988820659e-16,2.945148544594467e-15,0.29393573389394745
62400.0,0.003954202976935382,6.111894422660141e-11,1.1192454735829627e-15,3.533769321000049e-15,0.3167285048663614
62500.0,0.003991105333649702,6.3432637302484e-11,1.3879357664781794e-15,3.910350861886756e-15,0.3549389339984945
62600.0,0.003992556024744624,6.352491384088098e-11,1.648544552549924e-15,4.064967286806344e-15,0.40554927905584914
62700.0,0.003964154348763955,6.173653235689782e-11,1.8817036311622244e-15,4.0172139108136845e-15,0.46841011530329146
62800.0,0.003909886610712254,5.842472268586527e-11,2.0731981965568503e-15,3.8021658021749605e-15,0.5452676985761417
62900.0,0.003832609944313383,5.394093834971839e-11,2.2142212899547522e-15,3.4615571255833286e-15,0.6396604792652728
63000.0,0.0037343950139051055,4.862067979550983e-11,2.301021288063446e-15,3.0382315871620127e-15,0.7573554622321635
63100.0,0.0036167613037450105,4.277789385838712e-11,2.3342076345384246e-15,2.5725359349556764e-15,0.9073566681114765
63200.0,0.00348084062908672,3.670088751255203e-11,2.3178759944419235e-15,2.0999346689679752e-15,1.1037848123061165
63300.0,0.003327494862609607,3.0648525340325996e-11,2.258658151710961e-15,1.6494780694689973e-15,1.3693168727233045
63400.0,0.0031574048898969347,2.4846265266896648e-11,2.164771654409922e-15,1.2429405288436283e-15,1.7416534453373413
63500.0,0.002971141085518315,1.9481980676846655e-11,2.0451270103215483e-15,8.94539026158975e-16,2.286235648212059
63600.0,0.002769220531502608,1.4701788822717973e-11,1.9085394543098474e-15,6.11183862293239e-16,3.1226928131720735
63700.0,0.002552152105582297,1.060635663268552e-11,1.7630839563021742e-15,3.9322358350566607e-16,4.48366789342575
63800.0,0.0023204672370028454,7.248393669737987e-12,1.6156233590470468e-15,2.3562968730182123e-16,6.856620562321475
63900.0,0.002074731954494254,4.632207359525989e-12,1.4715280660349597e-15,1.2952728472735547e-16,11.360757458418187
64000.0,0.0018155357049839734,2.7161839959422535e-12,1.3345901126218033e-15,6.392248914825492e-17,20.878256313306245
64100.0,0.0015434551586963015,1.418783323952339e-12,1.2071149316394288e-15,2.7422472536556177e-17,44.01918645484121
64200.0,0.0012589968734600413,6.281142047872648e-13,1.0901532367945802e-15,9.715542256389123e-18,112.20714274364614
64300.0,0.0009625298697255149,2.1458377006873911e-13,9.838180189340602e-16,2.6011938515167866e-18,378.2178780564103
64400.0,0.0006542253056198142,4.5798300638747997e-14,8.876231227870511e-16,4.419278222746776e-19,2008.5250985518499
64500.0,0.0003340231106568484,3.1120464696110407e-15,8.00783719193545e-16,3.1157690732547463e-20,25700.997101079854
64600.0,1.6438194185007288e-06,1.8253932262056853e-24,7.224350965794361e-16,1.7808928394874868e-22,4056589.372257466
64700.0,0.00034334054186295677,3.474084371717041e-15,6.517520126172424e-16,9.333164513198231e-25,698318358.8970126
64800.0,0.0007013653472500488,6.049468605654429e-14,5.879851322056804e-16,8.046892530588372e-21,73069.83782504775
64900.0,0.001072641205120249,3.3094659224360315e-13,5.304777469821393e-16,2.815560739127677e-19,1884.0927123685249
65000.0,0.001456762629615472,1.1258879641363476e-12,4.787942915307634e-16,2.7651908716221567e-18,173.15053960448168
65100.0,0.0018519556420311164,2.9407786025262826e-12,4.331880527521826e-16,1.511394173684227e-17,28.661487538768817
65200.0,0.0022535038198689666,6.4472305841157906e-12,3.9572901636424555e-16,5.847917824051943e-17,6.767007134345302
65300.0,0.002650781376354323,1.234342411607275e-11,3.723297180698733e-16,1.780704681565684e-16,2.0909122210118665
65400.0,0.0030239483753670264,2.0904390005312223e-11,3.750689464652509e-16,4.46454625918743e-16,0.8401054098015224
65500.0,0.003346635753737689,3.135983686210658e-11,4.218556932789221e-16,9.32398091467762e-16,0.4524416095863576
65600.0,0.0035995861437006765,4.197109444986918e-11,5.292574837208921e-16,1.625512670435418e-15,0.32559419151074503
65700.0,0.0037807218319306974,5.1078591060987704e-11,7.018009622821101e-16,2.404612474749521e-15,0.29185615963138256
65800.0,0.003899490363989898,5.7805799826714545e-11,9.28539571571709e-16,3.115723436347474e-15,0.2980173274493917
65900.0,0.00396755295705621,6.194852034063666e-11,1.1883652135963195e-15,3.652742471116839e-15,0.3253350661846611
66000.0,0.003994623688928931,6.365660918335499e-11,1.4570717991326548e-15,3.9712905261524364e-15,0.3669013358597894
66100.0,0.003987880170356373,6.322784915355602e-11,1.7122346416496166e-15,4.070792141353843e-15,0.4206146082123885
66200.0,0.0039524493937761794,6.101059786430401e-11,1.9357472669643473e-15,3.975952934046491e-15,0.48686372778418624
66300.0,0.0038919848416051044,5.736203751069568e-11,2.11480159745248e-15,3.724256752218723e-15,0.5678452744141737
66400.0,0.0038091120881625783,5.2630199811440886e-11,2.241951191226704e-15,3.3581619346309994e-15,0.6676125913127097
66500.0,0.003705739908912781,4.714544586363139e-11,2.3146500947668516e-15,2.9201533291381747e-15,0.7926467667538453
66600.0,0.0035832739109938772,4.12154493396459e-11,2.334499206818721e-15,2.4495031723317102e-15,0.9530500850899019
66700.0,0.003442766093397518,3.512125910530121e-11,2.3063433761281414e-15,1.9801324572753924e-15,1.164741968474981
66800.0,0.0032850237967473306,2.9113477834362396e-11,2.2373148914921296e-15,1.5392652205529358e-15,1.4534953831338044
66900.0,0.00311069311163499,2.34082355313944e-11,2.1358929947579754e-15,1.1467233992146616e-15,1.8626052247828473
67000.0,0.0029203255981190687,1.8182982041002265e-11,2.011034002210141e-15,8.147868686667673e-16,2.4681718367660834
67100.0,0.002714432402660837,1.3572383806709447e-11,1.871416786859898e-15,5.485760490602118e-16,3.4114081175543465
67200.0,0.0024935259590275947,9.664860368186858e-12,1.7248401583753246e-15,3.4691716646112353e-16,4.971907778361884
67300.0,0.0022581463680769764,6.5005239502796926e-12,1.5777993944025051e-15,2.0362760729306488e-16,7.748455208883858
67400.0,0.0020088678082358074,4.0714156902637005e-12,1.4352567300708998e-15,1.0911424986329429e-16,13.153705697185167
67500.0,0.0017462808648440221,2.324857773141325e-12,1.3006039023603639e-15,5.2120372399275673e-17,24.95384899395766
67600.0,0.0014709502081001718,1.1703934882464693e-12,1.1757946196686856e-15,2.14060188670834e-17,54.92822495250324
67700.0,0.0011833532957787715,4.902275422512641e-13,1.06160430617931e-15,7.129368611165059e-18,148.9057957414024
67800.0,0.0008838129551145662,1.5253919905237324e-13,9.579588587440756e-16,1.7348524311053316e-18,552.1846363230609
67900.0,0.0005724421276683423,2.684518230945419e-14,8.642686318347358e-16,2.489314486178664e-19,3471.914202216655
68000.0,0.0002491206102343703,9.628943643939625e-16,7.79711044185766e-16,1.1966746771820505e-20,65156.47561138693
68100.0,8.647895564037992e-05,1.3982401017939786e-17,7.034240948134382e-16,1.2021830454593414e-23,58512228.85485524
68200.0,0.0004348031264151947,8.93533092347097e-15,6.346010508970361e-16,4.408525003818806e-23,14394861.100874426
68300.0,0.0007962559145121601,1.0049644374024803e-13,5.725134282455043e-16,2.4827394712795088e-20,23059.74649649618
68400.0,0.0011709353147037612,4.699716119446464e-13,5.165406517588357e-16,5.511823724557549e-19,937.1501658469674
68500.0,0.001558176114302565,1.4736901449650316e-12,4.66360236928133e-16,4.4810705072314584e-18,104.07339857195521
68600.0,0.0019556413006270555,3.656762969520082e-12,4.2255338654726775e-16,2.2053704574309813e-17,19.16019982599644
68700.0,0.0023574291592413955,7.721374426931219e-12,3.879559313211888e-16,7.963464523324003e-17,4.871697866988844
68800.0,0.0027507664624427277,1.4313798251404351e-11,3.698846425028206e-16,2.299816215755349e-16,1.6083226127759784
68900.0,0.00311340420928844,2.3489947256732366e-11,3.821794089839076e-16,5.498136760619901e-16,0.6951071346956053
69000.0,0.0034192303175931324,3.417066503655623e-11,4.4339415101277097e-16,1.0952716530611988e-15,0.4048257341213195
69100.0,0.003653125107318868,4.452441182537027e-11,5.678865257211144e-16,1.8255522720519955e-15,0.31107656264632
69200.0,0.0038169843650945065,5.3066632951330895e-11,7.560584843613033e-16,2.6007505457728508e-15,0.290707805710228
69300.0,0.003921547028672984,5.912480468376037e-11,9.936285457977299e-16,3.2742803107102225e-15,0.3034647163676107
69400.0,0.003978166922646354,6.26140818747244e-11,1.258069788559099e-15,3.756834349667452e-15,0.3348749695792313
69500.0,0.003995884425783192,6.373700948218562e-11,1.525275778103038e-15,4.0174091184215825e-15,0.3796665296319908
69600.0,0.003981287510571272,6.281077827221266e-11,1.7737733893402898e-15,4.063516883075355e-15,0.4365118788427085
69700.0,0.003939070400194555,6.018870226102169e-11,1.986780299554439e-15,3.924145678203545e-15,0.50629626483795
69800.0,0.003872583564729962,5.6226778390755647e-11,2.1528974272543487e-15,3.6386746258316554e-15,0.5916707726408164
69900.0,0.0037842416745859048,5.126907302879555e-11,2.2660067532031083e-15,3.2499601041883667e-15,0.6972414062199734
70000.0,0.0036758057707198194,4.564048277183147e-11,2.324716718865568e-15,2.7999138215710116e-15,0.830281525436803
70100.0,0.0035485774950589455,3.964214853365975e-11,2.33155862537868e-15,2.3265915490026084e-15,1.00213491550685
70200.0,0.0034035362617714357,3.3547606222311075e-11,2.2920619852724434e-15,1.862281244088578e-15,1.2307818663524184
70300.0,0.003241440429331918,2.7598926325985673e-11,2.2137962217994253e-15,1.4323337618260436e-15,1.5455868463067688
70400.0,0.0030629057481732433,2.2002627192236822e-11,2.105443685553725e-15,1.0546093968335884e-15,1.9964203731497308
70500.0,0.0028684685935757644,1.6925457068707826e-11,1.975955695819209e-15,7.394767768199326e-16,2.6720997301858027
70600.0,0.0026586369897971416,1.249039520492894e-11,1.8338341946314332e-15,4.903247941387068e-16,3.740039697263737
70700.0,0.0024339287220398937,8.77347072902172e-12,1.6865733440335916e-15,3.045441262602312e-16,5.538026179472017
70800.0,0.002194893016409001,5.8022098959633704e-12,1.5402854677399185e-15,1.7490612737709182e-16,8.806355105096541
70900.0,0.0019421110206553468,3.5566097888991627e-12,1.3995222347412589e-15,9.121777306320597e-17,15.342648562265511
71000.0,0.0016761715906578676,1.9733944882216413e-12,1.2672841955151788e-15,4.2073480444670496e-17,30.1207359629243
71100.0,0.0013976232163737622,9.5389469529541e-13,1.1451910689883427e-15,1.647988520888158e-17,69.49023336468143
71200.0,0.0011069096347735355,3.753087409698455e-13,1.0337653850061934e-15,5.125155221843633e-18,201.70420997206887
71300.0,0.0008043036667482665,1.0462132191490974e-13,9.327686540088028e-16,1.1183458603049974e-18,834.0609887485222
71400.0,0.0004898583854076055,1.4395348906125466e-14,8.415269004480003e-16,1.3107422830897586e-19,6420.231584078479
71500.0,0.00016339513365173932,1.7819539653980968e-16,7.591928284195767e-16,3.784226632855884e-21,200620.33859917856
71600.0,0.00017545549156453236,2.3692335367324867e-16,6.849133671027472e-16,7.323088315063617e-26,9352794034.913906
71700.0,0.0005271478957336807,1.930500496449987e-14,6.179014429470205e-16,4.607300090051885e-22,1341135.6561757235
71800.0,0.0008920374659164279,1.5829689266993953e-13,5.574506317351426e-16,6.462091807295285e-20,8626.47341385365
71900.0,0.0012700801499904732,6.505257959205445e-13,5.029879192902693e-16,1.0137550496709394e-18,496.1631702387446
72000.0,0.001660292912238773,1.8996730619596058e-12,4.543426725679513e-16,7.030190618392435e-18,64.62736179290741
72100.0,0.0020596524008668535,4.498997361350217e-12,4.1251334316540823e-16,3.153368616146066e-17,13.081672122099294
72200.0,0.002460842775120516,9.168018428158214e-12,3.812550303132891e-16,1.0685731484085713e-16,3.567888926285423
72300.0,0.00284872274019409,1.646420398613734e-11,3.6944572274272165e-16,2.9332870452816707e-16,1.2594939296411252
72400.0,0.00319898317382646,2.618109651783022e-11,3.9259186808269915e-16,6.688753544368155e-16,0.5869432405881608
72500.0,0.003486897954716934,3.695702126232843e-11,4.692585643857708e-16,1.271154013982736e-15,0.36915948753959876
72600.0,0.003701922104069648,4.695146122994774e-11,6.10869153684649e-16,2.028597857765397e-15,0.3011287581450728
72700.0,0.0038492703388648105,5.488499909999345e-11,8.136721214966591e-16,2.78971953932342e-15,0.2916680727317829
72800.0,0.003940401378936945,6.027009252514863e-11,1.0605263574070272e-15,3.419712516714037e-15,0.3101214947816944
72900.0,0.003986184371879287,6.312037017926815e-11,1.327944615595341e-15,3.8458386367487654e-15,0.3452938984247068
73000.0,0.003994987285646988,6.36797888330655e-11,1.5921994182149297e-15,4.049033338193045e-15,0.39322951559729014
73100.0,0.003972848947737282,6.227994504156823e-11,1.8329027858304317e-15,4.04374801884986e-15,0.4532682989361324
73200.0,0.003924068151059759,5.927699429034737e-11,2.034640068835833e-15,3.8625213184040374e-15,0.5267647479746544
73300.0,0.003851719567523606,5.502482224036234e-11,2.187412611418071e-15,3.5461726824933275e-15,0.6168375900634633
73400.0,0.0037580256814948015,4.9863066481081383e-11,2.286392594993593e-15,3.1376648081219822e-15,0.7286924304582076
73500.0,0.0036446126673208073,4.4110860487832954e-11,2.3312883046026338e-15,2.6781434904293473e-15,0.8704867057847198
73600.0,0.003512687295271477,3.8062557716189684e-11,2.3254989729504765e-15,2.2043210422654185e-15,1.0549729047455454
73700.0,0.0033631631136346123,3.198392314654478e-11,2.275174159271945e-15,1.7467745665866321e-15,1.3025001638979994
73800.0,0.0031967547227637044,2.6108220414998857e-11,2.188257970939028e-15,1.3289449158835048e-15,1.6466129971114998
73900.0,0.003014051759480634,2.0632071440616408e-11,2.073579031766055e-15,9.667308543064237e-16,2.144939330868605
74000.0,0.0028155788412638156,1.5711251480390028e-11,1.9400352961060397e-15,6.686243124389781e-16,2.9015326843698896
74100.0,0.002601843446159808,1.1456834884694122e-11,1.7959141867150606e-15,4.363488583413583e-16,4.115776063999935
74200.0,0.0023733701917525002,7.932351361230354e-12,1.6483800656053203e-15,2.6595274419471344e-16,6.1980186389747605
74300.0,0.002130717482100494,5.152802364422574e-12,1.5031503408876272e-15,1.492732505471453e-16,10.069790370196861
74400.0,0.0018744718074652634,3.08642451820247e-12,1.364366899441986e-15,7.563616100527218e-17,18.038553005709577
74500.0,0.0016052170302944244,1.6598736982971592e-12,1.234650779890663e-15,3.359725804910358e-17,36.74855781641993
74600.0,0.001323481063543823,7.670275015657796e-13,1.1153070639980107e-15,1.249586577183001e-17,89.25408485999404
74700.0,0.001029669382320189,2.8101610154473846e-13,1.0066282765632928e-15,3.600107188672432e-18,279.6106404083193
74800.0,0.0007240014208089757,6.869065894745836e-14,9.082336615198274e-16,6.928317697304503e-19,1310.900713853206
74900.0,0.00040646949482225035,6.8242014643867305e-15,8.193826682007174e-16,6.34298167008817e-20,12917.941605675926
75000.0,7.6839184334991e-05,8.715072272767795e-18,7.392145371397574e-16,8.951484149447778e-22,825801.0904095272
75100.0,0.0002652939219751334,1.2383665408372781e-15,6.668897516563877e-16,1.4160156707704474e-28,4709621266363.077
75200.0,0.0006203798953388407,3.70314629454951e-14,6.016414027462378e-16,2.513846846785842e-21,239330.9693927796
75300.0,0.0009887059026440642,2.38895801027311e-13,5.427877568210813e-16,1.4852188972549422e-19,3654.5977015528783
75400.0,0.0013700512322643696,8.808201461264433e-13,4.898199170070526e-16,1.7710655369586904e-18,276.56792297374903
75500.0,0.0017630444683496085,2.4154223156616337e-12,4.4276863798777843e-16,1.072197224953857e-17,41.295447113923785
75600.0,0.0021638276641462333,5.4806325304885745e-12,4.031555092142615e-16,4.426615621084167e-17,9.107533694455283
75700.0,0.0025634193933300404,1.0794901182372787e-11,3.758207243303087e-16,1.4140571989824106e-16,2.657747682348057
75800.0,0.0029441653327564586,1.878403060462377e-11,3.713293875584927e-16,3.695428627785715e-16,1.0048344183039781
75900.0,0.0032802925014876762,2.8946115682225124e-11,4.0663335985827724e-16,8.038091178710614e-16,0.5058829899009744
76000.0,0.0035495850235786855,3.968718923933359e-11,4.995675227938727e-16,1.4579222337945791e-15,0.34265718103059095
76100.0,0.003746150771655226,4.9235802234477996e-11,6.580298922934256e-16,2.231744339555795e-15,0.29485003305728086
76200.0,0.003877791915213935,5.652987329853019e-11,8.74272570854319e-16,2.969530138245883e-15,0.2944144461085539
76300.0,0.003956227948393232,6.124423796727773e-11,1.1288029783869056e-15,3.551185369241617e-15,0.3178665321624622
76400.0,0.003991733455004953,6.347257892026942e-11,1.3975885006322974e-15,3.919718213048971e-15,0.35655330936281177
76500.0,0.003992023551205647,6.349103221785639e-11,1.6575164788629197e-15,4.066582063904644e-15,0.4075944989713077
76600.0,0.00396262944904238,6.164159385961956e-11,1.889389590570797e-15,4.012135988593107e-15,0.470918631856576
76700.0,0.003907489305706265,5.828156445076543e-11,2.079187994395908e-15,3.7918230217682305e-15,0.5483346618393402
76800.0,0.003829426753448489,5.3761957959354655e-11,2.218295521449961e-15,3.4474989155325406e-15,0.6434506799858695
76900.0,0.0037304890540893827,4.841758111352803e-11,2.3031310767522808e-15,3.0219711795048725e-15,0.7621287364923287
77000.0,0.0036121792358925924,4.2561524547855246e-11,2.334445514109934e-15,2.5554462799044816e-15,0.9135177414870924
77100.0,0.0034756175655751703,3.648110147299655e-11,2.316442490526397e-15,2.083179966086289e-15,1.1119742548591915
77200.0,0.0033216579902430993,3.043404400996611e-11,2.255827184227427e-15,1.6339718487962435e-15,1.3805789774709447
77300.0,0.003150976283214061,2.464453033766714e-11,2.16085708647526e-15,1.229325813389997e-15,1.7577578400606966
77400.0,0.0029641399789859333,1.9299001709352204e-11,2.0404521994154097e-15,8.831883461711532e-16,2.3103250945976477
77500.0,0.0027616651577314186,1.4541998370574915e-11,1.903411337818187e-15,6.022177471563013e-16,3.1606696195955357
77600.0,0.0025440610730056226,1.0472494476159184e-11,1.7577729100413456e-15,3.865460040090047e-16,4.547383472629037
77700.0,0.002311860317999099,7.141449525043082e-12,1.6103497128473432e-15,2.3097787997611314e-16,6.97187848903055
77800.0,0.0020656301084792067,4.5514547514945315e-12,1.4664556755077229e-15,1.2653160549970962e-16,11.58963936098233
77900.0,0.001805960205840783,2.6593329487949548e-12,1.3298267439193654e-15,6.216982686324453e-17,21.39022755917587
78000.0,0.001533425852713127,1.3822644301772323e-12,1.202718464392615e-15,2.651509882235405e-17,45.3597579420915
78100.0,0.0012485298389755097,6.074852159972467e-13,1.0861419692094012e-15,9.317081931146984e-18,116.57533734660325
78200.0,0.000951635005658216,2.0503199853362072e-13,9.80182867838108e-16,2.4633496033859566e-18,397.90651984225616
78300.0,0.0006429045434236779,4.2709647638752314e-14,8.843394247505015e-16,4.0948540505206095e-19,2159.6360061674695
78400.0,0.00032226995852499497,2.696617206963959e-15,7.978207175050718e-16,2.753210819606048e-20,28977.82878897848
78500.0,1.0555179021713208e-05,3.1031475276837615e-21,7.197619766067834e-16,1.3083061686269772e-22,5501479.652596526
78600.0,0.0003560020173623789,4.0155944441617685e-15,6.493404306422541e-16,1.889725888244455e-24,343616200.99594855
78700.0,0.0007145025273495399,6.515610071859754e-14,5.85809604953008e-16,9.530083610245207e-21,61469.51369065011
78800.0,0.0010862532616426287,3.4806822829825495e-13,5.285172892422408e-16,3.1042520795441484e-19,1702.5591855924672
78900.0,0.0014708157122978749,1.1699654889242593e-12,4.770416733338581e-16,2.9633916528984214e-18,160.97827395419543
79000.0,0.001866344175103941,3.033241234442867e-12,4.3167686612580856e-16,1.5949662063494746e-17,27.06495375308431
79100.0,0.0022679701460862284,6.614383061105788e-12,3.9459069064849557e-16,6.109997473122641e-17,6.458115447416573
79200.0,0.0026647841999986512,1.2606315944412962e-11,3.718808214162337e-16,1.846571632097597e-16,2.0138987026124675
79300.0,0.003036599199944802,2.1256409190512488e-11,3.7587245496236136e-16,4.599029424533632e-16,0.8172864756143128
79400.0,0.0033570174907387204,3.175078189765835e-11,4.245971979478293e-16,9.541954742662067e-16,0.44497926200535803
79500.0,0.0036073178164818544,4.233286247775044e-11,5.343620543363226e-16,1.653030833471846e-15,0.32326200063310784
79600.0,0.0037860085469998625,5.1364890770440594e-11,7.091295669514269e-16,2.432224096947267e-15,0.29155601568188955
79700.0,0.003902754861782542,5.7999613876677165e-11,9.374633624414029e-16,3.138511511271512e-15,0.29869680549988054
79800.0,0.0039691888223836215,6.2050751746108e-11,1.198029267971608e-15,3.668109259131289e-15,0.3266067565979033
79900.0,0.003994931682999833,6.367624369947101e-11,1.4666166304719502e-15,3.978581969571144e-15,0.3686279789354292
80000.0,0.003987076765137944,6.317691258254693e-11,1.7209239010752812e-15,4.070551506360907e-15,0.4227741372111504
80100.0,0.003950688581409167,6.090194984671997e-11,1.9430253960208424e-15,3.969366028795632e-15,0.48950522121800566
80200.0,0.003889376769300421,5.720843564763767e-11,2.120309027115285e-15,3.712802156144588e-15,0.5710805310771085
80300.0,0.0038057363956776956,5.2443880970255464e-11,2.245515083951699e-15,3.343392244252392e-15,0.6716277720066953
80400.0,0.003701654883440679,4.6937906065647484e-11,2.3162612325652606e-15,2.9035537793999405e-15,0.79773319474866
80500.0,0.003578522814195447,4.0997291887195675e-11,2.334281395378901e-15,2.432398041927985e-15,0.9596625861155051
80600.0,0.0034373816766060084,3.490205824871392e-11,2.3045194615055796e-15,1.963624104921445e-15,1.173605200572628
80700.0,0.003279031678042511,2.8901638056973426e-11,2.2341722589449176e-15,1.5241981932310787e-15,1.4658016712438144
80800.0,0.003104114430331589,2.321084223485919e-11,2.131750731588722e-15,1.133669896111251e-15,1.8803981113912598
80900.0,0.002913179170104532,1.8005649531571132e-11,2.006213487783581e-15,8.040516630523498e-16,2.4951300768007507
81000.0,0.0027067364466867956,1.3419115533207888e-11,1.8662171669921596e-15,5.40219544071381e-16,3.454553222801525
81100.0,0.002485299337203517,9.537945239536456e-12,1.7195198599950097e-15,3.4079486977114733e-16,5.045615449404248
81200.0,0.002249409192754814,6.4004995488815744e-12,1.5725644535453421e-15,1.9944305529488674e-16,7.884779197852867
81300.0,0.0019996412413232434,3.99713070274033e-12,1.430256180700622e-15,1.0648048689644101e-16,13.432096550156052
81400.0,0.0017365860087640264,2.273658314573982e-12,1.2959317945838076e-15,5.0623003014375144e-17,25.599662552926954
81500.0,0.0014608061718276708,1.138440635164017e-12,1.1714974753049423e-15,2.065948133789482e-17,56.705076770543776
81600.0,0.0011727747764457965,4.729317550692657e-13,1.057692138080612e-15,6.818402785334049e-18,155.1231529406917
81700.0,0.0008728079178820567,1.4508239568210213e-13,9.54417480440138e-16,1.6356493853606065e-18,583.5098212259717
81800.0,0.0005610102978129737,2.476414517652874e-14,8.610710178775122e-16,2.28692648116119e-19,3765.1888898514226
81900.0,0.00023725346455021656,7.921186904416549e-16,7.768259936220518e-16,1.0332926955258298e-20,75179.66564417981
82000.0,9.879616141842722e-05,2.3817725889872037e-17,7.008213135204635e-16,7.32414144054598e-24,95686480.00716664
82100.0,0.0004475869017477088,1.0033431356392506e-14,6.32252927251722e-16,6.478373710265673e-23,9759438.95070224
82200.0,0.0008095170914726004,1.073603945225016e-13,5.703953200498303e-16,2.861200709702848e-20,19935.522807453417
82300.0,0.0011846668463934844,4.924078265892417e-13,5.146337405365834e-16,6.019775268577154e-19,854.9052374478812
82400.0,0.0015723305054838226,1.527971910491738e-12,4.646642655386855e-16,4.779328110371583e-18,97.22376342614376
82500.0,0.0019700835606611886,3.765985095570964e-12,4.2112038771235357e-16,2.3204682981432666e-17,18.14807761214902
82600.0,0.002371842009963906,7.91194093879979e-12,3.8695621622661325e-16,8.302856596019717e-17,4.660519084625827
82700.0,0.002764515403466751,1.46021251089245e-11,3.696966529502519e-16,2.3806958689499897e-16,1.552893243408312
82800.0,0.00312554204964522,2.3858404257021545e-11,3.8342154191414214e-16,5.654149438189399e-16,0.6781241743000754
82900.0,0.0034289336643278045,3.456020757399902e-11,4.467271573467323e-16,1.118985235165535e-15,0.3992252474007368
83000.0,0.00366018845490332,4.486976510104729e-11,5.736042049502588e-16,1.8536642146861007e-15,0.30944342584042
83100.0,0.003821705490656826,5.3329667237395323e-11,7.638744745590864e-16,2.6274963939446327e-15,0.29072331985669814
83200.0,0.003924355480211561,5.929435778008274e-11,1.0028294043623277e-15,3.2953037448435115e-15,0.30432077951283076
83300.0,0.003979433769035254,6.269387774394541e-11,1.2677820604573903e-15,3.770112095734679e-15,0.336271715074917
83400.0,0.003995886688466745,6.373715384752779e-11,1.5346629969316453e-15,4.022663916757717e-15,0.38150415463208515
83500.0,0.003980223406495256,6.274365384197174e-11,1.7821426164035347e-15,4.0615021356910885e-15,0.43878903835668986
83600.0,0.003937080999013634,6.006720273620437e-11,1.9936265071522995e-15,3.9161500888504864e-15,0.5090781665463419
83700.0,0.0038697700267375378,5.606355520162747e-11,2.1579109989678175e-15,3.6262131076561014e-15,0.5950866468415146
83800.0,0.0037806773662426283,5.1076188128712137e-11,2.269059836778385e-15,3.2345790792024703e-15,0.7015008077458575
83900.0,0.003671544568328072,4.542921436040068e-11,2.325837681516653e-15,2.783064318698864e-15,0.8357110778539343
84000.0,0.003543659560200216,3.942284646738278e-11,2.3309002499702777e-15,2.3095451187754125e-15,1.009246466337141
84100.0,0.00339799220894069,3.332955565413025e-11,2.2898671118844846e-15,1.8460760115804617e-15,1.2403969812294373
84200.0,0.0032352944846373343,2.7390204714817794e-11,2.2103634882047254e-15,1.4177443226657845e-15,1.5590705974745709
84300.0,0.003056178259792285,2.1809953357496923e-11,2.1010954218149684e-15,1.0421374613964943e-15,2.016140384205592
84400.0,0.002861178074808646,1.6754040549704934e-11,1.971009650974963e-15,7.293609157168731e-16,2.7023790396524063
84500.0,0.00265080172944945,1.234380321905109e-11,1.8285804779711213e-15,4.825679472685414e-16,3.7892704816417186
84600.0,0.002425567877478952,8.65353866838059e-12,1.681257648564818e-15,2.9895691427258534e-16,5.623745657984238
84700.0,0.0021860270270048056,5.7090272624255004e-12,1.5350992280710558e-15,1.711625483498236e-16,8.968663080042521
84800.0,0.0019327611759376699,3.4886128928203466e-12,1.3945998045059219e-15,8.891783514083298e-17,15.684140333568374
84900.0,0.001666358689983798,1.927586922860906e-12,1.262706418683069e-15,4.08053232750047e-17,30.944649308942974
85000.0,0.0013873654659757445,9.261973378544416e-13,1.1409938608515948e-15,1.5872926369689236e-17,71.88301856111573
85100.0,0.0010962201910321217,3.610199457374612e-13,1.0299513108265036e-15,4.886676018747581e-18,210.76725915021322
85200.0,0.0007931884561852309,9.895677852012409e-14,9.293191955125831e-16,1.0489781218675335e-18,885.9281010151886
85300.0,0.0004783149237011704,1.308566307232348e-14,8.384132562050454e-16,1.1914938618334893e-19,7036.65610928857
85400.0,0.00015141300030360302,1.313991844270122e-16,7.563836930578092e-16,3.1606175605494595e-21,239315.15868889724
85500.0,0.0001878920321036055,3.115827905163934e-16,6.823790771907274e-16,2.1100667326180656e-26,32339217838.104366
85600.0,0.0005400547399448026,2.1266260881409254e-14,6.156151178837466e-16,6.008316468596855e-22,1024605.0139025276
85700.0,0.0009054222577110345,1.6801369163227624e-13,5.553886244430634e-16,7.302967327119333e-20,7604.9720554088435
85800.0,0.0012839281799671355,6.793646303573822e-13,5.011343732520263e-16,1.0986508253359161e-18,456.13616418920253
85900.0,0.0016745400215621045,1.9657221676820655e-12,4.527064967214057e-16,7.467014645035988e-18,60.62750888299936
86000.0,0.0020741278917982588,4.626815006323438e-12,4.111694430731862e-16,3.309117405783089e-17,12.425350709969285
86100.0,0.0024751598740008485,9.383244482256741e-12,3.8041900110810444e-16,1.11191276633482e-16,3.421302575399628
86200.0,0.002862151727367093,1.6776857644800504e-11,3.69561100680899e-16,3.0312193642574867e-16,1.2191829632608095
86300.0,0.003210549411537658,2.6561796292993043e-11,3.94319488112483e-16,6.866854622652538e-16,0.5742359635977916
86400.0,0.0034959102264096277,3.734058306276712e-11,4.732040247147582e-16,1.2965189513249974e-15,0.36498041484943977
86500.0,0.003708339352757822,4.727786848485685e-11,6.171796661029724e-16,2.0568957089227457e-15,0.3000539421739602
86600.0,0.003853455590331628,5.5124091094542093e-11,8.219261186190919e-16,2.8153041170359146e-15,0.2919493185995318
86700.0,0.003942778781447802,6.041567769094363e-11,1.0699446575266938e-15,3.4388395789890102e-15,0.3111353795227774
86800.0,0.003987100675647026,6.317842808457473e-11,1.3376484525717288e-15,3.857012593179306e-15,0.3468094594602076
86900.0,0.003994696994993704,6.366128200796356e-11,1.6013823183299128e-15,4.0523045533393965e-15,0.39517817509798375
87000.0,0.003971533518625599,6.219750125950741e-11,1.8409180658457566e-15,4.040047164984751e-15,0.455667468885281
87100.0,0.003921856886051288,5.914349366368537e-11,2.0410336560576953e-15,3.853219655795321e-15,0.5296956411472518
87200.0,0.0038487054447382536,5.4852787915432786e-11,2.1919238805361773e-15,3.5328086317995907e-15,0.6204479520362882
87300.0,0.0037542763441922753,4.9664372938035826e-11,2.28893693721174e-15,3.1217702261664833e-15,0.7332176205750228
87400.0,0.0036401779635063646,4.389655859025993e-11,2.331929520062766e-15,2.6611296205187565e-15,0.8762930982701185
87500.0,0.003507604562889659,3.78427347887128e-11,2.3244165031618553e-15,2.1874031176765193e-15,1.0626374646621484
87600.0,0.0033574610403363865,3.17675656504125e-11,2.2726285293552094e-15,1.730924473559984e-15,1.3129564946765733
87700.0,0.003190456310124066,2.5903068610364764e-11,2.1845569085515274e-15,1.3148666783920423e-15,1.661428450847225
87800.0,0.003007176701387422,2.0444467365110378e-11,2.0690462056330773e-15,9.548563536815326e-16,2.1668664586622772
87900.0,0.0028081454568911076,1.554599084198543e-11,1.934983272250503e-15,6.591277714948657e-16,2.935672499221307
88000.0,0.0025938701685576946,1.131704249288358e-11,1.790622908788721e-15,4.2917867655830666e-16,4.172208468389396
88100.0,0.002364876502191844,7.819407976929874e-12,1.6430818317541927e-15,2.608784199690279e-16,6.298266571643846
88200.0,0.002121724118383153,5.0663555114828636e-12,1.4980217980499012e-15,1.4594348487168692e-16,10.264396518741194
88300.0,0.0018650000960883603,3.0245129109708856e-12,1.359527967715331e-15,7.364213880444718e-17,18.461277602562387
88400.0,0.001595287324295778,1.6191819967335679e-12,1.2301696834178415e-15,3.253326064051785e-17,37.81267721704332
88500.0,0.0013131104982080242,7.432674303881897e-13,1.1112099006154342e-15,1.2008769238079836e-17,92.53320457618462
88600.0,0.0010188694231369848,2.694102560799815e-13,1.002910998350455e-15,3.4207736010650687e-18,293.1825122943522
88700.0,0.0007127758729237959,6.452855964686148e-14,9.048741512624008e-16,6.459300686437261e-19,1400.8856301772503
88800.0,0.00039481369361096504,6.074476237686172e-15,8.163508737225806e-16,5.688891921592545e-20,14349.910052326179
88900.0,6.474098606481336e-05,4.3919485912691575e-18,7.364793237865829e-16,7.096597663211779e-22,1037792.1346794614
89000.0,0.0002778509013602788,1.4900033630428674e-15,6.644221517141518e-16,1.8579343838881623e-27,357613356788.0331
89100.0,0.000633410385533019,4.0242108549112545e-14,5.99415272677378e-16,3.079947920826731e-21,194618.63904389678
89200.0,0.0010022134477371616,2.522208076139474e-13,5.407807074668783e-16,1.6539910779061635e-19,3269.550330050563
89300.0,0.001384011729673922,9.172740176405302e-13,4.880201280983809e-16,1.9070500812211024e-18,255.90315267750964
89400.0,0.0017773734133225026,2.494909098275214e-12,4.411968868451183e-16,1.1346691239449153e-17,38.8833077004162
89500.0,0.002178311260230428,5.628851023343667e-12,4.0191464577326104e-16,4.633974469197941e-17,8.673216661955959
89600.0,0.0025775915855703103,1.1035612185130356e-11,3.751780286119392e-16,1.4686473160397098e-16,2.5545821962459163
89700.0,0.002957205676384368,1.9119042266963276e-11,3.717939397271859e-16,3.812308355034e-16,0.9752462421783038
89800.0,0.0032912383511163085,2.933440938658973e-11,4.0888963230191505e-16,8.238065043390429e-16,0.49634183530752246
89900.0,0.003557905380084696,4.00606125192843e-11,5.041358601349417e-16,1.4846067134407928e-15,0.3395753606465467
90000.0,0.0037519482211088515,4.9541294875479974e-11,6.649036034847801e-16,2.2598327544450144e-15,0.29422690779967553
90100.0,0.003881470362737247,5.6744674136711164e-11,8.829108836059861e-16,2.993702146834328e-15,0.2949227546032309
90200.0,0.0039581975785077115,6.136629221720308e-11,1.1383788863391677e-15,3.568320055718426e-15,0.3190237614798184
90300.0,0.003992316170539948,6.35096500904211e-11,1.4072293673156449e-15,3.928795274892427e-15,0.35818342999666114
90400.0,0.003991452767610024,6.3454727955054e-11,1.6664515216563038e-15,4.067934358873273e-15,0.40965546015296905
90500.0,0.003961071286934574,6.154469763353051e-11,1.897020466234274e-15,4.006842393655794e-15,0.4734452418787193
90600.0,0.003905062358066146,5.813690421496764e-11,2.0851115726203066e-15,3.781319366549651e-15,0.5514243496768995
90700.0,0.0038262165454965654,5.35819099493123e-11,2.2222989583130356e-15,3.433335675075277e-15,0.6472710997780056
90800.0,0.003726558005347112,4.821382098122423e-11,2.3051711297226382e-15,3.0056580981038982e-15,0.7669438953076007
90900.0,0.0036075735163252787,4.234486658477192e-11,2.3346192010359308e-15,2.538349809177739e-15,0.9197389550466238
91000.0,0.0034703719456849825,3.626136130732072e-11,2.314953580703935e-15,2.0664558719538755e-15,1.120253092322315
91100.0,0.0033157994280855556,3.0219899651695706e-11,2.2529516049463754e-15,1.6185241464650855e-15,1.3919789889245102
91200.0,0.0031445267146512548,2.44433745938466e-11,2.1569095498425125e-15,1.215787674888634e-15,1.774084072730944
91300.0,0.0029571185732842524,1.9116789796950436e-11,2.0357558917723414e-15,8.719228020847271e-16,2.3347891429206156
91400.0,0.002754090140391477,1.4383103661604431e-11,1.898272193384675e-15,5.93336819272269e-16,3.199316360836863
91500.0,0.0025359510849448253,1.0339594289849914e-11,1.7524596961738674e-15,3.7994671903064707e-16,4.61238275894287
91600.0,0.0023032351792207748,7.0354705542477276e-12,1.6050807961131203e-15,2.263925432205923e-16,7.089813000374143
91700.0,0.002056510810579656,4.471610795826919e-12,1.461392847270017e-15,1.2358790773110362e-16,11.82472358420083
91800.0,0.0017963680064057028,2.603282237256264e-12,1.325075836502406e-15,6.045424136797507e-17,21.91865792239268
91900.0,0.0015233805053821037,1.3463983888392354e-12,1.198335735412532e-15,2.5631407093958214e-17,46.75263168423561
92000.0,0.001238047239995881,5.873390466096963e-13,1.082144515124407e-15,8.931743272117373e-18,121.15714504497532
92100.0,0.0009407247922299591,1.9578993745163645e-13,9.765608485798572e-16,2.3314592255234393e-18,418.8625037440267
92200.0,0.0006315683417290092,3.9776028456023523e-14,8.810678111892951e-16,3.790114309273948e-19,2324.6470668006755
92300.0,0.0003105009878170335,2.323763647087599e-15,7.948686682628414e-16,2.4260928237370204e-20,32763.32465459707
92400.0,2.2770570223838417e-05,6.721026911195787e-20,7.170987407897898e-16,9.447735383913544e-23,7590165.385143814
92500.0,0.0003686804702445184,4.6189210569290666e-15,6.469377660312813e-16,3.5551431649221544e-24,181972352.7351808
92600.0,0.0007276569800862701,7.008850676559509e-14,5.836421390264345e-16,1.1236852884560996e-20,51940.000018006496
92700.0,0.0010998820989820187,3.65868098972944e-13,5.26564299281623e-16,3.4176229824693044e-19,1540.7325558806056
92800.0,0.0014848833463910914,1.2153723576969209e-12,4.752967846312421e-16,3.1735493821354946e-18,149.76820190880815
92900.0,0.001880741278381014,3.1279243056638526e-12,4.3017599283788924e-16,1.6824380937793655e-17,25.56860751242015
93000.0,0.0022824313470566774,6.784703949039487e-12,3.934702931613248e-16,6.381899245083469e-17,6.165410609771834
93100.0,0.002678755550249455,1.2872779915246424e-11,3.71465800254911e-16,1.9144017796732194e-16,1.9403753391741974
93200.0,0.003049182532294287,2.1610942180811738e-11,3.767340570811357e-16,4.736447050668947e-16,0.7953937900095981
93300.0,0.0033673061762152564,3.214181790449238e-11,4.2741931178422156e-16,9.762721986266785e-16,0.4378075216988377
93400.0,0.003614955471749353,4.269252261423087e-11,5.395526988674847e-16,1.6806559784007174e-15,0.32103696758982975
93500.0,0.0037912148650583047,5.164801118886393e-11,7.165286939710665e-16,2.459734690794744e-15,0.2913032436598091
93600.0,0.003905954412172012,5.81900445056695e-11,9.464292194530617e-16,3.1610636290503786e-15,0.29940214134107146
93700.0,0.0039707722287589614,6.214982525292715e-11,1.2077034965074734e-15,3.683187449010831e-15,0.3278962890774995
93800.0,0.0039951963456792096,6.369311948249941e-11,1.4761424740749059e-15,3.9855876248070405e-15,0.37037009671726195
93900.0,0.003986236527744057,6.312367375160323e-11,1.7295708428354764e-15,4.0700592226942005e-15,0.42494979758318513
94000.0,0.00394889556721966,6.079146405021433e-11,1.95024485771341e-15,3.962577233325039e-15,0.4921657655810382
94100.0,0.0038867398253477755,5.705344722679483e-11,2.1257484305462355e-15,3.70120130506479e-15,0.5743401277950819
94200.0,0.0038023342548928396,5.2256603302654904e-11,2.249007943447887e-15,3.32853161412274e-15,0.6756757045375489
94300.0,0.003697545195792487,4.672980549297055e-11,2.317803680993328e-15,2.8869142087229977e-15,0.8028654519728833
94400.0,0.003573748393146292,4.077893703600434e-11,2.334001404775387e-15,2.4152967130592068e-15,0.9663414818377112
94500.0,0.003431974963452133,3.4682983761059865e-11,2.302642796543666e-15,1.947154582908062e-15,1.1825680491708495
94600.0,0.0032730180870762806,2.8690203570228462e-11,2.230988000828314e-15,1.5091953519379956e-15,1.478263233426638
94700.0,0.00309751498249285,2.3014082813004815e-11,2.1275785356583494e-15,1.1206961091149308e-15,1.8984437604040614
94800.0,0.002906012632494054,1.7829123778909104e-11,2.0013743257719994e-15,7.934024010955347e-16,2.522521135565622
94900.0,0.0026990210430307094,1.3266766667071606e-11,1.861009000762166e-15,5.319470568985943e-16,3.498485378624686
95000.0,0.0024770539684932204,9.411999251523366e-12,1.7141993907535265e-15,3.3474820657431304e-16,5.120862060161567
95100.0,0.00224065401796564,6.3014314451847e-12,1.5673357034005722e-15,1.9532139481224793e-16,8.02439335899259
95200.0,0.0019903974449842986,3.923731045491797e-12,1.4252661321169801e-15,1.038948060703681e-16,13.718357885490882
95300.0,0.0017268746593616174,2.2232242712239265e-12,1.2912726296119221e-15,4.9159034286055435e-17,26.26724972053016
95400.0,0.0014506462628700065,1.1070980932151493e-12,1.1672141954498646e-15,1.9933583901873575e-17,58.555160035228646
95500.0,0.0011621808002807734,4.560734537599247e-13,1.0537936707358335e-15,6.518373087888087e-18,161.66513584408165
95600.0,0.0008617875621062921,1.3789257947056639e-13,9.508889915756528e-16,1.54108694263142e-18,617.0248837174632
95700.0,0.0005495629800469202,2.2803939919506655e-14,8.57885201405775e-16,2.0981901313831744e-19,4088.691432554959
95800.0,0.00022537038893642632,6.449520468776231e-16,7.739516151903041e-16,8.88755626166857e-21,87082.61218309304
95900.0,0.00011112989571774516,3.812972174016224e-17,6.98228161168291e-16,4.2640801043431674e-24,163746492.58045423
96000.0,0.000460387749742476,1.1231429756802879e-14,6.29913491047507e-16,9.305972754019223e-23,6768916.132657374
96100.0,0.0008227954919320186,1.1457968470688463e-13,5.682850847733647e-16,3.2871623321724214e-20,17288.014017786467
96200.0,0.0011984147794752774,5.156661620706932e-13,5.127342460655458e-16,6.566874535645781e-19,780.7888566811546
96300.0,0.0015864983539235172,1.583793338613994e-12,4.629763867107693e-16,5.094317414743172e-18,90.88094616383655
96400.0,0.0019845317711856838,3.877682378367803e-12,4.1969905687287843e-16,2.4406310732062594e-17,17.196333418861187
96500.0,0.0023862442415344075,8.105869025516218e-12,3.859776524734258e-16,8.654273301621077e-17,4.4599660655635445
96600.0,0.0027782239148150334,1.4893919088088716e-11,3.695482063299344e-16,2.463825726209856e-16,1.4998958830518283
96700.0,0.0031376037515588057,2.4228827117085705e-11,3.8472841735532605e-16,5.813215467274414e-16,0.661816888641339
96800.0,0.003438541424485837,3.4949184907019446e-11,4.501442780835773e-16,1.142945933662927e-15,0.3938456446850022
96900.0,0.003667160549565526,4.521262312215759e-11,5.794057330087717e-16,1.881826315972929e-15,0.3078954354558546
97000.0,0.0038263503566429075,5.358940584802619e-11,7.717544211826249e-16,2.654097517429774e-15,0.29077847219795877
97100.0,0.0039271025561190285,5.946055802820056e-11,1.0120640743641692e-15,3.316070606862299e-15,0.3051997964910026
97200.0,0.003980650817499291,6.277060875909087e-11,1.2774965099946336e-15,3.7830977590154455e-15,0.3376853021971875
97300.0,0.0039958475216513925,6.37346549331919e-11,1.5440245418626485e-15,4.0276395216280206e-15,0.38335718317674444
97400.0,0.003979123823395332,6.267434790619326e-11,1.79046459587531e-15,4.059247603165967e-15,0.4410828732100146
97500.0,0.003935060366741039,5.994398421850724e-11,2.0004109617198362e-15,3.907966759552808e-15,0.5118802397256688
97600.0,0.0038669283218769625,5.589905893934523e-11,2.162855185905138e-15,3.613619897440641e-15,0.5985286907006983
97700.0,0.0037770871280123994,5.088245073960974e-11,2.2720420225973097e-15,3.2191208678782864e-15,0.705795810672622
97800.0,0.003667259090974363,4.521748300773164e-11,2.326891289349855e-15,2.7661869254735034e-15,0.8411909072094065
97900.0,0.0035387185967628077,3.9203435061637664e-11,2.3301819076879745e-15,2.2925124705309833e-15,1.0164315080686415
98000.0,0.0033924260938254587,3.31117084080498e-11,2.2876222557124955e-15,1.8299171373036317e-15,1.250123412190832
98100.0,0.0032291272639320434,2.7181952826927456e-11,2.206892147787179e-15,1.4032240374339369e-15,1.5727297202112522
98200.0,0.0030494301827116185,2.1617963880361362e-11,2.0967202255247217e-15,1.0297477220694472e-15,2.0361494185304125
98300.0,0.0028538676213670277,1.6583466028481176e-11,1.9660477180638317e-15,7.19331230308338e-16,2.733160518028801
98400.0,0.0026429472043073264,1.219814971942863e-11,1.8233205696013567e-15,4.748934934165202e-16,3.8394305141640603
98500.0,0.002417188481631323,8.534578414952963e-12,1.675943632534477e-15,2.9344236690368496e-16,5.711321273129463
98600.0,0.0021771432433890744,5.616787904855505e-12,1.5299204918407311e-15,1.6747813371484503e-16,9.135046217111752
98700.0,0.0019233943050109572,3.421474534040153e-12,1.3896886782618266e-15,8.666208454157122e-17,16.035717183737972
98800.0,0.001656529477887013,1.882507360062029e-12,1.258141955433943e-15,3.9567019443670504e-17,31.797744008114986
98900.0,0.001377091980173284,8.990664776634828e-13,1.1368105632339015e-15,1.528377316678484e-17,74.38022998826315
99000.0,0.0010855153615933523,3.4712341006556504e-13,1.0261507750754e-15,4.65717923494709e-18,220.33740238624466
99100.0,0.0007820579191579234,9.351810134421767e-14,9.258823601755286e-16,9.8314290827735e-19,941.7576553523102
99200.0,0.0004667558891618452,1.1865860373408081e-14,8.353111159681396e-16,1.0812822413161043e-19,7725.190371677832
99300.0,0.0001394147968688776,9.44442429836032e-17,7.535849512508766e-16,2.6244402301003694e-21,287141.21305100416
99400.0,0.00020034525171864129,4.0276917390835045e-16,6.798541641086103e-16,4.371673330154644e-27,155513487116.97107
99500.0,0.0005529787446739353,2.3376191788771646e-14,6.133372546156268e-16,7.750274565356668e-22,791374.8725202756
99600.0,0.0009188241791277289,1.781843961929822e-13,5.533343201415124e-16,8.234403084526072e-20,6719.786661662549
99700.0,0.001297792113854885,7.091866176730476e-13,4.99288261178173e-16,1.1895076969463853e-18,419.74361532918897
99800.0,0.001688799217817664,2.033537030550735e-12,4.510789616140075e-16,7.92673668557183e-18,56.9060105699054
99900.0,0.0020886061292356363,4.757362022062689e-12,4.098389572776793e-16,3.4713410069678e-17,11.806358305192024
100000.0,0.00248945993056117,9.601974988255078e-12,3.7960796627973374e-16,1.1567018700304135e-16,3.2818133705425114
