step,abs_x,loss,v,g_sq,coupling_ratio
1.0,0.999,0.24900149900025,1.0,1.0,1.0
2.0,0.9979999703161972,0.2480059624979454,0.9995810486010496,0.994014980014994,1.0055995821974149
3.0,0.9969998856689799,0.2470133597151447,0.9987745516727408,0.9880596639109229,1.0108443732227732
4.0,0.9959997246301049,0.24602366398545633,0.9976096980375587,0.982133785455854,1.01575743835604
5.0,0.994999469141286,0.24503685222108718,0.9961136164826982,0.9762371043966963,1.0203603325426618
6.0,0.99399910409407,0.244052904449002,0.9943115215420324,0.9703694030446155,1.024673200146559
7.0,0.9929986169624758,0.24307180340651086,0.9922268488657237,0.9645304833090508,1.0287148680481863
8.0,0.9919979974811924,0.24209353418810475,0.9898813809333229,0.9587201641171408,1.032502932537022
9.0,0.9909972373632222,0.2411180839366015,0.9872953638095523,0.9529382791651713,1.0360538404171147
10.0,0.9899963300517667,0.24014544157269985,0.9844876155898594,0.9471846749567969,1.0393829647156865
100.0,0.8995240895428585,0.16367833636602355,0.5846817937523627,0.5333252336088437,1.0962950126998594
200.0,0.7987848051058402,0.10177923640983957,0.2904732976581712,0.26173649362670137,1.1097928822736327
300.0,0.6979607628971167,0.05932859223058614,0.13147338245006865,0.11661361461676932,1.1274273838619393
400.0,0.5970340544696726,0.03176409041999903,0.05269590832355673,0.045750771897547005,1.151803699434022
500.0,0.4959790476441214,0.01512841153706464,0.01789727146382766,0.015069111631850828,1.1876792674359842
600.0,0.39476418226727106,0.006071429748506037,0.004787232637128391,0.003843304613786676,1.2456032290429602
700.0,0.2933651944040527,0.001851715899951563,0.0008814054875297984,0.000650803930576588,1.3543333807909026
800.0,0.1918757844155861,0.00033886029282800183,8.376664586314926e-05,5.150527053939561e-05,1.6263703692047866
900.0,0.09169926600122583,1.7676791781879338e-05,1.946385359627962e-06,6.334155767033311e-07,3.0728410086756965
1000.0,0.013498165498110193,8.299252982344978e-09,3.1982420112081634e-09,7.345437142711904e-12,435.40526575486916
1100.0,0.003383780161938201,3.2775442855522374e-11,2.2584847065970854e-12,1.4420064194746084e-15,1566.2098837396015
1200.0,0.00041579734223015863,7.47251584620207e-15,1.6035709316840415e-15,3.735636372714071e-21,429263.12191327946
1300.0,0.00022976949212610227,6.968021240553756e-16,1.1318384879862454e-18,1.439327123769551e-22,7863.663994756085
1400.0,3.693739919020671e-05,4.653773694902534e-19,7.983193932247639e-22,1.694797150380459e-27,471041.26475876605
1500.0,3.0775542327972786e-06,2.2426570613190386e-23,5.629790225470381e-25,5.449051124396502e-33,103316891.2705677
1600.0,2.2115924886432614e-06,5.98081589174982e-24,3.970001366003079e-28,2.6009944348932507e-34,1526339.8155505913
1700.0,2.784319897817303e-07,1.5025070996952515e-27,2.7995373018718995e-31,1.922155823672813e-41,14564569986.436403
1800.0,1.5683330508700772e-08,1.5124923543586514e-32,1.9741552994582833e-34,2.971656345756714e-44,6643282633.529338
1900.0,1.9012329550927905e-08,3.266490074308502e-32,1.3921185250521574e-37,4.998314427565052e-50,2785175973273.7207
2000.0,9.069726778937024e-09,1.6916745903278437e-33,9.816825668457254e-41,7.350428065837692e-50,1335544757.4655612
2100.0,0.00010590420446417756,3.144798455647294e-17,1.9107254046952103e-23,8.680068493591911e-45,2.2012791789670894e+21
2200.0,2.806779771452922e-05,1.5515770967977822e-19,5.784873166366192e-26,9.371597950976343e-27,6.172771385016062
2300.0,1.1840073390734308e-05,4.913122426730227e-21,5.987780807763605e-29,1.9029920514890745e-29,3.146508574787908
2400.0,4.871169105130922e-05,1.4075791820087849e-18,1.4043473706607842e-25,1.8631541573229573e-28,753.7472758983066
2500.0,3.1329274296877005e-06,2.4084705991298364e-23,1.2445258191536152e-28,3.6485623155435114e-30,34.110033254789656
2600.0,4.236460396586843e-05,8.052905675331505e-19,2.324075751791566e-26,4.9085127352902144e-27,4.734786028122947
2700.0,0.00013540054316336133,8.402753720428278e-17,5.555615787098323e-24,2.1527359564814513e-24,2.5807232746642668
2800.0,3.2277941095769553e-05,2.713709203238205e-19,8.498281924948924e-27,7.837319411444703e-29,108.43352782762724
2900.0,7.797414203372323e-05,9.241499150996669e-18,3.8011978163182177e-23,1.3926236742987622e-23,2.729522617251399
3000.0,2.6455152146166593e-06,1.2245628017844711e-23,6.005013110681095e-26,1.8984512319598632e-28,316.311159833262
3100.0,1.0841636930083806e-05,3.4539770373949464e-21,4.8472718010798954e-29,1.2178450621361052e-31,398.02040109911525
3200.0,7.501336629991412e-05,7.915796665382025e-18,8.2169803902261915e-25,1.2674552989710005e-25,6.483053403853572
3300.0,2.2065487212825287e-06,5.9264427530873475e-24,7.40826683040961e-28,4.515077596680481e-30,164.07839448553938
3400.0,9.687217656177168e-05,2.2015889644741883e-17,2.619370289662199e-25,8.956198642955084e-30,29246.451469927895
3500.0,9.162311212779407e-06,1.7618144412975295e-21,8.839724746149498e-28,1.9653572679207897e-28,4.497769891731343
3600.0,7.125733939980658e-05,6.4455268124973486e-18,3.7450675944108895e-25,2.2085392777568772e-26,16.957215260462114
3700.0,5.78603616599705e-06,2.801977117651305e-22,3.619255031733764e-28,5.027177750971257e-32,7199.377485776229
3800.0,9.777643833973351e-05,2.2849508468693483e-17,4.732531931782102e-24,2.08686262829024e-24,2.2677735791643605
3900.0,9.315968355948314e-06,1.8830074026880013e-21,4.739190379420919e-27,7.049873508765031e-33,672237.6470341965
4000.0,0.000151438428356026,1.3148747452409474e-16,4.854408550264351e-23,8.493108732647173e-23,0.5715702816336493
4100.0,3.311797250550828e-05,3.00742616416983e-19,8.825373538632567e-26,1.2549716910890534e-26,7.0323287778499495
4200.0,9.926742587661399e-06,2.4275436606632167e-21,7.128974476270436e-29,1.4581432956651012e-30,48.89076744010063
4300.0,1.6038381770192937e-05,1.654177832948154e-20,1.7106481661915032e-24,1.1515399655109615e-28,14855.308694670046
4400.0,2.13377953988027e-05,5.1824866816909254e-20,1.5797245706156778e-27,6.95301860055718e-30,227.1998194408809
4500.0,7.333766893479702e-05,7.231833441183796e-18,2.15605406618851e-23,1.126202285722243e-23,1.9144465372895372
4600.0,3.47097635701598e-06,3.628662949678978e-23,3.679782825606226e-26,2.1705002137560647e-28,169.53616508695652
4700.0,0.00021618320828109498,5.460442517222716e-16,4.398619177699818e-23,4.459795358993063e-25,98.62827380252133
4800.0,5.48635300386361e-05,2.265035427103991e-18,2.0397151431869856e-25,1.9302867767232187e-27,105.66902119329275
4900.0,5.353227018812119e-06,2.0530647844020946e-22,1.7106806546948577e-28,1.8002217450917196e-33,95026.10772028532
5000.0,5.580362837627984e-05,2.424318972019419e-18,3.737689029860024e-24,7.815977289061644e-25,4.782113472989321
5100.0,2.0966346021540558e-05,4.830932891382932e-20,3.6974504659295215e-27,2.160649206376418e-28,17.112682868731117
5200.0,9.855932614629139e-05,2.3590161322763442e-17,2.6553355988991193e-23,3.5571170917726424e-22,0.07464852942403051
5300.0,5.327742736021835e-05,2.014248232257443e-18,2.1522979351120213e-25,3.3116517571383725e-26,6.499167463706513
5400.0,1.4193777868506125e-05,1.0146868351853715e-20,1.8096118739729124e-28,1.4180836647830202e-31,1276.096692256729
5500.0,6.41665453671741e-05,4.238133582910371e-18,4.043916447744003e-24,1.124626184578253e-24,3.5957872075159942
5600.0,2.5610158360135816e-05,1.0754471287118218e-19,3.995196233908089e-27,4.228850776041094e-29,94.47475083640231
5700.0,9.35943281067879e-05,1.918395435406155e-17,3.0399527913625105e-24,3.5990337145997113e-60,8.446580478062061e+35
5800.0,7.313895132726164e-06,7.153769208687064e-22,1.1457891263134277e-26,3.9239345861859217e-28,29.20000578875956
5900.0,6.270184852780361e-05,3.864215933274638e-18,7.974423518589625e-25,3.750464139935227e-33,212624977.09756395
6000.0,4.018273737412489e-06,6.517755793833147e-23,1.5100472732549212e-27,9.275410835901957e-29,16.28011200765407
6100.0,0.00010958540633786016,3.6053787769548345e-17,4.427797606955062e-24,1.240264689627342e-24,3.5700424626983995
6200.0,2.2410273782642035e-05,6.305632526510206e-20,4.5935475825220795e-27,5.742603204183769e-31,7999.0684001559675
6300.0,9.525946883692666e-05,2.0586031404397565e-17,2.8513133703996587e-25,1.0510004168848687e-25,2.7129517025795855
6400.0,9.710884953860272e-06,2.223183162996054e-21,8.915566138573712e-28,2.5518682674851573e-34,3493740.7436630423
6500.0,0.00012164432695613514,5.4740334642390275e-17,6.92730266994459e-24,2.6163620291230896e-24,2.6476850653066433
6600.0,5.751082267770781e-06,2.7348803390860965e-22,7.73511993627274e-27,9.413063230769667e-31,8217.43118753094
6700.0,0.00019162455586175305,3.3708905671339005e-16,4.5754324619371615e-23,1.1208162838611918e-22,0.4082232322834282
6800.0,1.382627134698509e-05,9.136088799623102e-21,1.0475139828530907e-25,2.703314334595184e-27,38.74924826342675
6900.0,2.7316669104390045e-06,1.3920376332874725e-23,8.617364923094062e-29,2.0227655730347684e-30,42.60189632437422
7000.0,8.480085575664065e-05,1.2928285918863037e-17,1.3223585927735102e-24,7.290597954634197e-26,18.13786195593142
7100.0,1.4452503880023294e-05,1.0907177662497434e-20,1.226285304967294e-27,8.723247727755947e-34,1405766.9153031788
7200.0,0.00014406079641686187,1.0767707612710806e-16,1.5073468577123415e-23,7.465577390793072e-24,2.019062664290746
7300.0,1.6623868200673568e-05,1.9092744316747266e-20,1.8286200669949355e-26,2.0297634567799113e-38,900903039162.959
7400.0,4.504497494221235e-06,1.0292607397931365e-22,1.4092635233951154e-29,1.3567156463938904e-31,103.87316805410889
7500.0,4.033378280923376e-05,6.616309766896153e-19,8.713626395629428e-24,7.896575202061401e-30,1103469.0574914978
7600.0,2.019381080941815e-05,4.1573170006865267e-20,9.800819843472645e-27,1.6306844886117837e-32,601024.9016237452
7700.0,9.568964396910683e-07,2.096040951882038e-25,7.477106317359024e-30,2.795374097491671e-32,267.481419537669
7800.0,9.121738315641327e-05,1.730814181132742e-17,1.879199445074923e-24,5.0777019444418257e-26,37.00885687337241
7900.0,1.212745434412868e-05,5.407774853704155e-21,1.8716820858246415e-27,7.400120146039561e-39,252925905105.24875
8000.0,7.324995024204144e-05,7.197295679127764e-18,1.0541613962612371e-23,3.851643028362219e-24,2.7369135418281054
8100.0,2.928997224033859e-06,1.8399916365511436e-23,1.2410476140394463e-26,7.976156258138121e-30,1555.94696727913
8200.0,1.4935679117528575e-05,1.2440559331209546e-20,1.1453172239103128e-24,9.56009685758754e-26,11.980184311640226
8300.0,2.1916252032236777e-05,5.767733069133373e-20,5.0008024921554345e-27,1.4353155387571477e-27,3.4841136719565324
8400.0,8.536026891212245e-05,1.327281701362744e-17,1.1091428546001626e-24,1.7738528994919923e-26,62.527329910941674
8500.0,2.075261125682068e-05,4.6369350422968045e-20,1.175773135386154e-27,1.778510055646133e-29,66.11000773672856
8600.0,1.3734105612753678e-05,8.894909617998441e-21,2.911280701892545e-23,9.347255535936284e-25,31.145834097504764
8700.0,3.6378437181487554e-05,4.378407307641733e-19,5.25412458496362e-26,6.975182784523808e-27,7.532597707147134
8800.0,6.518543571224894e-07,4.513799871073743e-26,4.281303206618671e-29,1.0253998401512396e-30,41.75252461505365
8900.0,1.4764028999836444e-05,1.1878444339021819e-20,8.32030810067613e-25,5.925103748514029e-29,14042.468206169047
9000.0,1.90409341072688e-05,3.286192568367028e-20,7.5209239061944635e-28,2.6813423366742193e-30,280.4909989793761
9100.0,2.6488973955851195e-06,1.2308370310528148e-23,5.698282230038925e-31,2.44803252452397e-33,232.76987429515378
9200.0,6.627374353156932e-05,4.822875154316132e-18,3.801734002276906e-25,9.073480917905594e-27,41.89939932286152
9300.0,4.89612271310937e-07,1.4366440721527755e-26,3.3890069294074594e-28,9.054974865412428e-31,374.2701641671647
9400.0,9.22180533924986e-05,1.8080224174797e-17,3.9012228700452e-24,1.4631782880461325e-26,266.6266238309708
9500.0,2.56110085691103e-05,1.0755899470920673e-19,4.144933415069935e-27,7.873918288311478e-30,526.4130593306925
9600.0,0.00015512746141714366,1.4477539243590789e-16,2.0705405600595702e-23,1.352912399205393e-23,1.530432096916003
9700.0,1.3712422266268054e-06,8.838869527328605e-25,2.722754649902296e-26,2.5113179258927602e-29,1084.1935311453533
9800.0,8.670531688592018e-06,1.4129374227704204e-21,2.1092520837330513e-29,2.3895398350502462e-33,8827.022060039015
9900.0,7.203126829409164e-05,6.7301424330780145e-18,3.5115818109757505e-25,5.1666051765974665e-26,6.796690846209285
10000.0,1.344095620581773e-06,8.159446005754924e-25,3.6556888239980184e-28,9.831532277614076e-31,371.83306943128747
10100.0,6.755449290144916e-06,5.206632942614759e-22,8.659092779656565e-25,6.999957088603979e-28,1237.0208374210868
10200.0,8.983227500650812e-06,1.6280569855119958e-21,8.120983083156428e-28,5.39483146885339e-29,15.053265574730641
10300.0,0.00017684435831439842,2.44514628557881e-16,4.039265284745777e-23,5.408374692538896e-23,0.746853817343338
10400.0,3.890654592242158e-05,5.7283654161535e-19,6.597340421257899e-26,7.692384308724584e-27,8.576457124971379
10500.0,2.865087976328406e-06,1.6845808408966085e-23,5.327600911618009e-29,1.0155150749405822e-32,5246.205637990875
10600.0,1.8280129533557614e-05,2.7916250325848116e-20,8.047161272321782e-24,1.3212323090551416e-25,60.906482661452486
10700.0,8.02773113572903e-06,1.0382723377719084e-21,8.717681280327834e-27,1.2573278252904843e-31,69334.99048518839
10800.0,1.463176154652425e-06,1.1458465672786698e-24,6.824065113193696e-30,2.042312055575928e-31,33.413430110068674
10900.0,5.1265354453358596e-05,1.7267754540008931e-18,3.150450550184655e-25,1.8858770437941766e-28,1670.5492866312725
11000.0,2.7221078581402306e-06,1.3726547768095198e-23,2.7447004202310423e-28,3.872312468966075e-30,70.8801379596283
11100.0,3.583448585221438e-05,4.122348646255502e-19,2.431485285510921e-24,1.954051815722401e-25,12.443299947048823
11200.0,1.3691723285031543e-05,8.785620947645792e-21,2.341194484244773e-27,9.295403878334452e-38,25186581614.829926
11300.0,5.2765385535791606e-05,1.9379227963917916e-18,1.3366406529387333e-23,5.217519166849743e-31,25618318.020396966
11400.0,9.730890152740455e-06,2.241559590745227e-21,1.683728597488355e-26,2.1000273260741823e-31,80176.50897123985
11500.0,3.5038299950944534e-07,3.768010577671136e-27,1.3406216958098758e-29,8.554252562482689e-31,15.671991047933112
11600.0,6.598137031176192e-05,4.7383303064481615e-18,4.9749085261158075e-25,4.725210890842323e-27,105.28437018033227
11700.0,1.2718690372936448e-05,6.541985665300219e-21,4.408901932578553e-28,1.0741034108353189e-33,410472.7615704895
11800.0,0.00013436978788074016,8.149792191753901e-17,5.6816716652297045e-24,4.079227197008177e-24,1.3928304041012491
11900.0,2.0127492261748595e-05,4.102973217201286e-20,9.44449451930801e-27,1.4526331107785224e-27,6.501637921667873
12000.0,2.7927599593263615e-05,1.520808200309383e-19,1.8757222023863272e-24,9.748989999017202e-29,19240.16952089826
12100.0,1.8310499972633924e-05,2.8102232374119836e-20,2.2521284808347087e-27,1.5643824765594517e-33,1439627.7857751371
12200.0,9.271446780192063e-05,1.8472685976220453e-17,2.2844451203326795e-24,6.252762907985054e-27,365.3497108318856
12300.0,2.1874741248831196e-05,5.724159240490121e-20,2.988131013902868e-27,2.5772529764606827e-31,11594.247988827392
12400.0,5.0359064346409315e-05,1.6078688391330817e-18,7.478411137620237e-26,2.4611070513891443e-26,3.0386370773262916
12500.0,1.2774053799363602e-06,6.656638496918413e-25,7.841085038899255e-29,1.2888399280416529e-29,6.083831566898699
12600.0,6.576167431584343e-05,4.675536552019307e-18,4.330222545065324e-25,6.949317786367472e-27,62.31147686985841
12700.0,1.3023450604340703e-05,7.191910552931809e-21,3.7846331778462924e-28,7.353419095778637e-33,51467.66597349156
12800.0,0.00015332294964458566,1.3815565663955197e-16,1.7372533104649837e-23,8.723007158091391e-25,19.91576160583018
12900.0,3.139678928059827e-05,2.4292989452063603e-19,2.589732252514903e-26,5.6098119520001675e-30,4616.433268483338
13000.0,0.00027392410524892084,1.4075408749713859e-15,2.129543355865223e-23,1.6765945291321123e-24,12.701600290724908
13100.0,4.236769585084366e-05,8.055256825265605e-19,2.6268049298295076e-25,4.9455566075494203e-26,5.311444470819877
13200.0,5.969374181713227e-06,3.1743529991904295e-22,2.195146270173494e-28,2.3375683955241398e-33,93907.25312579736
13300.0,6.28764312681197e-05,3.907433045859167e-18,2.725842173360577e-25,1.864735088908621e-27,146.17852099066462
13400.0,6.395626959793469e-06,4.1828520815962407e-22,2.6450619263301113e-28,2.217179928555589e-29,11.929847876862532
13500.0,0.00010686012010510722,3.2598877094476297e-17,8.671091685191098e-24,3.217833419743498e-26,269.4698747296339
13600.0,2.9751933222013413e-05,1.9588481510212677e-19,1.005252602177806e-26,4.0580583753722955e-28,24.77176297607059
13700.0,0.00022127526980631924,5.99337600165792e-16,3.763075820655164e-23,2.7843537456428546e-23,1.3515078055523226
13800.0,1.2164322738068903e-05,5.4738355419412255e-21,1.0488870104602638e-25,2.176698895157513e-27,48.18705117155687
13900.0,4.408449035714039e-06,9.442419836875347e-23,8.622767395574662e-29,4.2064779881188095e-30,20.49878168845684
14000.0,1.220284681479176e-05,5.543507592605654e-21,1.1913144184102844e-24,1.2307598334399817e-26,96.79503555787589
14100.0,1.6673032638000248e-05,1.9319612436260524e-20,1.0690315070721284e-27,3.506273695204371e-29,30.48910609956869
14200.0,4.752543031848679e-05,1.2753936199993872e-18,1.9286926819340202e-24,2.753597873020072e-23,0.0700426413323265
14300.0,5.8316286112655325e-05,2.891341839873639e-18,2.0335898551729926e-25,1.1325704649475548e-26,17.955526107306362
14400.0,5.919453184158147e-06,3.069491035115583e-22,1.750077244942385e-28,9.048673635294414e-30,19.340704676497523
14500.0,4.640663614723534e-05,1.1594722661162967e-18,1.2742561157649897e-23,4.0340574748486096e-29,315874.55650041526
14600.0,3.3766722684817874e-05,3.2500919887172663e-19,1.720850660143891e-26,4.7425654083867555e-29,362.8522776092318
14700.0,0.0002101469802282154,4.875651136112722e-16,4.1081537770469345e-23,2.9751205428953824e-22,0.13808360763254607
14800.0,1.1168593013679471e-05,3.889859099588286e-21,1.9746189638641763e-25,1.2608922763384084e-29,15660.489011784637
14900.0,9.740318030346519e-07,2.2502592601884783e-25,1.6545414867540727e-28,6.844428544837316e-31,241.73551903059558
15000.0,3.625927964974039e-05,4.3213226718062337e-19,4.3400380150645716e-24,3.9935181732095527e-25,10.867705684124942
15100.0,1.024836867613785e-05,2.757775888535768e-21,4.739023863638874e-27,8.238869611608227e-33,575203.1634244806
15200.0,0.0001436949031578329,1.0658730091077442e-16,2.2773583194510227e-23,2.5619115420256785e-23,0.8889293334657206
15300.0,2.5152156353275842e-05,1.0005548580394348e-19,3.210398329044422e-26,5.322178193716373e-32,603211.3567401364
15400.0,4.80202818092612e-06,1.329348427882094e-22,2.583784033543103e-29,7.427449301055626e-34,34786.96291034774
15500.0,4.794778947907496e-05,1.3213393480836675e-18,6.390958012581578e-25,1.4463972958753018e-25,4.418535647713601
15600.0,1.2284389108172208e-05,5.6931714888248606e-21,5.604652738378201e-28,8.464082319146744e-35,6621689.779292223
15700.0,3.572330737616417e-05,4.071426981332763e-19,6.502367806343182e-24,3.813367123241333e-25,17.051512734541593
15800.0,1.8795689114276986e-05,3.120132382918839e-20,6.80588096197466e-27,3.251480419159773e-33,2093163.7545378155
15900.0,0.0001435853650621222,1.0626266791800101e-16,5.015912772001461e-23,8.117572310984478e-23,0.617907987738411
16000.0,3.56813265291767e-05,4.0523222669140783e-19,9.118433245421468e-26,1.3521803024489614e-26,6.743503975695318
16100.0,8.861940529456985e-06,1.5418968942737046e-21,7.399232256036228e-29,2.16067266060075e-30,34.24504040319998
16200.0,6.751921291575163e-05,5.195764911117558e-18,6.711781050382476e-24,1.8438672734413156e-24,3.640056498131719
16300.0,5.097099271064097e-06,1.6874556856258296e-22,6.952248719983198e-27,9.704464265820335e-31,7163.969622176266
16400.0,3.288058793063778e-05,2.9221217479652785e-19,2.777389707301206e-23,3.4534869211443716e-26,804.2276605410947
16500.0,1.0022051490149133e-05,2.522124537670305e-21,5.658257883903584e-26,1.0872209824294032e-27,52.0433101949538
16600.0,1.00689250460355e-05,2.5696409253692972e-21,4.6040555474513176e-29,2.386473229398634e-31,192.9229915816609
16700.0,5.8975502934307146e-05,3.024312199732475e-18,2.494456851749854e-24,2.4248934650728665e-29,102868.71929340193
16800.0,1.7501798649141724e-05,2.3456906746487618e-20,2.489396395645192e-27,1.8370260167099765e-28,13.551231027765075
16900.0,0.00010504133381632063,3.04355335705941e-17,1.790378718276779e-23,3.829940864398412e-27,4674.690241093325
17000.0,1.8226421176767627e-06,2.7589613443911486e-24,2.4501268363777238e-26,7.489136580311961e-29,327.15745134343155
17100.0,1.3415396540307175e-08,8.097557974117811e-33,1.9497396008970452e-29,2.96856712825722e-32,656.7948497232381
17200.0,5.694690608139766e-05,2.6291813576250746e-18,1.3346203508150608e-24,3.385553569121321e-25,3.9421037758426167
17300.0,1.999416693363425e-05,3.995335587990286e-20,1.2031021833779012e-27,1.8225698098214005e-30,660.113086969106
17400.0,0.000119138597550616,5.0367447510654654e-17,1.498877690214573e-23,3.4056783540561776e-26,440.1113476935963
17500.0,2.772778106276299e-05,1.4777483174288685e-19,2.0612618212875627e-26,1.0765830083569474e-30,19146.334330813992
17600.0,0.0001606868676256716,1.6667157832523771e-16,1.5712543666875688e-28,1.987511846432221e-27,0.07905635226819527
17700.0,3.189200676644332e-05,2.5862315111273747e-19,3.5844614348961707e-25,3.7877213284246096e-26,9.463371573819083
17800.0,6.251952655071516e-06,3.819466724484783e-22,3.0352160053618516e-28,1.1868784060671699e-29,25.57309990514797
17900.0,0.00011077591164956505,3.764621688618826e-17,1.6286728323628244e-23,5.243756130070701e-27,3105.9278730051565
18000.0,3.414550856570381e-05,3.398398870620481e-19,2.449636172726752e-26,2.554585362152991e-29,958.9173292147152
18100.0,1.1206014746867843e-05,3.94225549582312e-21,2.0030322052503613e-29,8.414365123247712e-33,2380.4911908520157
18200.0,1.0390989218296676e-05,2.914523661387724e-21,6.3007182901208974e-27,7.138960449773588e-28,8.825820418042412
18300.0,1.5713516683624864e-06,1.52417057339794e-24,4.888660481770719e-30,1.5118468214437383e-32,323.35686475844767
18400.0,3.4319416870045683e-07,3.468163863504083e-27,3.457122307379633e-33,1.426184669556504e-36,2424.035527218704
18500.0,2.1002230388911446e-05,4.864090892266276e-20,4.047965548438116e-25,2.661728698852323e-26,15.208032096522487
18600.0,1.2986277362297826e-05,7.110149068167746e-21,3.7896379672108323e-28,6.402744884576914e-35,5918770.832708646
18700.0,1.0207413405367223e-05,2.7139561460753437e-21,1.1726117864194639e-23,1.921421793462847e-26,610.2833799475887
18800.0,2.0142447784696324e-05,4.115181501254245e-20,1.4774421298035419e-26,1.2398161219810414e-33,11916622.986340987
18900.0,0.00021507301409837102,5.349136674658653e-16,3.1018294674431073e-23,5.573455711071357e-23,0.5565361291526004
19000.0,4.024925964189868e-05,6.561023503960938e-19,9.950639203010886e-26,2.9413126671435063e-29,3383.0606702124524
19100.0,4.817247260624185e-06,1.3462811418955731e-22,8.400786233255871e-29,6.1614020701921376e-30,13.634536648561713
19200.0,1.348528185247701e-05,8.267612639307284e-21,1.416863164304339e-24,1.98293493811563e-26,71.45283171271241
19300.0,6.500416834007891e-07,4.4638010905133156e-26,1.3366325059006393e-27,2.6945986210703517e-30,496.04141241996945
19400.0,6.004889233220034e-05,3.250573659254011e-18,1.0002165195919235e-23,9.699487305138608e-34,10312055556.400671
19500.0,1.1011748166628006e-05,3.675911878147435e-21,1.3607881276844212e-26,5.222348058190595e-28,26.057017121832708
19600.0,2.0867174824900652e-05,4.7401777452115965e-20,5.78843598682302e-23,1.0037063779713101e-24,57.670610786817946
19700.0,8.76250579764088e-07,1.4738499870715665e-25,1.8588151803559263e-25,3.570665378409283e-28,520.5794952379495
19800.0,2.2376304048697963e-06,6.2674867864210765e-24,1.54957704254709e-28,8.363127795196496e-32,1852.8678270791413
19900.0,1.819934536146212e-05,2.742603807998401e-20,2.779770738727916e-25,3.0859315191865885e-29,9007.882130387092
20000.0,1.690353617437909e-05,2.0410341821193782e-20,3.1039555708731545e-28,4.1486576229473706e-34,748183.1119792387
20100.0,3.825594048238169e-05,5.354704892907509e-19,8.734061482711895e-25,1.0994714207921034e-25,7.943873135346735
20200.0,7.212148695231182e-06,6.763923657732331e-22,7.808967236440368e-28,1.3632458688562478e-33,572821.6321676462
20300.0,2.058234578986355e-06,4.4866220821183176e-24,5.99333800103352e-31,8.763141892924354e-36,68392.57054450683
20400.0,6.151540313719669e-05,3.579938010608854e-18,2.6203029776772024e-25,2.1129422594093686e-26,12.401204841298675
20500.0,2.7834061633814824e-06,1.500535750340313e-23,2.3151624256242305e-28,4.4770209902539515e-30,51.71211907793416
20600.0,8.83940609915506e-05,1.526273470260457e-17,4.1652316581950825e-24,8.660280059990822e-27,480.9580786466502
20700.0,1.356685985618157e-05,8.469492035484246e-21,4.3449251026000496e-27,1.5975187226604038e-37,27197960443.08197
20800.0,0.00017893927615169616,2.5630832557580636e-16,2.7248346596185115e-23,2.9695401756524032e-24,9.175948121395157
20900.0,6.718240165602533e-06,5.09286435213884e-22,4.7851271680643686e-26,4.53715732700667e-28,105.46531282002718
21000.0,4.5112279635794705e-06,1.0354260884497302e-22,3.8571863031794577e-29,1.5374708615417048e-30,25.087866051078517
21100.0,5.4400592634388525e-05,2.18954831168569e-18,2.8214293472635954e-25,1.0632660629006686e-28,2653.549704733853
21200.0,8.671305051111447e-06,1.4134415944123662e-21,2.8607661153869434e-28,2.2144223576667815e-33,129187.91690674491
21300.0,5.8987581696202806e-05,3.026790596301259e-18,7.292447641149269e-25,5.003257318311438e-28,1457.5399938875053
21400.0,1.0476615052999255e-05,3.0117849277960345e-21,6.532772785964839e-28,4.214252432455045e-29,15.501617168573649
21500.0,0.0001042510429475988,2.952987729866158e-17,6.941330555836752e-24,3.636787802701413e-24,1.9086432677432317
21600.0,9.028162926999907e-06,1.6608773427577e-21,7.269791018885878e-27,1.6799000784605748e-28,43.27513946869841
21700.0,6.72994402054481e-05,5.128446340897422e-18,3.819136050739792e-23,5.671470660831941e-23,0.6733943061921028
21800.0,5.547583570452844e-05,2.3678567327923192e-18,1.6373598350217604e-25,7.700091362344247e-27,21.264161137476112
21900.0,1.1834114290243806e-05,4.903238807439515e-21,1.377005278551681e-28,1.556253457715544e-30,88.48207030318925
22000.0,0.00010920826251316815,3.556002020604546e-17,8.073553026607985e-24,4.7599061503369653e-26,169.61580274090988
22100.0,2.3775523151278057e-05,7.988409804075725e-20,9.364310679065362e-27,8.22947676755755e-28,11.378986712717365
22200.0,0.0001774033069761812,2.476206468203878e-16,6.021702902239996e-23,2.472551741433117e-22,0.2435420380222156
22300.0,3.7862507746513865e-05,5.1378037271100815e-19,1.7972841060866005e-25,2.944787582896761e-26,6.1032724958675235
22400.0,4.120379650556297e-06,7.205911819258118e-23,1.4940559458146545e-28,6.412269437844616e-30,23.299955815906234
22500.0,5.6961774808217665e-05,2.6319283298641736e-18,7.781182181016579e-25,2.3635555376171945e-25,3.292151192208132
22600.0,1.292390151287974e-05,6.97452391664288e-21,7.028100333109202e-28,1.055935388736277e-34,6655805.277556135
22700.0,1.592267721819021e-05,1.6069574361902253e-20,1.0322896876738585e-24,1.3140944410127656e-27,785.552130391997
22800.0,1.1427194549499589e-05,4.262834717666527e-21,1.3270312923692351e-27,1.8092130012019576e-28,7.3348538369314
22900.0,7.332553315553622e-05,7.227047788546893e-18,4.962367161362861e-25,8.946571655223992e-26,5.546668995229346
23000.0,1.9258344663218306e-05,3.438870553887058e-20,5.081534053206814e-28,8.085208687092087e-31,628.4975750000623
23100.0,6.33324705851964e-07,4.022033920917709e-26,1.55447830135674e-26,2.5007901803026158e-28,62.15948517394752
23200.0,0.0001101318919125474,3.677836411595195e-17,7.139985279751843e-24,3.9257996626983954e-26,181.8733988795592
23300.0,1.2166948153171267e-05,5.478562724548419e-21,8.84914180625645e-27,4.2644335161737116e-33,2075103.70901418
23400.0,1.6451772928027187e-05,1.831432155906484e-20,1.2139218931562558e-23,1.1585023174993105e-24,10.478372592094347
23500.0,2.8477145077343644e-05,1.6440908023851455e-19,2.6002135255806957e-26,2.4226967039058703e-31,107327.24081345522
23600.0,0.00019668530572216448,3.741344240057065e-16,3.768437453380933e-23,6.776066664624368e-24,5.561393710977955
23700.0,4.256865262408083e-05,8.209177107574645e-19,7.248969569491805e-26,7.03441853804045e-27,10.305001799780769
23800.0,9.469027690335251e-07,2.009840322041355e-25,5.91027460172464e-29,7.765860669256888e-32,761.0585424384379
23900.0,7.259630483700756e-05,6.94381387171304e-18,9.475889340054963e-25,2.0762056757573466e-25,4.564041727994218
24000.0,1.7370166803654004e-05,2.2759146137346616e-20,8.417598358224185e-28,1.5702334028811595e-29,53.607306676695735
24100.0,6.516218463778202e-05,4.5073631843111975e-18,2.1265148614623823e-23,1.0815270671300313e-24,19.662151101824556
24200.0,1.3897437114829273e-05,9.32564499527186e-21,1.6075389209340614e-25,3.448360599914894e-30,46617.48313020789
24300.0,7.074194740891405e-06,6.261062699018625e-22,1.3631607321496253e-28,9.082718484412601e-30,15.008290023400233
24400.0,3.498251440814501e-05,3.744071168702582e-19,7.579496371914166e-24,2.4081429956270618e-29,314744.4477208266
24500.0,2.1023177469229997e-05,4.883525215862378e-20,8.21625642577044e-27,7.759239218249319e-32,105889.97445066832
24600.0,1.0987936662809335e-05,3.644220091518857e-21,3.7638109780365683e-23,1.687366608884846e-24,22.30582825461985
24700.0,4.801832646430254e-05,1.3291319213653395e-18,8.357447912120451e-26,1.5960790436053142e-27,52.362368553139895
24800.0,4.4244428509754446e-06,9.58019541959953e-23,6.896963781050285e-29,4.321918125626281e-30,15.958108368956802
24900.0,8.582981646158968e-05,1.3567278624887874e-17,1.5330513078293727e-24,2.632189985608821e-25,5.824242612467733
25000.0,1.1591012618703228e-05,4.5125863272910216e-21,1.424081509040279e-27,2.3888979180051603e-39,596124890187.6279
25100.0,6.03995192923301e-05,3.327161924275539e-18,5.388082124427743e-25,4.11193383347654e-25,1.3103523409257418
25200.0,1.0411174985487316e-05,2.9372370139726492e-21,6.600372274339418e-28,1.0781125465508143e-28,6.122155145541964
25300.0,6.173027281996351e-05,3.63021873767506e-18,5.333755486486791e-25,3.0647825167794644e-28,1740.337350949003
25400.0,1.6520818846735637e-05,1.8623713635506258e-20,5.64255366844852e-28,1.4508405109336526e-33,388916.1920918099
25500.0,5.108652869153209e-06,1.7028076118824487e-22,8.207094897336202e-25,4.056904922389926e-27,202.29941431561565
25600.0,1.885060405869496e-05,3.156756582796577e-20,7.411848481459095e-28,1.6040142740347758e-30,462.08120472738403
25700.0,0.00010680643811368672,3.2533421266340467e-17,5.05379248861311e-24,5.489568654730548e-26,92.06174121272872
25800.0,2.8456278451390075e-05,1.6392772666374947e-19,5.840857034311661e-27,3.419008866165848e-29,170.83480221745452
25900.0,0.00013510856002945282,8.330507698531196e-17,4.1411563494396663e-23,1.7476816232642143e-26,2369.514157678825
26000.0,2.9865836815520777e-05,1.9890182132899886e-19,7.477880210642053e-26,3.6213623584728266e-31,206493.56431140372
26100.0,1.025790307237421e-05,2.7680528192490867e-21,6.086215149086084e-29,8.662556333607571e-31,70.25888103577209
26200.0,4.7919458270758174e-05,1.318219122980398e-18,4.3701156439936384e-26,4.616569517731897e-28,94.66153660652898
26300.0,2.478711291286114e-05,9.437213692590728e-20,9.883231383283336e-25,6.3034785706160575e-24,0.1567901163233021
26400.0,3.9181051847150776e-05,5.891750832968036e-19,1.6924651634997775e-26,4.226205471299926e-28,40.046920931631774
26500.0,4.1209252804374105e-05,7.209729469271509e-19,4.786921051636285e-23,1.3730187507921346e-23,3.486420741795821
26600.0,2.5515240215116325e-05,1.0595919598185363e-19,1.3831274506088746e-25,1.0146502980948584e-36,136315679718.01529
26700.0,5.2862683946993265e-06,1.952256359323591e-22,1.135125126208978e-28,2.4495509018482267e-34,463401.3219943735
26800.0,0.00011388252707182536,4.205023151837443e-17,6.634656802466487e-24,3.769493879253301e-24,1.7600922073338785
26900.0,2.46100613745729e-05,9.17045313560595e-20,7.490592092234582e-27,8.378541045957266e-31,8940.210534444861
27000.0,9.319925253745446e-05,1.8862086227718932e-17,8.120129810185192e-24,7.937839637305369e-24,1.0229647084356701
27100.0,3.6814993069753034e-06,4.592391462617938e-23,1.1396753869865643e-26,8.555861984724691e-30,1332.0404057724368
27200.0,6.971300032432606e-06,5.904662868934094e-22,2.399355894884872e-25,1.4547134550515973e-26,16.49366675308416
27300.0,1.0369326545643058e-05,2.8902952807777957e-21,4.626443373396691e-28,1.2835598732637034e-35,36043845.47822494
27400.0,0.00010825897211436628,3.4339629553504893e-17,6.976944540549696e-24,3.5245944290961985e-24,1.9795027997983794
27500.0,9.151869747805934e-06,1.753797031297928e-21,7.339147096983753e-27,1.8214424155087865e-28,40.29305035665208
27600.0,2.839699104211553e-05,1.6256584524888418e-19,2.237514175186647e-25,3.4961611627772433e-25,0.639991714057379
27700.0,6.644797082423966e-06,4.873790992543149e-22,3.813757192809573e-28,1.2005466743746745e-31,3176.6838176416877
27800.0,4.3136090976441944e-05,8.655719110424013e-19,1.5831772164377334e-24,3.054778197045369e-32,51826257.56491938
27900.0,1.251240365199561e-05,6.127777590394059e-21,1.4752783521363776e-27,9.348413225303282e-29,15.781056277478752
28000.0,0.00014408356663067297,1.0774516991727712e-16,2.1603841898300575e-23,2.0858238248537922e-23,1.0357462428455537
28100.0,1.5692046584366137e-05,1.5158574537875064e-20,2.8878432954309816e-26,9.493812509398975e-34,30418162.27750428
28200.0,1.6963433115737394e-05,2.0701175715751105e-20,2.3239897188528036e-29,8.330743210475592e-34,27896.547284406453
28300.0,6.815276772214253e-05,5.3935411751925516e-18,4.819748520618918e-25,3.4501156143630956e-26,13.969817418737899
28400.0,1.3313088263897877e-05,7.8533554413277e-21,4.179630616595503e-28,5.3958788543409525e-34,774596.8227646578
28500.0,0.000101811334154269,2.686114510298666e-17,4.71553680522791e-24,1.921897394292302e-24,2.4535840566890963
28600.0,1.0117281619791023e-05,2.6193610459034012e-21,4.741843909458689e-27,2.977359226980363e-33,1592634.1257342554
28700.0,4.3191698230247465e-05,8.700438256108182e-19,3.6335458662259544e-23,3.3442223855905935e-24,10.865144261583746
28800.0,2.5603120882780408e-06,1.0742655170001623e-23,5.60346319224649e-26,3.7821306824391153e-29,1481.5625536854238
28900.0,8.82252309192894e-06,1.5146462838818467e-21,4.5025731192593937e-29,6.992338698307725e-31,64.39294939115435
29000.0,1.9544468286520775e-05,3.647837200246817e-20,5.992346926327598e-25,7.867821095588812e-29,7616.27247687073
29100.0,5.523419965765971e-06,2.3268708048242673e-22,6.572326076669691e-28,3.1998982044960816e-31,2053.9172363155526
29200.0,4.120934262118254e-05,7.209792324767652e-19,2.9327542049907347e-24,2.9774776425287393e-25,9.849794212056546
29300.0,4.084741388641399e-06,6.959824238242579e-23,2.8326137542523252e-27,2.6633011356827705e-29,106.35724651264977
29400.0,0.00018772507102238163,3.104767744794149e-16,4.7313494520753594e-23,1.1246153170638436e-24,42.07082528831291
29500.0,3.756345356703581e-05,4.977394525018902e-19,1.0381112467284545e-25,1.3736358852265428e-29,7557.397545400083
29600.0,1.465281079201165e-06,1.1524544667746917e-24,8.507031185830554e-29,7.05902504746265e-32,1205.1283468512959
29700.0,1.5668929706748585e-05,1.5069447772497954e-20,2.047417189068322e-24,3.4735272122689604e-26,58.94346190340965
29800.0,2.205727840478122e-05,5.917628646320388e-20,1.9768594000266552e-27,2.959342432340493e-29,66.80063038406783
29900.0,0.00012656289847071762,6.414542066689196e-17,2.5959269316084423e-23,1.0754761732293425e-26,2413.7465768429142
30000.0,4.583388133222455e-06,1.103282050511586e-22,4.628758255256636e-26,2.913443198497518e-28,158.8758709160253
30100.0,7.382356607893454e-06,7.425404027608424e-22,3.802380483825737e-29,9.861822026012978e-31,38.556571734878446
30200.0,3.098979715518099e-05,2.3057644707440264e-19,8.339360386811138e-25,9.294880944218232e-34,897199268.8081213
30300.0,1.1845312599435546e-05,4.921824387735537e-21,7.615138250067802e-28,5.149899826333574e-29,14.786963837875915
30400.0,0.00012170478552884743,5.484924200228341e-17,3.7028579013350863e-23,3.036790697378414e-29,1219332.6015295265
30500.0,3.6745037828416575e-05,4.557585281646471e-19,9.819329881873067e-26,1.648623155988038e-26,5.9560790749589065
30600.0,1.1169685792853794e-05,3.891381719641432e-21,8.010203266292806e-29,1.0114189830279544e-30,79.1976757477115
30700.0,6.0525158124426985e-05,3.3549321356267353e-18,2.0518266356524337e-25,2.3058745402520433e-26,8.898257905341888
30800.0,2.6692214454082525e-07,1.2690491147981069e-27,1.9865134351795543e-28,4.7105647696585093e-29,4.217144933395249
30900.0,3.8006670058200604e-05,5.216500958094996e-19,7.087773582805278e-25,1.095932116826468e-25,6.467347269034884
31000.0,7.2821678214712235e-06,7.030443812948343e-22,6.488430839545305e-28,5.029513944761381e-29,12.90071150176151
31100.0,0.00010201307391577095,2.7074680811726436e-17,7.661128385598745e-24,2.6515080442193947e-26,288.9347593080445
31200.0,2.889716464846016e-05,1.7432550760256248e-19,8.355773308532347e-27,3.0964275040910603e-29,269.8520568459147
31300.0,5.658772846037678e-05,2.563474798012146e-18,3.1716964792070818e-24,1.8319126219459404e-29,173135.79486329225
31400.0,2.2205241423332065e-05,6.078018337679539e-20,6.420339452036595e-27,1.0019131254972744e-27,6.408079990817588
31500.0,0.00016454528706415713,1.8326595711965047e-16,2.163040573135216e-23,8.550314601636261e-24,2.5297789308492558
31600.0,4.028337221390727e-06,6.583294530393714e-23,2.9831148664603443e-26,1.523634026890007e-28,195.78946215512022
31700.0,7.843973786160285e-07,9.464213812555957e-26,2.3886128765535598e-29,1.6030281585291002e-30,14.900629560651593
31800.0,1.8677310025028257e-05,3.0422669503173294e-20,6.511016511071707e-25,1.9172781385976806e-26,33.959686808059786
31900.0,1.7498233225766317e-05,2.343779825317986e-20,5.768793927327821e-28,4.8875494751078765e-30,118.03039450972501
32000.0,4.500146380561709e-05,1.0252896457955316e-18,3.647075018444593e-24,5.110206869551733e-25,7.1368441856533185
32100.0,3.422783188081188e-06,3.431291143787146e-23,3.739506610438237e-27,2.5695808016878925e-29,145.5298314799772
32200.0,0.00017284412111635475,2.2313025368153056e-16,2.5285322182657206e-23,3.477280261101405e-23,0.7271580167267925
32300.0,4.264147673130039e-05,8.265496657195155e-19,4.608359343238565e-26,5.871078571607593e-28,78.49255101991804
32400.0,3.3860015758682534e-06,3.286159449600314e-23,3.778921702150869e-29,1.3700577773806333e-30,27.582206856820743
32500.0,8.11894785594485e-05,1.0862730807209593e-17,1.1438251550519218e-24,1.9282000085360794e-25,5.932087698310572
32600.0,1.758489212324036e-05,2.3905555632515972e-20,1.0546953167166834e-27,3.029718548322915e-29,34.81165989165906
32700.0,0.00010427792461826888,2.9560346807637804e-17,6.675839055780321e-24,2.9560155567279646e-26,225.83910428299154
32800.0,5.17602460223115e-06,1.7944251037611926e-22,7.70238377919324e-27,7.372403828599284e-29,104.47588002862629
32900.0,0.00020660410523223578,4.555077763238335e-16,4.7256250724348293e-23,7.581936018864058e-23,0.6232741954927276
33000.0,4.120285629420831e-05,7.205254127608816e-19,1.0337502097172686e-25,1.5462290687731922e-26,6.685621364869733
33100.0,1.2342670687312557e-05,5.801984655779385e-21,8.466402340476318e-29,2.5708785538142114e-31,329.3194199280779
33200.0,2.0071113647436288e-05,4.057195066904387e-20,1.4436738643743967e-24,3.818029975314471e-26,37.812009693703075
33300.0,1.7289589109750724e-05,2.2339770020607118e-20,1.335907919944781e-27,5.287618163489692e-29,25.26483340209869
33400.0,8.25934478408385e-05,1.1633821409076673e-17,1.3336526670920099e-24,7.178016832553214e-25,1.8579681522112437
33500.0,1.632047380563566e-05,1.7736628093861056e-20,1.5100424392276487e-27,7.673319846985532e-35,19679128.061120372
33600.0,5.304747634697675e-05,1.979697889025597e-18,1.3490214578005586e-23,1.804032333855342e-24,7.477811968689088
33700.0,3.111672749696254e-05,2.3437736909458698e-19,1.559915997469134e-26,8.711790563915268e-28,17.905802326451635
33800.0,8.99192003229121e-06,1.6343676310279853e-21,1.2262362208845842e-29,6.288539569689371e-41,194995389198.95123
33900.0,2.307867052963023e-05,7.092235655514184e-20,1.2936443334095595e-24,4.170908855335272e-26,31.015885944253554
34000.0,1.4059362683156242e-05,9.767930169219413e-21,1.1733320783664072e-27,7.392459685148062e-29,15.872011865329593
34100.0,2.581976734046304e-05,1.1110901740396604e-19,2.1487411494813943e-23,1.1879805629807657e-26,1808.7342642121864
34200.0,1.796184995024098e-05,2.6022215248072576e-20,3.2193951834003155e-26,2.0673422959218874e-27,15.572627666695585
34300.0,5.5356300180086574e-05,2.3475142190650114e-18,1.8107006218128983e-23,2.5136730829246124e-22,0.07203405383591813
34400.0,4.795079562170671e-05,1.3216707508999781e-18,3.433522888499672e-25,8.359835103166644e-29,4107.165806654582
34500.0,1.2212405711406649e-05,5.560897669633305e-21,2.9270494686300926e-28,4.116545819030525e-33,71104.50356457912
34600.0,0.0001643068962420256,1.8220621069192121e-16,1.7710783500034892e-23,7.391083010109643e-24,2.396236583435715
34700.0,3.8270573240392625e-05,5.362902215114892e-19,2.6692952278065915e-26,4.239750693026311e-28,62.958778029027535
34800.0,1.7267364565096806e-05,2.2225126525774758e-20,2.3826243834431953e-29,1.1913241736838834e-29,1.9999798846316554
34900.0,2.3339566013621655e-06,7.41841481253987e-24,2.6373313194017817e-25,4.294138300372881e-28,614.1700930248961
35000.0,6.394962351422115e-06,4.181113690515244e-22,2.376984996090775e-28,1.8398011876756614e-29,12.919792703763672
35100.0,0.00011032135339271105,3.70320993330266e-17,4.696792316262434e-24,1.660702114205007e-24,2.8281967464772153
35200.0,2.6156600819244344e-05,1.1702138315110719e-19,4.973742252896383e-27,8.278337479528851e-30,600.814144771911
35300.0,6.2353203032131405e-06,3.77898423026769e-22,3.886585175460031e-30,4.469934338374189e-31,8.694949145211975
35400.0,6.051852658208166e-05,3.3534620217793533e-18,2.836069245722363e-25,3.3835462947316067e-26,8.381943081843746
35500.0,1.4014146171288218e-05,9.642875967220433e-21,2.464619667262173e-28,1.3206621062957122e-32,18662.000336900066
35600.0,9.971400057085735e-05,2.4715225168280444e-17,3.561308256062794e-24,6.397066309917441e-26,55.670960461073534
35700.0,2.5834841351524932e-05,1.113687139104185e-19,3.694270378639533e-27,2.657882533335993e-29,138.99298905443865
35800.0,0.00016336418668164653,1.7806043435371702e-16,5.279975119848542e-23,2.3371654120926323e-26,2259.1362564795963
35900.0,2.8682114193625222e-05,1.6919388038323974e-19,1.5394985535029663e-25,5.250496199500575e-33,29321010.71988973
36000.0,1.2683300825032843e-05,6.469477126347207e-21,1.2711881888520337e-28,4.028093193951638e-33,31558.063024976178
36100.0,1.4614149813118053e-05,1.1403396601621448e-20,3.723697886397811e-25,1.8157219999877112e-28,2050.8083761847975
36200.0,4.6672852718622285e-06,1.186307823532159e-22,4.061647729616323e-28,3.6345789277742785e-31,1117.5015896830641
36300.0,4.0546907800402105e-05,6.757265245163366e-19,1.2755401195867788e-26,6.7094193958950495e-28,19.01118478846588
36400.0,8.092632793088155e-05,1.0722581275001519e-17,1.990646001613353e-24,1.173722954993694e-24,1.6960101130714003
36500.0,4.516584117359118e-06,1.0403522736437772e-22,2.1387730906731497e-27,4.465981304757588e-31,4789.032789713484
36600.0,0.00022544817172338136,6.458428851972614e-16,2.858360746972976e-23,5.580437125879887e-24,5.122109043603441
36700.0,2.2487156587227458e-05,6.392609634010238e-20,1.0943824782291261e-25,2.967977406422427e-35,3687300569.947009
36800.0,5.807225976470575e-06,2.843249116657389e-22,9.161165887177346e-29,6.596671743892492e-35,1388755.7609121876
36900.0,6.702525161707092e-05,5.045379296760989e-18,4.048258293824766e-24,1.234111558221791e-24,3.2803017416495375
37000.0,2.538754230546106e-05,1.038538615007864e-19,3.991925219770917e-27,1.707280155236883e-29,233.81781879946016
37100.0,4.554024508106879e-06,1.0752797390117846e-22,3.0333477184741292e-30,1.2166472395063777e-40,24932023186.152378
37200.0,4.2138915804221786e-05,7.882671682387883e-19,5.07593349323786e-25,1.0286644170734117e-25,4.934489235740338
37300.0,6.826866531020668e-06,5.430322938569647e-22,4.484556798116236e-28,2.5171903587729666e-29,17.815723719449988
37400.0,3.90214043962309e-06,5.796309830275906e-23,3.633590988030162e-24,1.3679301187915958e-26,265.62694527407655
37500.0,9.077345568610405e-06,1.6973659467728906e-21,3.616686968271898e-27,1.1011942669823437e-28,32.84331454233667
37600.0,0.0001235394572698833,5.823214194186385e-17,3.930404282419759e-23,4.1168118959681425e-23,0.9547203957190892
37700.0,2.022829421258776e-05,4.185786329416615e-20,6.106438098875624e-26,3.844377872166432e-27,15.884073579464362
37800.0,1.2948532343892809e-05,7.027845290073779e-21,4.9151555161697754e-29,2.85477891619129e-32,1721.7289536127516
37900.0,6.618573396419779e-05,4.797307599036327e-18,7.649727938137883e-25,2.3448832547339706e-27,326.23065232327536
38000.0,2.484679577936866e-06,9.528434885430773e-24,6.957962165195109e-28,4.8235780186032415e-30,144.2489815311398
38100.0,4.180922757923812e-05,7.638860604483117e-19,1.7360925313594296e-23,1.8225976757447503e-24,9.525374439260311
38200.0,1.1809620275953086e-05,4.862770161680375e-21,2.405239430310221e-26,7.222742848356562e-28,33.300914636016714
38300.0,0.00010384319849190942,2.907048212244075e-17,1.0525339947021625e-23,5.038843884216238e-23,0.20888402555973964
38400.0,4.282503971162516e-05,8.408743521829731e-19,3.869039882749759e-26,1.769650198741686e-27,21.863303185572207
38500.0,9.619187654867216e-05,2.1403933721487985e-17,9.597250097190785e-25,2.226815571710572e-28,4309.854044095116
38600.0,1.3768122939941631e-05,8.983363016809902e-21,2.6508485908111423e-26,4.494619171691549e-31,58978.26911581245
38700.0,8.944533796150898e-06,1.600187398706333e-21,2.2193668353186626e-29,8.461898821400469e-34,26227.763793462032
38800.0,6.08383871542254e-05,3.4249227289260796e-18,9.325932074572896e-25,5.476047830340982e-28,1703.0406533158769
38900.0,1.9418146151001477e-05,3.55443904258398e-20,8.435994270709055e-28,4.2875607824576255e-30,196.75509453357654
39000.0,6.384987200975475e-05,4.1550871077110215e-18,2.6500146740671986e-24,8.591012606072638e-31,3084635.9976168713
39100.0,1.8111773465262382e-06,2.6901959771458725e-24,3.44563426721361e-27,8.0515936075601e-30,427.9443840755087
39200.0,1.3535449523408235e-05,8.391328889761043e-21,2.6421173568052385e-24,1.1132836509300939e-25,23.732652092733773
39300.0,6.343455821591052e-06,4.048029671015295e-22,3.4688791026820576e-27,9.347490364808664e-29,37.110272033461065
39400.0,2.4662981520306833e-05,9.249586511841965e-20,2.3853233130770894e-23,1.8889987853919338e-26,1262.7447574468276
39500.0,2.565174994579729e-05,1.0824503860535367e-19,3.723253817116568e-26,4.5681506651460805e-27,8.150461948473202
39600.0,9.351114001187514e-06,1.911584124300657e-21,2.991622873432733e-29,1.7215515119110127e-36,17377481.026471723
39700.0,4.0399723303937514e-05,6.659683214527261e-19,4.60767617000341e-25,7.91714515565914e-26,5.819870773380811
39800.0,5.704159354024288e-06,2.646711517865632e-22,4.0104390361030916e-28,9.885772726557967e-30,40.5677851092926
39900.0,6.159834861411094e-05,3.599285410898906e-18,7.337282196080641e-24,4.008659901840951e-33,1830357869.1499977
40000.0,6.78086440284888e-07,5.285429059291569e-26,9.115229529747206e-27,1.5554069707773192e-29,586.0350185515656
40100.0,6.42469573753166e-05,4.259418068991395e-18,3.231621018858368e-24,3.747084024275361e-24,0.8624362298583158
40200.0,2.0688242467450647e-05,4.5796722550744094e-20,5.672027807084818e-27,2.903622515351121e-34,19534315.41840392
40300.0,0.00013267945396804582,7.747377372788901e-17,1.0829715171267024e-23,5.648080992288906e-25,19.17414992110133
40400.0,3.072612631382532e-05,2.2282876590405986e-19,1.2922780917114892e-26,2.3930419411196598e-29,540.0148110679817
40500.0,0.00026822147637547804,1.293940193098746e-15,1.0555388088109564e-24,8.500560463094222e-26,12.417284876610806
40600.0,1.578946714114648e-05,1.5538529042980256e-20,3.273015362064971e-25,3.803631570321269e-30,86049.74749929631
40700.0,1.2605294641044832e-05,6.3117823505769745e-21,2.785436902494414e-28,1.5631095330570656e-33,178198.44633963497
40800.0,5.4840783778821084e-05,2.2612814541170816e-18,1.0896521965961544e-23,5.351971581672602e-32,203598277.75012505
40900.0,3.257112773048306e-05,2.813657245465753e-19,1.38276344777507e-26,7.092802966527088e-29,194.95303257410583
41000.0,9.077154068817956e-05,1.697222717703003e-17,5.1311607527322025e-25,6.762126955518419e-25,0.7588086982816521
41100.0,3.2778201133357518e-06,2.8858946426366767e-23,1.2449924717263566e-27,6.265143205368349e-28,1.987173207245403
41200.0,5.042507621550245e-05,1.6163159621552872e-18,9.058750664705255e-26,7.56472982908836e-28,119.7498241096727
41300.0,5.054625428839548e-06,1.631908934805819e-22,7.97773759109754e-29,4.712503101795419e-30,16.92887499226918
41400.0,9.106171807658199e-05,1.7190296539081146e-17,1.749179098264627e-24,2.1348982621460933e-25,8.193266767224195
41500.0,1.2073385400009494e-05,5.31197797105666e-21,1.6751504276254727e-27,2.4196683058072483e-39,692305810513.4001
41600.0,6.439209981936578e-05,4.298039071521916e-18,4.507274283199005e-25,8.787372662348047e-29,5129.262700456168
41700.0,1.8399071461114883e-05,2.864993450113803e-20,6.135482032381815e-28,6.63428258318298e-33,92481.46963070947
41800.0,4.080176226396063e-05,6.928762783859584e-19,6.008130222032515e-24,1.583142533106019e-30,3795065.887241983
41900.0,1.6798005082815242e-05,1.9905396921549524e-20,6.650696222053752e-27,5.163912290484925e-28,12.879181225266723
42000.0,4.673545455791055e-05,1.1926853725792112e-18,3.9913938442928986e-25,6.456359861665843e-25,0.6182111793352014
42100.0,4.5249137808018015e-06,1.048048166148046e-22,7.449369010156761e-28,1.8832363341883115e-29,39.55620903718116
42200.0,5.616402125708486e-07,2.4875555559580207e-26,5.423789032801337e-31,2.4506199097298447e-34,2213.231440447757
42300.0,6.570819392745429e-07,4.6603456584665065e-26,3.828446312066253e-34,7.826576209331404e-40,489159.7819620929
42400.0,6.297162921184164e-06,3.931151010076678e-22,3.042122487505671e-25,1.7247519431318262e-28,1763.8029048871497
42500.0,1.1610486414999717e-05,4.542988811922141e-21,2.643450969169066e-28,6.560048305768236e-30,40.296211947779184
42600.0,4.902072895644337e-05,1.4436405389603177e-18,1.2892159607977818e-23,1.592281820947944e-29,809665.6909831853
42700.0,3.36203296899676e-05,3.194095378428362e-19,1.7409599171234655e-26,3.9330183268202305e-29,442.6523785184083
42800.0,5.974789299110635e-05,3.185887138581926e-18,4.7151543094547104e-23,1.6053641078523623e-25,293.7124535419314
42900.0,3.5978716035091496e-05,4.189118556320991e-19,2.0744908184972524e-25,1.0724961387263489e-30,193426.4137268438
43000.0,1.6465295687888883e-06,1.8374610670133566e-24,1.734419340051369e-28,1.2007023870591556e-30,144.45039493087296
43100.0,2.168805948517827e-06,5.531243677657703e-24,3.903718580876435e-24,1.489142216959789e-26,262.1454510131483
43200.0,8.270027114550546e-06,1.169412528919417e-21,4.070438235675839e-27,4.197843674199794e-32,96964.97896510543
43300.0,7.29461343809551e-05,7.078628790248383e-18,2.048938644116644e-23,7.54006592660427e-24,2.717401497627754
43400.0,3.053108818899852e-05,2.1722466866576396e-19,2.9265707906569203e-26,3.5307190244347245e-27,8.288880452970824
43500.0,3.7352282845220297e-06,4.866409003556707e-23,2.3199104921522504e-29,9.616555190628965e-34,24124.132250734976
43600.0,2.5515444441942168e-05,1.0596258845943068e-19,7.451818791754618e-25,3.737836293004103e-26,19.936182881261455
43700.0,5.580452838209216e-06,2.4244753743190283e-22,6.538472964976865e-28,6.387733365003303e-33,102359.82924396037
43800.0,0.0001593115958966277,1.6103844241920293e-16,2.194821568254995e-23,1.9585334241191145e-24,11.206454488986601
43900.0,1.9660993690301096e-05,3.735612878328522e-20,3.0285388223914413e-26,2.1792015728406886e-27,13.897469881336415
44000.0,1.031404368794773e-05,2.829149355966016e-21,2.3995384790069379e-29,5.2315319556860433e-33,4586.684166955971
44100.0,5.157744660363118e-05,1.7692099011121e-18,4.181695567930099e-25,1.0753541780327155e-28,3888.6681740338013
44200.0,1.5037577882617157e-05,1.2783552733111709e-20,3.70541257966906e-28,1.0159269028929103e-29,36.473220357859255
44300.0,3.1585426392036137e-06,2.4882097357430997e-23,8.09257448391022e-27,1.526996064400208e-28,52.99669509684637
44400.0,2.93386579461348e-05,1.852255887400394e-19,3.577272234962524e-23,1.655465883013159e-24,21.608855076200257
44500.0,6.8965209343366286e-06,5.655359847273352e-22,5.525343946674097e-26,7.310008085902353e-30,7558.601689278493
44600.0,5.168813749588739e-06,1.7844465415108028e-22,4.3636766627161644e-29,9.851656302517598e-31,44.29383779457494
44700.0,9.855095384207706e-05,2.3582146704555657e-17,3.2185845406257856e-24,5.481094883089853e-26,58.7215621929058
44800.0,1.8454804811082107e-05,2.899865355256011e-20,3.385703079987152e-27,2.7224673505103256e-28,12.436156780181417
44900.0,7.120525033207234e-05,6.4267007645580404e-18,5.2133585539135683e-23,8.244647076652859e-26,632.3325310887745
45000.0,1.4612691701179913e-05,1.1398846233486157e-20,2.3954460236099166e-25,3.0733152518658694e-30,77943.38775221953
45100.0,9.007990549410596e-06,1.6460828727519382e-21,2.010105353805667e-28,1.0372418656772997e-29,19.379331092590498
45200.0,7.014030894863816e-05,6.05077085935207e-18,1.779930860432252e-23,7.090125878569517e-24,2.5104361910022472
45300.0,1.7205624003846318e-06,2.1908957890054735e-24,2.637126978850877e-26,1.0093043908458864e-28,261.2816314650857
45400.0,4.986575494450631e-05,1.5457868286840108e-18,5.456268857880073e-23,5.134485211857079e-23,1.0626710629684741
45500.0,8.064680957846012e-06,1.0575204477260514e-21,2.5754536524734383e-25,1.9123864294141855e-27,134.67224055037704
45600.0,1.497854591624433e-05,1.2583997662982085e-20,2.1507418526046574e-28,1.0522736971192102e-31,2043.8996607942427
45700.0,2.1370966618220376e-05,5.214788179484466e-20,4.439456415082734e-24,5.128996737854622e-28,8655.603896795785
45800.0,7.658878110963099e-06,8.602023808611488e-22,4.807492742797117e-27,8.342956991206375e-32,57623.367204988586
45900.0,9.81477987265681e-05,2.3198625986918864e-17,5.737280732784778e-23,5.0824499149994014e-23,1.1288415682863553
46000.0,2.8764229856755064e-05,1.711397963856702e-19,1.2551013310342859e-25,1.3684968954420868e-26,9.171386031013471
46100.0,6.7474712278073004e-06,5.182080725049191e-22,1.023427997784644e-28,5.6425354726425654e-36,18137732.63361236
46200.0,1.7194578019022638e-05,2.185274997460055e-20,4.986781664415078e-26,1.4015639968744108e-26,3.5580121032902974
46300.0,2.3836288055553746e-06,8.070389753679605e-24,4.630891312897822e-29,3.076112681434697e-31,150.5436176264511
46400.0,2.9242775606316467e-07,1.8281607290125154e-27,3.29142458901117e-32,3.483249139065379e-36,9449.294200914726
46500.0,3.6001485537907074e-08,4.199733135467741e-31,2.321504016795316e-35,4.901189074052921e-41,473661.3874142186
46600.0,5.578496407066392e-06,2.421077209021253e-22,8.199191100496161e-24,1.1713130140805244e-22,0.0700000000164985
46700.0,1.0532139273224457e-05,3.076142021284769e-21,1.124679020707605e-25,2.2982132374621213e-27,48.93710480710526
46800.0,4.8471498525032576e-06,1.3800213148886332e-22,9.750404260140715e-29,6.850449710569174e-30,14.23323237465325
46900.0,8.241558702357796e-05,1.1533933258219161e-17,2.2901933406458054e-24,7.646296969561305e-27,299.516661432678
47000.0,2.213202241878044e-06,5.998247953744427e-24,2.299272573410373e-27,1.3867964566317677e-29,165.79740757304896
47100.0,1.731700092021327e-05,2.2481781819894803e-20,1.7559760924691098e-23,2.7575514695393246e-26,636.7881476977336
47200.0,1.3378796757268082e-05,8.009552154369263e-21,2.6223108048743066e-26,5.285499069477354e-32,496133.0558201401
47300.0,8.694502376751568e-06,1.4286272536187812e-21,2.0878008848276227e-29,5.19814802301406e-32,401.6432151574333
47400.0,5.495774844563702e-05,2.2806347438122355e-18,1.0133727190812136e-25,1.570454759582042e-27,64.52734234451368
47500.0,8.33962844923209e-06,1.209279852981614e-21,9.625380245635258e-29,4.4459012159830735e-30,21.650009251289458
47600.0,6.733491712360312e-05,5.1392687422043135e-18,1.518051688317803e-24,5.233253778564884e-25,2.900779806505196
47700.0,2.0094552968984083e-05,4.076180483679096e-20,1.4103011569730368e-27,1.3143227897786754e-30,1073.0249585115416
47800.0,1.0329464668267258e-06,2.84610728293061e-25,8.015088572131038e-25,2.7997431701696886e-26,28.627942225305098
47900.0,2.1868209595892347e-05,5.717325517773952e-20,1.1572478359381747e-27,1.501153862590193e-30,770.9055445798078
48000.0,3.206190950532373e-05,2.6417854542787137e-19,5.31073826918222e-25,9.807524345837687e-26,5.414963126179846
48100.0,1.4893065999412368e-05,1.2299188711205687e-20,5.276752483611749e-28,8.321898476400105e-34,634080.37223429
48200.0,1.606526284279344e-05,1.665295660377896e-20,1.7214392175735862e-25,1.1103469930253935e-29,15503.614891441572
48300.0,1.4963019892965822e-05,1.2531902921463768e-20,1.8603376897191345e-28,3.608244590285571e-35,5155797.072980299
48400.0,4.90600063032938e-05,1.44827291029109e-18,3.2170248340818463e-24,5.454417687896926e-25,5.8980170169590425
48500.0,4.593273698830689e-06,1.1128312336689307e-22,3.200546074143875e-27,3.1673987421218744e-29,101.0465159179736
48600.0,0.0001563938654465972,1.4956117348613438e-16,9.442838120616165e-24,2.2135616526844586e-24,4.265902469517633
48700.0,1.9443552972932797e-05,3.5730781837497925e-20,1.7001281400733715e-26,2.13745096478228e-27,7.953998328315082
48800.0,1.044707140242368e-05,2.977955889845149e-21,1.3799822350607913e-29,1.2999550272440685e-36,10615615.203138081
48900.0,5.394847148159111e-05,2.1176617197840852e-18,6.849071199237686e-25,2.0713966821477384e-25,3.306499068124504
49000.0,6.292700882398592e-06,3.920020719451177e-22,6.311891667128938e-28,1.857252795848941e-29,33.985097135060734
49100.0,5.411770683301711e-05,2.144359278192481e-18,1.912758461452163e-24,2.3855977581641157e-33,801794206.4651185
49200.0,1.639455229056906e-05,1.8060852829226563e-20,2.3328389785938405e-27,1.1047222776319886e-35,211169723.4525191
49300.0,0.00012097497345919564,5.35453979595463e-17,1.0669965669185744e-23,1.5239586826316752e-25,70.0147962722987
49400.0,2.1236367072693616e-05,5.0846481163450583e-20,1.2425800648139294e-26,2.7263742359326786e-32,455762.84005223855
49500.0,0.00010918492012633457,3.552962728010071e-17,3.3257919476052464e-23,4.145690531661743e-28,80222.8705255563
49600.0,3.292287415537811e-05,2.9371828009580882e-19,1.5368255424672992e-25,2.2670852218488178e-26,6.778860925281015
49700.0,6.51193605292026e-06,4.495526035873392e-22,1.2758162518379368e-28,9.23170166307129e-35,1381994.6727064035
49800.0,7.8171866626437e-05,9.335593612544261e-18,1.7423927223068485e-24,6.1530616582386715e-27,283.17491666508226
49900.0,2.243045618185577e-06,6.328378310739326e-24,1.677367312908082e-27,8.485557093511513e-30,197.6732104237071
50000.0,5.692374909127482e-05,2.6249074257076064e-18,1.6954439099111154e-23,6.485678227341223e-30,2614135.0996473283
50100.0,1.863494226109199e-05,3.0147563218166806e-20,2.5054382212751805e-26,6.2915674016336285e-40,39822162925960.77
50200.0,0.0002476131824117743,9.397991681396305e-16,4.584564439954425e-23,6.90221953007109e-23,0.6642159699471637
50300.0,5.1259993270818864e-05,1.7260532425642667e-18,1.8812715064647497e-25,2.6213487683898083e-26,7.17673103690182
50400.0,1.2866018287433054e-05,6.850411595176712e-21,1.5606159575412042e-28,1.1705805695537892e-32,13331.982420792203
50500.0,5.57543042786246e-06,2.4157590340140386e-22,5.16748772732456e-24,3.256052175592388e-26,158.7040823872675
50600.0,1.2980135633342373e-05,7.096707913935079e-21,5.610176423194021e-27,3.118408753766863e-28,17.99051011647284
50700.0,0.00014201085885414067,1.0167781959338497e-16,3.6776209628260984e-23,2.8238129360421576e-27,13023.5998138766
50800.0,3.5146159308490274e-05,3.8146219342092506e-19,1.0027222314725487e-25,1.642520121908842e-26,6.104778980163986
50900.0,1.1304156686778429e-05,4.082185006044513e-21,8.185242661677458e-29,9.535182049721431e-31,85.84254206154972
51000.0,7.595633017963819e-05,8.321390513317448e-18,8.549945578665624e-25,1.250620534579931e-25,6.836562604129519
51100.0,1.2616146244625289e-05,6.3335450966807616e-21,7.668822228014861e-28,4.1630597586848663e-29,18.42111973534938
51200.0,0.00013743791359761094,8.920028115649941e-17,1.6881958923410994e-23,2.6719575518875696e-25,63.18198772089382
51300.0,1.2534729793154523e-05,6.171630469645155e-21,2.3016820899190158e-26,4.715101006592758e-32,488151.1735805348
51400.0,4.9200897037695064e-05,1.4649813384638322e-18,2.479857469179776e-25,5.875739465204885e-25,0.42205027705279713
51500.0,9.804483873502335e-06,2.3101434830967845e-21,4.787586331819157e-28,5.524345861423795e-32,8666.340688859853
51600.0,2.0668316018482053e-05,4.562053581896689e-20,1.6503031054547377e-24,4.708052601952371e-29,35052.77542503194
51700.0,7.844570453257837e-06,9.467093796347902e-22,1.5796839960409696e-27,4.871607455957685e-29,32.426339977559365
51800.0,0.00015675034381598796,1.5092945958111885e-16,5.2233264248969557e-23,1.0826568417980223e-26,4824.5447894850195
51900.0,2.99516937497155e-05,2.0119887807866205e-19,1.5029680137022193e-25,2.8830980524046765e-32,5213031.212894941
52000.0,1.2860206920312706e-05,6.838043108986774e-21,1.2390435752480615e-28,4.58866497691333e-33,27002.267140486085
52100.0,4.508183141959555e-05,1.0326335030386972e-18,1.008930197517413e-24,5.0440235232641105e-42,2.000248795161268e+17
52200.0,2.3203729798778648e-05,7.247216025666603e-20,1.1734969365395571e-27,7.038393515214322e-30,166.72795205367592
52300.0,7.574286941004562e-05,8.228241381439852e-18,4.519521382763417e-25,3.981988026804588e-27,113.49912034743562
52400.0,1.0801782470986668e-05,3.403468356036128e-21,5.515963115038175e-28,8.810067132222675e-29,6.260977393536119
52500.0,5.802393979754681e-05,2.833797834507581e-18,1.235341270085083e-25,4.697080966516746e-27,26.300191095091673
52600.0,3.9509511022933175e-05,6.091813905227664e-19,9.617426556353961e-25,9.48483465033436e-27,101.3979358724501
52700.0,2.9047272529672208e-05,1.7797600185500652e-19,2.734330290689468e-27,1.7542001742140628e-29,155.87333366413185
52800.0,7.251849126452547e-06,6.9140903283772845e-22,1.1950893417957013e-26,1.2754848955212894e-27,9.369686352163892
52900.0,3.243933854851277e-05,2.768394446859685e-19,1.0213458977095243e-24,1.101267150021701e-29,92742.79158235113
53000.0,6.834798263895279e-06,5.455603639709584e-22,1.282837995977593e-27,1.5350611377936493e-28,8.356917938926017
53100.0,9.559352654334724e-05,2.0876319870084275e-17,2.0856622124257835e-24,2.905051097025269e-25,7.1794338301363165
53200.0,1.1048820970815553e-05,3.725664596506733e-21,2.060712422359707e-27,4.0959694041750983e-35,50310737.679319195
53300.0,8.047680435818613e-05,1.0486315003141515e-17,4.3684630168127666e-23,7.765601493385415e-30,5625401.9994893335
53400.0,3.589385142714862e-05,4.1497339321760896e-19,9.251397408279758e-26,6.874212919200298e-30,13458.118794138263
53500.0,1.7617196840044167e-07,2.4081705217952546e-28,7.528250812232335e-29,1.6708287198539452e-31,450.5698712726469
53600.0,6.259132389597978e-07,3.837042053790987e-26,1.523867010097667e-24,3.371900633058408e-27,451.93117352200176
53700.0,1.7540236199339833e-05,2.3663651352404633e-20,1.4123912584189844e-27,5.660782802611253e-29,24.95045840245743
53800.0,0.00010575809585620869,3.127479705051461e-17,5.634444561125688e-23,5.898707649352227e-23,0.955199832923478
53900.0,2.725874937159668e-05,1.380268939166895e-19,1.2208159500767612e-25,1.2080275520210575e-26,10.105861807823079
54000.0,6.424419023090077e-06,4.258684296438857e-22,9.935498988115405e-29,2.257511482079251e-35,4401084.586716895
54100.0,8.822825017427631e-05,1.5148536321905197e-17,4.02401074812324e-24,2.107262327386622e-24,1.9095917465167829
54200.0,1.3565028413749104e-05,8.464919644634823e-21,4.211891405106079e-27,2.9275582968250073e-28,14.387045373866528
54300.0,1.3388517952498899e-05,8.032856888388633e-21,4.195014167094347e-23,1.6683457936192764e-24,25.144752263820358
54400.0,3.437480964517274e-05,3.490609097237986e-19,8.787135550894018e-26,2.9857836694909397e-30,29429.913629315877
54500.0,5.296163346911109e-06,1.9669145552209922e-22,7.171621427386714e-29,5.651825393495926e-34,126890.35715150998
54600.0,8.404770355629874e-05,1.2475082183012792e-17,1.5879781246761269e-24,4.444412502388807e-25,3.572976459369178
54700.0,2.165863997858325e-05,5.501292513881414e-20,1.5146447779394106e-27,1.3041293489631184e-29,116.14222002929907
54800.0,1.548572750342017e-05,1.437693999663113e-20,9.730712106292782e-24,1.309758379464927e-26,742.939480965035
54900.0,1.6379994941117683e-05,1.7996790531942398e-20,1.320528315527279e-26,1.083299879746612e-27,12.18986856932132
55000.0,7.540927554245933e-05,8.084237854049943e-18,1.5363972122078469e-25,1.3468300350457724e-26,11.407506309106271
55100.0,2.168242462922861e-06,5.5254975449984904e-24,2.0979065108496417e-28,2.506463666826974e-30,83.69985723772568
55200.0,4.5372670849278857e-05,1.0595400738854482e-18,5.1467257595652144e-24,1.112519111860968e-32,462619087.1414354
55300.0,1.3314559357244027e-06,7.856827192962126e-25,5.629711443213306e-27,6.930051143364336e-30,812.3621783951577
55400.0,2.633793849697301e-05,1.2030041497338718e-19,5.711767565764273e-24,1.0996359430226827e-26,519.4235057526174
55500.0,2.1036808766950566e-05,4.896203329513505e-20,1.0263898534515358e-26,6.9378396793341865e-34,14794084.33880151
55600.0,0.00021723747798538625,5.567740909745933e-16,3.86136586485507e-23,2.515322570198356e-22,0.15351374454333172
55700.0,1.5923247944530528e-05,1.6071878452439924e-20,1.866059311502344e-25,1.1801291633649413e-30,158123.31136547693
55800.0,3.803515462331336e-06,5.232156829875435e-23,1.5712356140849738e-28,9.550727155140647e-33,16451.476296642624
55900.0,0.00011020030328504661,3.686983276032781e-17,4.6813839244352255e-24,2.9817290911279443e-24,1.5700232252368462
56000.0,1.777023407716679e-05,2.4929444593117655e-20,5.651846423001564e-27,2.9311610472807507e-35,192819375.38862982
56100.0,7.892673086354362e-05,9.701445933126029e-18,4.702709446322068e-24,4.2686678866926844e-24,1.1016807985888248
56200.0,5.557679018005751e-06,2.3851398647194614e-22,6.656511637979634e-27,2.4455768785709617e-30,2721.857446521686
56300.0,4.0940560926571194e-05,7.023525494815967e-19,3.5804821798661305e-23,3.954321554272491e-25,90.54605526446271
56400.0,4.4190849688694054e-05,9.533874202215256e-19,1.4658319247361674e-25,2.6473629733598765e-26,5.536951069750062
56500.0,7.117163343560188e-06,6.41457285070236e-22,1.245166646635785e-28,9.018324856922717e-30,13.807072448493141
56600.0,2.4886650386534944e-05,9.589717104904224e-20,9.787413186596851e-25,1.1974336976390843e-30,817365.7719750303
56700.0,1.0511814071152509e-05,3.0524649882017613e-21,8.880777286788323e-28,4.257517205654192e-39,208590520197.88
56800.0,9.010944770765326e-05,1.6482433039338437e-17,3.9099321129774e-24,4.650256112268882e-28,8407.993062278294
56900.0,2.1830832377233457e-05,5.678337329045418e-20,5.97255012694816e-27,7.004230255630959e-28,8.527061374298206
57000.0,0.00013578442317288455,8.498451797191696e-17,2.1366666762182e-23,2.1633657541167072e-23,0.9876585464812406
57100.0,2.059934623198975e-05,4.5014637552407187e-20,2.84666801564873e-26,7.53776587937261e-35,377654076.9777352
57200.0,1.9424297696756766e-06,3.558945278474782e-24,2.223910940904493e-29,2.483101570720556e-31,89.56181926376657
57300.0,8.809306276078043e-05,1.505590433908932e-17,1.5048462902108292e-24,6.081513317565578e-26,24.744602397963952
57400.0,1.64142744639287e-05,1.814791651379411e-20,1.4496893574815451e-27,1.7889498019795565e-32,81035.7761787053
57500.0,6.882675914762781e-05,5.61008304580066e-18,6.021345289311651e-23,2.3832259577658363e-23,2.526552410899545
57600.0,3.3702440005549245e-05,3.225413398974066e-19,1.3408741410877882e-25,1.8733503192609363e-26,7.157626244816733
57700.0,5.662972434305474e-06,2.5710930779305797e-22,1.0989498936211278e-28,7.497393052827533e-34,146577.60182476693
57800.0,1.987215918956007e-05,3.8987037760199716e-20,2.585279061877856e-25,5.926777545759656e-30,43620.31545671066
57900.0,7.968826639013456e-06,1.0081322877919574e-21,2.583250666263317e-28,1.1015121221045738e-33,234518.58716976264
58000.0,6.5725999032315396e-06,4.665399011563828e-22,2.40384668569281e-26,1.1716536795856546e-27,20.51669983695959
58100.0,3.8682135430051945e-05,5.59734109523462e-19,5.688393101877105e-24,1.8126274611993626e-27,3138.2030911709026
58200.0,3.387359109791896e-05,3.2914326385040004e-19,1.0889046053755507e-26,3.276816324067296e-28,33.23056582017893
58300.0,0.00013767133904260954,8.980782008702515e-17,2.6401323806565376e-23,3.0085273672206565e-23,0.8775497306163945
58400.0,9.7028586142149e-06,2.215842158547344e-21,3.728284685459778e-26,1.0202875811514752e-30,36541.508044742775
58500.0,7.952228215710516e-05,9.997590613332644e-18,5.146617849561575e-29,2.739948061261665e-28,0.18783632880952164
58600.0,5.4859836787007915e-05,2.2644255865694628e-18,2.5914434392779606e-25,4.926192147637411e-26,5.260540721134498
58700.0,1.5249689086785106e-05,1.3520226457277013e-20,2.220600585695568e-28,4.6834223134742704e-31,474.1405829038457
58800.0,8.475273088407957e-05,1.2898963446639737e-17,2.0141705526614443e-24,6.022318445000107e-25,3.3445102099070563
58900.0,5.028497627014631e-06,1.5984277356138195e-22,1.888585988634958e-27,2.3162810054692461e-29,81.53527072818856
59000.0,1.668170284391722e-05,1.9359829647937364e-20,2.9577766829595233e-23,4.643682128862947e-26,636.9464146943592
59100.0,3.601572366859995e-05,4.2063808424458007e-19,4.492045969171831e-26,3.1030513060181887e-29,1447.6222034936281
59200.0,6.732577110801443e-06,5.1364770698773925e-22,3.655183375738135e-29,1.035371145803562e-30,35.303121885836504
59300.0,9.87463138557341e-05,2.3769693362061437e-17,5.509431406674705e-24,3.39015578847911e-24,1.625126321745333
59400.0,2.4046747812006427e-05,8.359213235547689e-20,6.09731113431214e-27,4.590560199578635e-28,13.282281179695257
59500.0,1.6187667903235458e-05,1.7166317982983135e-20,4.86291472184133e-30,1.0318783429924356e-30,4.712682221567837
59600.0,7.297903271160957e-06,7.091407131859253e-22,2.884495627485948e-25,2.24844615715445e-27,128.28840122800443
59700.0,1.2777240272349432e-05,6.663282945756247e-21,2.483229688460478e-28,3.737860335835646e-30,66.43452310545788
59800.0,7.010623524718513e-07,6.039021725312698e-26,1.1019967088795271e-23,5.681868694229029e-26,193.94969651424807
59900.0,2.3781719834148067e-05,7.996741229276677e-20,1.375583936636191e-26,1.663317923571735e-31,82701.20324816337
60000.0,3.946791699057948e-06,6.06620151454229e-23,2.715374494446025e-25,3.341538213910502e-26,8.126121326825418
60100.0,4.502052819905874e-06,1.0270281625521857e-22,4.523754082930795e-28,2.1969725511901864e-32,20590.853902476385
60200.0,1.6975047275765733e-05,2.075792691557968e-20,2.5651856017149952e-23,2.3696194622835957e-26,1082.5306098908104
60300.0,3.247035609816334e-05,2.7789978749766107e-19,3.516224246229225e-26,9.034307761277018e-30,3892.079325989443
60400.0,6.290829971291771e-05,3.9153608823942294e-18,1.1594239977791377e-24,1.6555884331753892e-23,0.07003093127169191
60500.0,6.364397621415759e-06,4.1017503866081617e-22,3.248476965608052e-25,1.2316559213846906e-28,2637.487393358973
60600.0,1.4735640051073886e-05,1.178734585340529e-20,2.7703750126373084e-28,1.6923919515312128e-32,16369.582767932552
60700.0,7.402976643346442e-05,7.508713353123246e-18,5.052931961423869e-25,1.1394490698729235e-26,44.34539546368136
60800.0,1.037181771695127e-05,2.893073789402167e-21,5.029377467720088e-28,3.9930993202974975e-29,12.595172482074362
60900.0,6.246496018287859e-05,3.806149814159533e-18,4.232073119478531e-25,1.7432648254606734e-25,2.427670803465083
61000.0,4.256722743002447e-06,8.208077793205255e-23,4.3049072069581025e-28,3.1898775309176504e-29,13.49552503264815
61100.0,7.3453521715716e-06,7.277638846029053e-22,6.244244731140789e-25,3.6698788881629137e-28,1701.485231919074
61200.0,3.459389627214661e-06,3.5804525628955375e-23,5.692483441320824e-28,2.2543159522682965e-31,2525.1488974263066
61300.0,7.320158958685001e-05,7.178307467499108e-18,3.777165217635868e-24,1.4264341992383753e-24,2.6479771865064876
61400.0,1.9178971189741148e-05,3.3825267182637094e-20,3.7736012216125776e-27,2.923422143661363e-28,12.908163912606991
61500.0,5.1491193244484664e-06,1.7574049017066326e-22,3.0011518740042486e-30,3.304679707088325e-44,90815211760672.95
61600.0,9.546415138205971e-05,2.0763534024028858e-17,2.0455942577843945e-24,2.2832575252161283e-26,89.59104416356902
61700.0,1.7725305576389168e-05,2.467828256251614e-20,2.4613945528094258e-27,7.806313642034327e-34,3153081.80746884
61800.0,9.525238319350479e-05,2.057990712065587e-17,1.1272884606606099e-23,3.988857145313744e-27,2826.0938398984526
61900.0,1.605357599551979e-05,1.6604551968972197e-20,1.3263317773041862e-26,1.0455004752709004e-37,126860944463.9917
62000.0,0.00017000661898539273,2.088350209744892e-16,6.159667237584637e-23,1.6675441042679329e-22,0.36938556658378685
62100.0,4.9949746574679626e-05,1.5562277857663674e-18,1.3977690812524001e-25,1.3511574585930968e-26,10.344975504985467
62200.0,2.6504862084078585e-07,1.2337927209110615e-27,1.1538041007199225e-28,4.222205977875716e-31,273.27044364150765
62300.0,8.281196002558559e-05,1.1757426268159363e-17,1.5194379131182656e-24,2.7581212512527534e-26,55.089598125105226
62400.0,1.2376041088348305e-06,5.864985987726457e-25,1.4106074464743488e-27,5.0101259005302256e-30,281.55129720893103
62500.0,0.00011593981899539677,4.517212078682758e-17,2.4523202324020904e-23,2.8198274804220934e-23,0.8696703076441429
62600.0,4.100312392640959e-05,7.066555787404324e-19,3.8166415993413613e-26,1.3883426208309874e-27,27.490631938223753
62700.0,5.75210815064567e-05,2.7368322622749307e-18,3.900790936559982e-29,9.44984102804147e-29,0.41278905380363223
62800.0,2.1453192953116385e-05,5.295509655184938e-20,3.2880851441573236e-25,1.5029548368270458e-26,21.877471388953676
62900.0,1.5540774767178483e-05,1.4582455965442156e-20,2.819332817134486e-28,6.853029503038472e-32,4113.994862979154
63000.0,9.388326455965349e-05,1.9421945875947847e-17,4.337477409831516e-24,2.2242089605131872e-24,1.950121363071363
63100.0,2.0036261078443755e-05,4.029087850103725e-20,4.53985387085205e-27,3.920097461560424e-28,11.580971941052015
63200.0,4.451305838058739e-05,9.81498741424353e-19,2.4797662530856165e-23,2.754912552802069e-28,90012.5214705419
63300.0,3.766653346604021e-05,5.032254773914262e-19,3.4089620749087434e-26,1.444520202831152e-28,235.99268935300674
63400.0,2.5400192399333298e-06,1.0406100929601181e-23,2.6747892566997867e-29,6.347926985871872e-31,42.13642127032769
63500.0,7.415613431304895e-05,7.560113892945931e-18,7.99484113693607e-25,1.3083595327366346e-25,6.110584236898274
63600.0,2.259188564703953e-06,6.512532942832226e-24,7.2105064547798865e-28,5.577760330474574e-31,1292.7243243824344
63700.0,4.611792019992813e-05,1.130886091075633e-18,4.34976133096578e-24,5.231724605380472e-25,8.314201642977055
63800.0,2.601005850831988e-05,1.1442089095871169e-19,4.332804988930651e-27,5.899568267083984e-29,73.44274687192075
63900.0,0.00017504353554176707,2.347060666259362e-16,3.9848126363203957e-23,9.030309557096602e-25,44.12708790463193
64000.0,4.417616116844157e-05,9.521204728781252e-19,7.466336108551118e-26,4.0866292040647906e-28,182.70157960807114
64100.0,3.4500971642883077e-06,3.542136664895707e-23,6.118954861138758e-29,4.402241287732983e-30,13.899635347543226
64200.0,3.49581728681929e-05,3.7336612388604794e-19,1.1390268111493872e-24,1.0541177373903648e-25,10.805498956589311
64300.0,1.2710227413631633e-05,6.524591005204521e-21,1.0263360431033328e-27,6.234261833337732e-29,16.462831856291277
64400.0,4.703020603695601e-06,1.2230593559232875e-22,4.7262657612489125e-24,1.8209281269894314e-25,25.95525705379114
64500.0,2.1699843147295997e-05,5.543274527235332e-20,8.369504724594882e-27,1.3749091082200207e-27,6.087314917442198
64600.0,7.408244890497969e-05,7.530110153867395e-18,4.7063887802191425e-24,1.0636677721176968e-32,442467930.64426625
64700.0,3.0036915754448497e-05,2.034985666232582e-19,7.981028040236077e-27,3.5431906105176455e-28,22.524975135532102
64800.0,5.3620778491936115e-05,2.066676345067133e-18,1.1430881115423256e-25,9.960858616994669e-26,1.1475798979739071
64900.0,2.721087624355088e-06,1.3705980740825633e-23,1.4012410596781896e-28,2.2411505625241186e-29,6.252328973828638
65000.0,4.446362294179698e-05,9.77145856858896e-19,6.034299007279596e-25,1.1176107731846757e-25,5.399284931805574
65100.0,1.4125430463688928e-05,9.952834325017448e-21,5.240625532133221e-28,1.4077506644965905e-32,37226.94411944931
65200.0,9.133519872691945e-05,1.7397735377484686e-17,2.3932555009677453e-23,1.3948607439997813e-28,171576.6617752145
65300.0,3.868677799887132e-05,5.600028715194685e-19,3.288825721663295e-26,1.1721607372209163e-27,28.057804849024325
65400.0,0.00012335876211973918,5.789219540955981e-17,2.677035707326216e-25,8.542894866076571e-26,3.133640000600496
65500.0,2.0847509707896586e-05,4.722334512688747e-20,4.875183684379691e-27,1.1290102974861819e-42,4318103825301345.0
65600.0,5.203481239536869e-05,1.832803818960255e-18,1.9838901631842943e-24,3.6013086727958384e-34,5508803447.398253
65700.0,1.6951603556370647e-05,2.0643491697317178e-20,2.3839922078810987e-27,2.323132367629476e-35,102619731.92314152
65800.0,7.501061203412347e-05,7.914634152176798e-18,1.2228472065460714e-24,6.07862567987682e-25,2.011716580269591
65900.0,1.0262984182329698e-05,2.7735413618021616e-21,1.2690307450647908e-27,1.3731655287640651e-28,9.241644350095198
66000.0,5.310918339898152e-05,1.988925445104347e-18,1.2274154146894946e-23,2.6047498193313013e-31,47122199.8205033
66100.0,1.8548479967615273e-05,2.95919312982648e-20,1.539411556779883e-26,9.971851618586407e-36,1543756982.8161037
66200.0,0.0001800592842166333,2.627859163993649e-16,7.122065557638404e-24,9.739774923355452e-26,73.12351274730257
66300.0,3.273946969419399e-05,2.8722786549951404e-19,3.3456629000285483e-26,2.6940056943079398e-30,12418.915472589646
66400.0,2.9947118740961e-06,2.0107597674874642e-23,2.805653825334155e-29,1.1369556016983597e-30,24.67689873855347
66500.0,5.730304825996643e-05,2.695571828608526e-18,5.679498127517327e-25,4.531618863142538e-28,1253.304458967401
66600.0,5.901411248108521e-08,3.032239697343661e-30,5.018152151178088e-28,1.2052524342474201e-30,416.35693972371075
66700.0,1.1060159398795465e-05,3.740981434375574e-21,8.521320280123574e-24,9.490849581256652e-26,89.78458890500394
66800.0,2.9110660080397697e-05,1.795346259281092e-19,9.855299402146591e-27,1.1550319800789395e-29,853.2490504265553
66900.0,8.306325895949141e-08,1.1900792273210758e-29,7.822982646581967e-24,5.692807354847019e-25,13.741871380771837
67000.0,1.1944177163986141e-05,5.088209151170062e-21,1.962561287056515e-26,4.113285619084049e-31,47712.740344385325
67100.0,9.122398790263048e-06,1.7313155254890298e-21,1.7130969516949916e-29,2.2593107678720333e-34,75823.87407946089
67200.0,1.870190739073395e-05,3.058324874867085e-20,5.2232585758387595e-24,9.18011014508425e-26,56.897558888612046
67300.0,2.704361187113641e-05,1.3372074453198583e-19,5.380133804859624e-27,1.1027546107188269e-28,48.78813248717774
67400.0,5.979838054439458e-05,3.1966692184339374e-18,3.7171739670303683e-23,9.137568450191908e-24,4.068012171172627
67500.0,2.425203482346166e-05,8.648339726085087e-20,6.521321812619953e-26,3.7332218811362575e-34,174683477.71054795
67600.0,1.6956236211385114e-06,2.0666067351717283e-24,5.329728475222079e-29,5.3760293000598615e-31,99.13875423191487
67700.0,7.713175804740613e-05,8.84856671564529e-18,1.0857319628712438e-24,2.706312143663482e-25,4.01185046378837
67800.0,2.8675844199898035e-07,1.690459837872435e-27,1.0142504697451674e-27,2.7348664958462805e-30,370.85922522566005
67900.0,0.000135611028826691,8.455125375791686e-17,1.0384716256738931e-23,2.3481283198922125e-24,4.42255057731071
68000.0,2.969631167872378e-05,1.9442408311301789e-19,1.1872854989996386e-26,1.6838384966874285e-29,705.1065178372833
68100.0,0.00023429956632278856,7.534005755318371e-16,4.393899302134447e-25,5.303080632212261e-25,0.8285560048709771
68200.0,6.342718949772631e-05,4.046149081405645e-18,3.384418094228243e-25,2.7766574242591627e-26,12.188821223169928
68300.0,3.738982852072346e-06,4.886004944896955e-23,2.9186780738814158e-28,7.203137920692864e-30,40.51953615238663
68400.0,5.901038890006136e-05,3.031474475524409e-18,5.443015668802413e-25,2.18197684438572e-25,2.494534111490425
68500.0,1.6449906965911947e-05,1.830601412210116e-20,5.215230776707989e-28,1.3734060377292519e-29,37.97297109113263
68600.0,2.9921719673919295e-05,2.0039468935736008e-19,1.9386938856460003e-23,6.2143169167140315e-27,3119.7216228732846
68700.0,1.994885285143175e-06,3.959238975559856e-24,2.898598754085165e-26,1.029339113273218e-28,281.59803865490426
68800.0,0.00023037253711195274,7.041461834398873e-16,4.157079613164964e-25,5.380138055806275e-25,0.7726715504407216
68900.0,4.830209971838981e-05,1.3608305467546375e-18,3.033825282859389e-25,6.552762973484575e-26,4.629841328208589
69000.0,3.2772651062893136e-06,2.883940557238459e-23,2.577123773148179e-28,3.578241003621673e-32,7202.2084888630325
69100.0,3.527202918750907e-05,3.869561821152885e-19,7.963324248735466e-24,2.4368892508952774e-29,326782.36180859915
69200.0,1.8304470180129015e-05,2.806523350535744e-20,8.656118075298902e-27,1.0222913523649969e-33,8467368.969984535
69300.0,9.724508418479236e-05,2.2356851142181235e-17,2.535778036018214e-25,2.83043757906806e-29,8958.961168305063
69400.0,9.138184573333991e-06,1.743330432416755e-21,8.045536143385386e-28,1.6853338162399558e-28,4.773853147583121
69500.0,5.578585375170147e-05,2.421231661967397e-18,1.338380385480003e-25,1.6872968560784058e-26,7.932097903570152
69600.0,1.0306806002333285e-05,2.8212165021580127e-21,1.2772101090984062e-28,5.7934335888373735e-30,22.045822904733026
69700.0,1.0963917394176267e-05,3.612459840046794e-21,3.038815293635887e-27,5.546332235140634e-28,5.478963691324622
69800.0,3.3040207310928456e-05,2.979278230400942e-19,1.4107550823732567e-24,7.550694988500979e-30,186837.77910797726
69900.0,1.8872456272884477e-05,3.171419701893419e-20,1.601167515660342e-27,9.530750449546591e-32,16800.015110420973
70000.0,2.7966981751152863e-05,1.5294046447449268e-19,3.4396159429216217e-23,1.5957419206798228e-26,2155.496385942074
70100.0,2.0065301473680084e-05,4.0524975932744154e-20,5.308578570734898e-26,4.3293121536406806e-39,12261944582283.621
70200.0,1.676354660085403e-05,1.9742567564798445e-20,4.3205914307396873e-29,3.443687338435543e-35,1254641.0304201772
70300.0,6.298912788093887e-05,3.935522412885563e-18,3.9129653486642648e-25,4.003362936141467e-27,97.74195872522291
70400.0,1.5941449276532246e-05,1.6145489451940667e-20,3.408170717708412e-28,4.667631610256874e-30,73.01713164807472
70500.0,0.00011330478799320213,4.120340041079866e-17,5.192516995322656e-24,3.1986757027881004e-25,16.23333365991632
70600.0,4.3038776820009814e-06,8.57787451486712e-23,5.450777618344713e-27,4.1729001186842346e-29,130.6232467424456
70700.0,0.00023366092080925993,7.452197290931533e-16,3.2104210962565675e-23,1.4793848340878675e-23,2.1701054534846516
70800.0,3.040321982272453e-06,2.1360839996614376e-23,1.2504730762679227e-25,1.058314070469933e-28,1181.5708693286706
70900.0,1.186033135308244e-05,4.946833561991517e-21,1.0578378572231915e-28,5.197811679282511e-34,203516.0029824728
71000.0,8.080589462673806e-06,1.065889490147815e-21,7.128256472086593e-24,6.521869848912249e-26,109.29774186271872
71100.0,2.0890503529732536e-05,4.7614106694912434e-20,8.279504948921483e-27,8.804995075972545e-28,9.403190890492327
71200.0,4.4659134910110204e-05,9.944460639601644e-19,4.7629850516027077e-23,5.720591156193726e-24,8.326036455945273
71300.0,1.3728549461236484e-05,8.880524557983416e-21,8.581872965590102e-26,2.1221799825311948e-27,40.43894974145508
71400.0,2.3044438783728923e-07,7.050250570920143e-28,6.965517768946558e-29,2.1778326113226647e-31,319.8371506025059
71500.0,3.029183053507039e-06,2.104951447057531e-23,7.162182105298469e-24,2.0641512148571775e-26,346.97952619687476
71600.0,1.8554619451941258e-05,2.963113007280761e-20,8.354675291937483e-27,8.538826434912964e-28,9.78433670671354
71700.0,0.00011225598767891855,3.9698863144298235e-17,5.06894815277786e-23,8.979137731698788e-30,5645250.473086185
71800.0,1.6572044689007032e-05,1.8855775195204864e-20,1.119713544393671e-25,9.497702793722356e-32,1178930.914887926
71900.0,5.083806878247341e-06,1.669921999721411e-22,9.184216638993365e-29,4.450778665238922e-30,20.635078330726987
72000.0,4.3417179584966514e-05,8.883547734968499e-19,3.7788465770990836e-24,4.892387510537355e-25,7.723931452608982
72100.0,4.2313898024260355e-07,8.014420938577965e-27,3.917741290976132e-27,9.913346837219511e-30,395.1986503959522
72200.0,0.0001845181056204388,2.8979838276661304e-16,2.1145460596111163e-23,6.71382597385313e-24,3.149539573778314
72300.0,4.135150892644043e-05,7.309799340665006e-19,4.2225426594263124e-26,2.4824680730459074e-27,17.00945404000862
72400.0,2.7836009389494223e-05,1.5009558088807747e-19,2.0814646810086138e-24,2.3936076725335183e-23,0.08695930853219082
72500.0,2.3073666268766742e-05,7.086086279571747e-20,4.3044993312762654e-26,6.673402259835805e-27,6.45023207604778
72600.0,9.5612355338889e-06,2.0892772536812314e-21,3.9405773033241757e-29,1.505568006552022e-35,2617335.9729851675
72700.0,4.743670950861299e-05,1.265896599699678e-18,1.314632647987272e-25,3.718904233942154e-26,3.5350000034653237
72800.0,0.00018565544045852505,2.9700976628406914e-16,1.955474193108982e-23,5.727065262991073e-27,3414.443704257173
72900.0,5.1442213190739435e-05,1.7507276398981617e-18,1.2685773451715654e-25,1.1617992336893148e-27,109.19075416698071
73000.0,5.061820416952562e-06,1.6412205323395237e-22,1.089688520897704e-28,9.019639324736774e-30,12.081287085495575
73100.0,8.510027870384521e-05,1.3111848974669292e-17,1.3285729003081892e-24,8.277324588430687e-26,16.050752705350604
73200.0,1.4070481941238097e-05,9.798867859782761e-21,1.231688493033459e-27,3.4816091708886757e-34,3537698.8989234315
73300.0,0.00016847140632937003,2.0139320502018317e-16,1.9036656786239307e-23,7.806238591861699e-24,2.4386465468895286
73400.0,3.724821621654297e-05,4.812402315879613e-19,2.970742166313526e-26,1.1789197937106423e-28,251.9884882891935
73500.0,8.280075304600295e-05,1.1751063009000586e-17,2.5183834706264523e-23,3.450040943477781e-22,0.07299575604710998
73600.0,5.855373859620446e-05,2.9387221533397847e-18,2.7468754241404298e-25,2.8370995419458195e-27,96.81984659080697
73700.0,1.1867717921349343e-05,4.9591685541490434e-21,2.3717113440749643e-28,8.499919334482474e-35,2790275.119968969
73800.0,5.232590749814538e-06,1.874161815245704e-22,4.097944386304132e-24,2.2024346114580106e-26,186.06429289591009
73900.0,1.2047010158222196e-06,5.2657121515877595e-25,4.274028160198936e-27,5.6086202251415434e-30,762.0462767366413
74000.0,8.552512443935188e-05,1.3375649125988483e-17,2.30790910746014e-25,2.266472257556451e-27,101.82825312622019
74100.0,9.609667718029894e-06,2.1319327074256228e-21,4.044318749230854e-28,2.3524361148124308e-29,17.192044977397074
74200.0,0.00012505242567245226,6.113761457634481e-17,7.130091008225677e-24,2.039447913955898e-24,3.4960887990493013
74300.0,3.6153944741220636e-06,4.271326481504508e-23,8.024016830490649e-27,4.7521984015516136e-29,168.84852340909782
74400.0,0.00014974742243546046,1.2571220139933369e-16,5.319452321224459e-24,2.473014055480102e-24,2.150999631173451
74500.0,2.2067712032111912e-05,5.928833320458198e-20,1.2368748966241738e-26,9.94479933569968e-35,124374042.63996159
74600.0,0.00011879855481368353,4.979487409243135e-17,3.2313389001148747e-24,1.9030135910226507e-25,16.980114673686604
74700.0,4.69551319351252e-06,1.2152685792063468e-22,4.588459924536443e-27,2.1911766687815766e-30,2094.062058030171
74800.0,0.00022315045395386468,6.199135187391283e-16,3.008413898844375e-23,1.500764073716943e-22,0.20045881638100752
74900.0,4.536292318851472e-05,1.0586298599398308e-18,1.5149456455481933e-25,1.0476394614986203e-28,1446.0563020231252
75000.0,1.2658188624763161e-05,6.418392335838585e-21,1.2622308136124701e-28,4.1326805991280947e-32,3054.2665549299245
75100.0,3.307965142083178e-05,2.993530632904265e-19,8.0583783881413e-25,1.2457980110627254e-30,646844.6984649716
75200.0,6.613747213309413e-06,4.783330343305165e-22,9.321585507775914e-28,9.7241240383349e-29,9.586041345243974
75300.0,6.952484124456651e-05,5.84117250251926e-18,1.0023407584858132e-24,3.4988483119551805e-25,2.86477340289639
75400.0,1.7696951350683027e-05,2.452075492139991e-20,9.485861980978348e-28,1.708606484412594e-31,5551.811998559468
75500.0,0.0001293326086579045,6.994749380075729e-17,7.537096659020185e-24,5.537858368312197e-25,13.610128966366661
75600.0,1.0003135132393843e-05,2.50313660706029e-21,9.303522779527815e-27,5.381260768514822e-32,172887.4176468408
75700.0,6.44396706471919e-06,4.310754169370456e-22,7.362445673086847e-30,2.33925756332747e-37,31473428.956724875
75800.0,1.293977939101972e-05,7.008861809533314e-21,3.970665616578062e-25,2.8681520016056586e-29,13843.986003374963
75900.0,9.355582763661213e-06,1.9152408183782317e-21,3.517405187409583e-28,2.6177251021529406e-29,13.436877632860314
76000.0,0.00011983086201147026,5.154834690082611e-17,5.878480878552843e-24,7.678841807302019e-25,7.655426464135303
76100.0,3.8374413654992e-06,5.42134467488023e-23,6.36898161230588e-27,3.909248733978438e-29,162.92085885832532
76200.0,0.0002171927246900725,5.563154265360916e-16,4.2743754550311615e-23,2.969907474224647e-22,0.1439228491839488
76300.0,9.601349810933541e-07,2.1245608782215444e-25,2.0843004261302663e-25,2.9514730590275457e-28,706.189887031191
76400.0,3.950925834604268e-06,6.091658069755233e-23,1.757519167235688e-28,3.6625176307474216e-32,4798.664045958532
76500.0,3.2079861545672764e-05,2.647707158407643e-19,5.03701385360325e-25,8.67332188181016e-33,58074794.43564711
76600.0,7.083358575681378e-06,6.293567840701338e-22,5.127243488180701e-28,4.3995978628583404e-29,11.653891214615744
76700.0,0.0001485666991720053,1.2179400344024676e-16,1.6312163872635213e-23,1.4127111394099907e-23,1.1546708607003608
76800.0,3.2270308363181826e-05,2.7111432811075145e-19,2.29649237411435e-26,2.020265453846974e-27,11.367280323194098
76900.0,5.9968731833359646e-06,3.233251353742196e-22,1.802929542392487e-29,6.582228359292255e-35,273908.68927348254
77000.0,8.061535344424602e-06,1.0558714774740694e-21,4.298536907136017e-25,1.237535346160377e-28,3473.4659664249725
77100.0,4.698819160615348e-07,1.2186947290766509e-26,3.712248299235876e-28,9.809752962873763e-31,378.4242389472338
77200.0,7.592047705020583e-05,8.305690085646772e-18,5.206922029206173e-24,6.685621578800712e-28,7788.239235251792
77300.0,1.759661070854367e-05,2.396934207895366e-20,5.409245603865083e-27,4.2808137310292675e-28,12.63602189615594
77400.0,4.6027736586382164e-05,1.1220662111698458e-18,5.425584725027321e-23,8.905006659360903e-26,609.2735168618848
77500.0,1.1356462665958884e-05,4.158266492752535e-21,1.550479155833796e-25,6.108259524295035e-30,25383.321544654566
77600.0,1.3983740311986398e-05,9.559461082897985e-21,1.287385273548265e-28,5.857478079551618e-32,2197.8490675748503
77700.0,7.286954158501014e-05,7.04894559132292e-18,1.1540300828553328e-24,3.2919550301853132e-25,3.5056070701864033
77800.0,1.9702161560064808e-05,3.766999067809009e-20,1.0445621595155367e-27,3.935296559737469e-30,265.4341658015277
77900.0,0.00014814240209043447,1.204086086506769e-16,1.4633603380075666e-23,3.825753903507333e-24,3.8250247530715527
78000.0,1.5137822433813626e-05,1.312785089377979e-20,1.8031224354513533e-26,1.1242028790219443e-34,160391195.3169937
78100.0,7.86342039487273e-05,9.558417300320777e-18,2.604500888620117e-23,3.597885235226753e-22,0.07238977116667177
78200.0,3.777869474997857e-05,5.092462090974726e-19,3.237566467009939e-25,1.0280779710109568e-30,314914.48686778976
78300.0,1.103214252016842e-05,3.70321957509744e-21,2.7370270079217915e-28,2.0624114088308706e-35,13271004.011141228
78400.0,0.00013579658499419372,8.501496934081895e-17,1.0543803196670184e-23,2.5745761713509205e-24,4.095354922491062
78500.0,2.9502617009515193e-05,1.8940095941535377e-19,1.205057066951109e-26,1.3497092601783765e-29,892.8271461898762
78600.0,0.00011250364709396476,4.005035910310876e-17,7.210243562070345e-24,3.5295844445078483e-23,0.2042802396551165
78700.0,2.9989187309278013e-05,2.022082151468639e-19,2.3726911556172505e-26,4.6230704340539505e-31,51322.84245854866
78800.0,4.4942474468872514e-05,1.0199242790671198e-18,3.042123098782975e-25,4.720831430627829e-25,0.6444040935345152
78900.0,4.137832553423969e-06,7.328779522333918e-23,4.932219792942505e-28,1.1140999226436375e-29,44.270892517781405
79000.0,1.4768583728849537e-06,1.1893109207686612e-24,3.5728837645346595e-31,8.482060327674694e-39,42122828.96500153
79100.0,3.1645198014535425e-05,2.507097817658379e-19,1.9034106375298957e-24,1.5847525437312232e-25,12.01077508951907
79200.0,3.7237924967914724e-07,4.8070860766060735e-27,1.9121061427506412e-27,6.729232419930212e-30,284.1492199151105
79300.0,1.4050646201587245e-05,9.743729118626263e-21,2.312869593859752e-25,1.8856690158439196e-27,122.65511998268909
79400.0,6.243237486681202e-06,3.7982139998706267e-22,3.2903147628754488e-28,1.3967961286208974e-33,235561.5608789011
79500.0,1.1439804221315805e-06,4.281681683096182e-25,2.3715840079779855e-31,6.220161974459938e-39,38127367.38553978
79600.0,0.00012715583302576452,6.535595396486721e-17,2.0881304874224773e-23,8.299708021322428e-26,251.5908369376308
79700.0,5.495222680819519e-05,2.2797183350538013e-18,3.299305940908226e-25,7.892345276513847e-28,418.0387230049789
79800.0,1.2442880037864364e-05,5.992715565042137e-21,2.8221770110368532e-28,1.2042485601366642e-29,23.435170316637773
79900.0,9.990834037578087e-05,2.4908466321091485e-17,1.1120452805403371e-23,3.786026810647126e-27,2937.235619708306
80000.0,2.9281341832028764e-05,1.837823951071221e-19,1.4610858278485515e-26,1.3381515102190993e-27,10.918687582763509
80100.0,0.00016545805949428754,1.873664010878324e-16,3.954221871331308e-25,3.9305346904738983e-29,10060.26452562502
80200.0,2.9119646819836783e-05,1.797564248395971e-19,4.978097231170637e-26,1.0046217188684935e-26,4.955195709662213
80300.0,2.73206857632688e-06,1.3928565579740392e-23,4.224224190485987e-29,2.4465836552902375e-30,17.265807287447398
80400.0,1.406231945458775e-05,9.776149787632614e-21,7.92869128590807e-26,3.9595114169863865e-30,20024.41829538316
80500.0,2.849733521161251e-05,1.6487583675677943e-19,7.905831537981552e-29,1.8520641686933652e-31,426.86596240124504
80600.0,2.524788476888934e-05,1.0158743768131576e-19,7.4081943818551e-26,5.132909813821479e-38,1443273825288.5178
80700.0,7.793982309486985e-06,9.22523995994044e-22,6.395492356837844e-29,1.4744770528762684e-37,433746482.8199348
80800.0,7.923005930907619e-05,9.85144490310972e-18,1.8005669523506598e-24,7.665408287055665e-27,234.8951138573037
80900.0,1.2303192856300225e-06,5.728109819775797e-25,1.7318080480494558e-27,6.503188083046456e-30,266.301393398756
81000.0,0.0001492802903692751,1.2415090603478865e-16,1.5667736987916125e-23,1.142496769314064e-24,13.713594128868104
81100.0,2.350745773854385e-05,7.63418473058012e-20,2.120679569949236e-26,3.9660560503975376e-32,534707.4128558192
81200.0,3.5775151582931146e-05,4.0951134609787463e-19,1.1514219180352466e-23,1.58802494164704e-22,0.07250653864674411
81300.0,3.422984006963109e-05,3.4320964868757885e-19,3.068922198648822e-25,4.099914669892151e-26,7.485331880649971
81400.0,5.1957907494921715e-06,1.8219926395042076e-22,2.597789634975561e-28,1.402673652049447e-32,18520.27113491388
81500.0,2.3465452229525498e-05,7.5797646715293e-20,3.5020099719587464e-26,1.4751898610973106e-26,2.3739384768776803
81600.0,6.055071115712717e-05,3.3606013812115316e-18,2.498876757149922e-24,2.4061326096456676e-24,1.0385449027757088
81700.0,2.962055041704208e-05,1.9244760310681233e-19,3.90974867954149e-27,8.678990275782438e-29,45.04842793119749
81800.0,2.6660197382514303e-05,1.2629712092516864e-19,6.908922900213895e-25,7.307421065322258e-26,9.454666480080837
81900.0,9.150550768198822e-07,1.7527862116276193e-25,6.979176143618073e-28,2.266672803350292e-30,307.90399625840973
82000.0,7.943508456588884e-05,9.953812543401838e-18,1.0238710993444768e-23,4.398147436549769e-24,2.327959928846034
82100.0,7.285581207577707e-07,7.043634663683193e-26,1.1840747362558489e-26,3.197908387001436e-29,370.26537128729734
82200.0,7.073581268596967e-05,6.258891150716733e-18,2.124761930230484e-24,8.732174429707951e-27,243.32563983167557
82300.0,1.9235857294767837e-06,3.422836816782789e-24,2.0347167670994312e-26,7.584254458099793e-29,268.2817115829236
82400.0,9.676882756238131e-05,2.192208844547746e-17,2.267359903990203e-24,1.4582729332479297e-26,155.48254735416637
82500.0,2.141501261897961e-05,5.2579124124425076e-20,2.9242192226312256e-27,1.759800824493826e-31,16616.762430897958
82600.0,0.0001484178399912646,1.2130660148282605e-16,2.1118280897447177e-23,6.216059832856386e-25,33.97374134949883
82700.0,1.8246416556419154e-05,2.7710882071172996e-20,2.9109017170714366e-26,1.8295051714264634e-27,15.910869029147424
82800.0,3.6385352554391684e-06,4.3817375171122055e-23,4.972445133819153e-25,3.560627573891111e-24,0.13965080679261227
82900.0,1.431696183693266e-05,1.0503728265955338e-20,4.765421628692821e-27,1.213323399542428e-31,39275.774541972656
83000.0,6.686586500658515e-05,4.997558395814681e-18,1.7156781758287e-24,8.650565697992786e-29,19833.132719017365
83100.0,1.4631464918374401e-05,1.145753651600546e-20,1.9448775007124977e-27,1.9152349432380393e-39,1015477243446.8757
83200.0,9.090239562281706e-05,1.7070306672130523e-17,3.55397320511697e-24,2.2985596579188113e-24,1.5461740106997484
83300.0,2.393134257660883e-05,8.19989447765337e-20,3.968983027154821e-27,1.5203440719620033e-30,2610.5821046369133
83400.0,3.992084361206372e-05,6.349490091039816e-19,2.008314666736453e-23,1.755656689036468e-24,11.43910810853714
83500.0,3.022779891906051e-05,2.0872098078761683e-19,2.7947951822775026e-26,3.2489939817753296e-27,8.602032499765846
83600.0,1.3796881537545185e-06,9.058655633709645e-25,2.2548551283870976e-29,4.1127769398224555e-30,5.482561202272344
83700.0,1.4499240565692005e-05,1.1048950576465964e-20,5.058608992057297e-25,8.717662317434429e-27,58.027127088194256
83800.0,1.5642714365145993e-05,1.4968851137540397e-20,4.354346311973773e-28,4.7798329748985334e-30,91.09829433038311
83900.0,9.697340217506267e-05,2.2108055116010907e-17,1.9892922036611524e-24,3.204206927331083e-26,62.08376202838174
84000.0,2.3130829142031513e-05,7.156568150418647e-20,2.398370353997932e-27,1.3902487676885975e-30,1725.1375507316
84100.0,0.0001843634719673238,2.888281520834423e-16,3.068120901813538e-23,2.161339141168277e-23,1.4195462634129297
84200.0,1.0097558761911674e-05,2.5989957267242596e-21,5.1660349839377456e-26,8.988232652466253e-28,57.47553700137316
84300.0,1.5909703063300703e-06,1.6017262942191885e-24,4.121313321853577e-29,9.891402426665189e-33,4166.561165020809
84400.0,7.169667698690825e-05,6.605962714523896e-18,4.176764019982415e-25,8.672554736823677e-27,48.16071096383941
84500.0,9.241511381012826e-06,1.823526249902566e-21,4.131788670670044e-28,1.2477533664827154e-34,3311382.506878838
84600.0,5.9633821581778755e-05,3.1616265880045687e-18,3.911215218579278e-25,1.5525463327283896e-25,2.519226084355143
84700.0,4.394585129078286e-06,9.324199041385723e-23,3.8959754155179777e-28,2.738555854119403e-29,14.226386544782558
84800.0,5.217536525903738e-05,1.8526867730781913e-18,7.339777256975275e-25,5.388809280938905e-29,13620.406428071708
84900.0,2.9298824906256417e-06,1.8422171378063698e-23,6.69972947455027e-28,5.5536760315390205e-31,1206.3594340942602
85000.0,4.4843163436931344e-05,1.010939060276312e-18,2.7552026597320166e-24,3.8292139477600776e-25,7.195217340477122
85100.0,4.221705107181541e-06,7.941299659856987e-23,2.693915362975699e-27,4.456683263064797e-31,6044.664168310521
85200.0,2.749762194248502e-05,1.4292906587481765e-19,1.9867667410620276e-23,4.652336484510551e-27,4270.4708648584465
85300.0,2.4380727506267502e-05,8.833374657274433e-20,2.725414571511462e-26,3.154309985117834e-27,8.640287683740919
85400.0,0.00015713072472491453,1.523998231371064e-16,3.9476558835422975e-27,5.597193586859288e-26,0.07052920043377339
85500.0,2.420454936575713e-05,8.580804641512762e-20,2.9188801028624662e-25,5.2932490797882736e-33,55143448.92644311
85600.0,4.46230881397061e-06,9.91239267245385e-23,2.5201529724339855e-28,1.0434422209762734e-29,24.152300163549647
85700.0,4.3617960197213636e-05,9.049017249170586e-19,5.910130431777659e-25,5.893359329347484e-32,10028457.627463268
85800.0,1.820288189232473e-05,2.744736221085698e-20,5.966490269224223e-28,1.2064570436019096e-31,4945.464325369686
85900.0,0.00012547293316493647,6.196410923932723e-17,7.379039529973852e-24,4.64962864521746e-25,15.870169626479361
86000.0,7.243837172099437e-06,6.883585754857568e-22,8.62992747314361e-27,1.3172965132681358e-28,65.5124141468595
86100.0,8.111686662440459e-05,1.0823922508390773e-17,3.9794963806967227e-23,5.2003981251532456e-23,0.7652291776371362
86200.0,5.220739482205662e-05,1.8572402946282446e-18,1.2406847912125034e-25,2.592775449306703e-27,47.85160980848755
86300.0,6.87789663426793e-06,5.59451686399759e-22,1.0379995801806492e-28,2.0455024428338265e-36,50745457.86132678
86400.0,6.245428174399377e-05,3.803547823083414e-18,3.432878981709932e-24,5.334170962865091e-29,64356.37338226714
86500.0,1.7271473843249717e-06,2.2246290573925106e-24,3.399422804675458e-27,2.3217647033142046e-30,1464.154743942377
86600.0,6.950182050156609e-05,5.833439936337656e-18,1.899144357926085e-25,1.4704226195009895e-25,1.291563617656119
86700.0,3.5419829833250937e-06,3.934829241975534e-23,2.9960258869105006e-25,2.6771461269065575e-24,0.11191118246400725
86800.0,2.1468766411643315e-05,5.3109030269455063e-20,1.7481765905954903e-27,9.436007017664402e-29,18.52665632107805
86900.0,1.6669617961800222e-06,1.9303790489840904e-24,1.3011654629162579e-30,5.223165742827889e-33,249.11433543975383
87000.0,4.4814525008184924e-05,1.0083590474975415e-18,7.090689541703884e-25,1.1190250898855297e-31,6336488.436045008
87100.0,1.2398766759805323e-05,5.908183425399887e-21,7.202133387263291e-28,6.827663279501661e-42,105484601282050.36
87200.0,9.264917962220621e-05,1.8420708124387888e-17,3.630051450312891e-24,1.8749257425547064e-24,1.9361041175778586
87300.0,6.282609900250473e-07,3.894936539297795e-26,3.820518483902285e-27,7.598129857611157e-30,502.82353098706466
87400.0,3.9765090317479796e-05,6.250977007047497e-19,3.7033227393601755e-23,9.171521121388843e-26,403.78500908902464
87500.0,4.278247070081462e-05,8.375359451943315e-19,1.009871045699007e-25,1.5352678242882505e-26,6.5778167803860725
87600.0,3.1765597840801937e-06,2.5454709322733086e-23,8.421162423094251e-29,2.719777094974175e-32,3096.26933716574
87700.0,1.979325040469585e-05,3.8371474179591065e-20,1.9109497514220238e-24,4.0392136328727195e-26,47.309945081140505
87800.0,1.4668993148766428e-05,1.1575539242347084e-20,1.768630885639907e-27,3.810006767914933e-34,4642067.569364999
87900.0,0.00017141164144825595,2.1582475855577493e-16,2.5345998073195143e-23,1.4650052491022968e-23,1.7300960586131873
88000.0,7.124026792050208e-06,6.439352282688301e-22,3.7390929346026797e-26,3.8521397040201166e-28,97.06535125661563
88100.0,1.981754978862056e-06,3.8560249965424685e-24,3.037975918033413e-29,2.0979629555936292e-30,14.480598477363499
88200.0,3.0295817035811715e-05,2.1060597388974817e-19,4.959858956066224e-25,4.347507736203581e-26,11.408510937803122
88300.0,6.074084772137972e-06,3.403011399092403e-22,4.324944828255986e-28,2.3561931425049203e-29,18.35564644610604
88400.0,9.621490129856409e-05,2.1424434296411968e-17,2.4912519201186777e-24,5.611921328338405e-26,44.39213906186912
88500.0,1.1934179797388616e-05,5.07119504934561e-21,2.6124471984719573e-27,3.5547897073692606e-35,73490907.01641846
88600.0,0.00011969893269298466,5.1321710277731974e-17,4.816800026776942e-24,7.354421175581116e-26,65.49529747861277
88700.0,2.9003960954709577e-05,1.7691687351809226e-19,7.373246231022773e-27,4.094293370209596e-28,18.00859284943062
88800.0,9.935994584108233e-06,2.4366064701879175e-21,8.153239286398359e-25,1.5193177343691335e-25,5.366381963404008
88900.0,6.980660677380521e-06,5.93644051435725e-22,1.501128570246584e-27,6.437927712241057e-31,2331.6952866562056
89000.0,9.081115598230189e-05,1.7001875238527345e-17,6.514684837927151e-24,5.29333429511882e-27,1230.733687825948
89100.0,2.035559791210428e-05,4.292155652551409e-20,7.18010321144304e-27,5.905831965896388e-28,12.157649003400394
89200.0,7.16472794442622e-05,6.587776028417112e-18,3.8686072481228075e-23,6.276440352242719e-23,0.6163696348584693
89300.0,5.5461889024888825e-05,2.365476504525234e-18,1.6398764955250012e-25,4.9231678278513665e-27,33.30937625664282
89400.0,1.1485151301806095e-05,4.349976311978045e-21,1.4062025104942595e-28,2.6203931982515793e-34,536637.9791523381
89500.0,2.8386197827438447e-05,1.6231883203926178e-19,3.625404141914484e-24,3.178029278256171e-29,114077.11586294112
89600.0,1.0851148637714633e-05,3.466114127019464e-21,3.737383027705632e-27,5.3881856408289905e-34,6936255.1271166345
89700.0,0.00012361804936296858,5.8380465565865e-17,2.674762509125795e-24,1.1661791328484383e-24,2.2936120479128985
89800.0,1.1827265659919536e-05,4.8918982609797354e-21,4.458315489343964e-27,3.906456403316498e-28,11.412684615036147
89900.0,0.00011698700759381141,4.6826374909199054e-17,2.202371390593266e-23,2.3572556302285515e-23,0.9342946782482524
90000.0,3.9587803313833875e-05,6.14024392572408e-19,3.1968562305689444e-26,9.80014450598508e-28,32.62050093870128
90100.0,0.00026849088528178573,1.299146705003238e-15,1.9311575327059488e-23,1.4611586301209916e-24,13.216617914688968
90200.0,1.9030740708186588e-05,3.279161278232151e-20,2.2974907723849176e-25,8.828993512621438e-27,26.022114175308346
90300.0,1.2168913337970513e-05,5.482103134776658e-21,1.9109835386225928e-28,2.2937152022369325e-33,83313.8977654644
90400.0,9.137188473925974e-05,1.7425704361680226e-17,3.7956550599605675e-24,1.697918068026521e-24,2.235475981695767
90500.0,2.5080201145314543e-05,9.891543601240373e-20,3.7984333410595855e-27,6.392849055949073e-29,59.416909547157694
90600.0,3.4223126977260155e-05,3.4294048933720426e-19,3.7114523716740365e-24,2.2851673728583905e-28,16241.490298505287
90700.0,2.702326715600902e-05,1.3331880974964874e-19,5.1378521369336225e-27,2.325462275237455e-28,22.09389587456968
90800.0,2.7905657321815872e-05,1.5160343307281272e-19,2.6575551077469535e-23,9.667820735951812e-25,27.48866761528045
90900.0,2.264369135216237e-05,6.572474576441699e-20,3.6475416931277035e-26,1.8496223519498244e-33,19720467.203927107
91000.0,9.241978094275059e-06,1.8238946434790573e-21,2.8545429845575564e-29,7.903785153766722e-33,3611.615104690898
91100.0,9.893772352416265e-05,2.395453044156508e-17,3.1091216984319465e-24,1.1148746365202348e-24,2.7887635045104164
91200.0,2.762085684200688e-06,1.4550857796773214e-23,3.1992523035508906e-27,2.137236738309571e-29,149.69105884270508
91300.0,0.00014585938594960452,1.131559857457148e-16,3.1164325492088797e-23,1.842587059970278e-28,169133.5306164122
91400.0,6.731930872779335e-06,5.1345052193763985e-22,1.226110757900873e-25,1.0261686222319378e-27,119.48433535553417
91500.0,1.0177873791146854e-05,2.6826761818823315e-21,1.0184764276520334e-28,2.5473588320091387e-30,39.98166315849371
91600.0,3.218827313812434e-05,2.683679943074843e-19,2.1626917212196062e-24,2.7766194133211436e-31,7788938.2709198445
91700.0,2.0837615532360187e-05,4.713376060494038e-20,2.0601829890121387e-27,1.1882842387062783e-30,1733.7459522774816
91800.0,7.16006807189501e-07,6.570654227815651e-26,2.1158325846590187e-25,5.513936148921842e-27,38.37245349808293
91900.0,0.00020614265422865203,4.514518769901027e-16,2.4508026028514573e-25,2.1346262052784973e-26,11.48117921906477
92000.0,4.73321042997003e-05,1.2547674960422147e-18,9.245542267250102e-26,2.8969736389676954e-28,319.1448531973749
92100.0,0.00012960699060553872,7.054296594430529e-17,3.1653712941517355e-26,4.495707595919566e-25,0.07040874493316064
92200.0,1.1929057018133938e-05,5.062493356917124e-21,4.7053527772140093e-26,2.037204507376768e-30,23097.10566698537
92300.0,3.200752870618724e-06,2.6239078772065615e-23,4.0911348610530544e-29,2.6055241567184573e-30,15.701772906245699
92400.0,6.668717355033786e-05,4.944350522742109e-18,5.668963585662698e-25,4.231934645122297e-27,133.95678480518862
92500.0,1.697119087632861e-05,2.0739070159185285e-20,5.117117302878324e-28,4.923210648399614e-31,1039.3862193448383
92600.0,4.1241558826710865e-06,7.232364358530424e-23,3.759824840594715e-31,2.2873610405245408e-39,164373912.73100057
92700.0,2.150764847522283e-05,5.3494819611427515e-20,3.0998934803904235e-25,2.765928378323832e-31,1120742.49813691
92800.0,1.63257176455048e-05,1.7759434508451602e-20,2.7571495673590056e-28,3.9722250396316987e-32,6941.070910762513
92900.0,2.8414860448505946e-05,1.6297542361677715e-19,3.9802067077425644e-25,5.175727676508758e-26,7.69013935143392
93000.0,1.0645345718409967e-05,3.2105474232821796e-21,3.741896530965729e-28,2.3035610764457015e-39,162439649168.72617
93100.0,3.425242205545231e-05,3.4411622941746947e-19,1.6768421335775127e-26,4.552742804798413e-31,36831.47073035153
93200.0,0.00014781897025565878,1.1936051909448714e-16,2.1360223739521132e-23,8.769293194282786e-26,243.57976482582552
93300.0,4.067442370835182e-05,6.842670730613183e-19,4.312018008018761e-26,2.0295626009526974e-28,212.46045852414977
93400.0,4.453829881668708e-06,9.837268098821821e-23,3.467555177758111e-29,4.516667958337573e-34,76772.4174046745
93500.0,2.5975908065079376e-05,1.1382114833557585e-19,1.0512960625093946e-24,5.087315934224334e-26,20.66504373036715
93600.0,3.477276304897623e-06,3.655079380212991e-23,9.54932885360642e-28,2.156272947669489e-31,4428.627119737966
93700.0,2.7099954006361165e-05,1.3483859663842755e-19,2.1443113021952793e-23,1.2661535994016966e-26,1693.5633269206392
93800.0,8.302915913600852e-06,1.1881261853071122e-21,3.338048855733141e-26,5.220088916776638e-28,63.94620683577089
93900.0,5.682947004901696e-06,2.6075607379730714e-22,2.7264395062732373e-29,3.1725427436272144e-34,85938.62168602523
94000.0,3.264178531853744e-05,2.8381518331130097e-19,8.27518628206033e-26,2.315091326972764e-26,3.574453493755274
94100.0,0.00018733780811499185,3.0792272899646784e-16,1.6062889083436667e-23,4.528347112139536e-24,3.547185912576241
94200.0,1.625105875351816e-05,1.74367945484761e-20,4.034481939407229e-26,3.5671074779941213e-32,1131023.3751846256
94300.0,2.8497494580709837e-05,1.6487952500811956e-19,6.599675665039642e-24,2.958244643943747e-26,223.09431637274486
94400.0,3.40298392530002e-05,3.3525834682412843e-19,1.5990108052688906e-26,2.0663221443595512e-29,773.8439089150341
94500.0,0.00010914792505032356,3.548149779979822e-17,3.115102309104279e-23,6.391792334539344e-23,0.48735974920073566
94600.0,2.794748737290495e-05,1.5251448166668005e-19,8.043465614680174e-26,1.0868174736361353e-26,7.40093512461607
94700.0,2.262756356945524e-05,6.55376980819724e-20,6.856587520918912e-29,6.367006744656252e-33,10768.933968341655
94800.0,6.473828028290306e-05,4.3912144096760234e-18,4.775826604572819e-25,5.339558137305433e-27,89.44235612317733
94900.0,5.3658131759455916e-06,2.0724411116022163e-22,4.146206696097988e-28,2.6956879543392366e-33,153808.85200098393
95000.0,0.0001881358440284959,3.132032018199414e-16,2.405419038765763e-23,1.4206058880680975e-23,1.6932345972723843
95100.0,4.105152737391733e-05,7.099982685083473e-19,4.771511351180126e-26,2.0104689303641704e-28,237.33325489968294
95200.0,2.5161955500374286e-06,1.0021150130107657e-23,3.9114886025103497e-29,2.2872870492600783e-30,17.10099571357119
95300.0,2.2006929092836905e-05,5.863781584479674e-20,6.061679895142521e-25,1.202074246559434e-30,504268.3438641337
95400.0,8.747156309485898e-06,1.4635499795728592e-21,5.370035408607367e-28,3.438603832543463e-29,15.616906367010197
95500.0,6.253598129124069e-05,3.8234893493279764e-18,1.273008935700235e-23,3.246826833195784e-24,3.9207786589814493
95600.0,1.6271975783396786e-06,1.7526740866564568e-24,1.5988248678020143e-26,1.8414510466844813e-29,868.2418523591417
95700.0,6.50667728049546e-05,4.481022007341932e-18,4.9003105736122656e-23,1.1685828071193765e-25,419.3378974735912
95800.0,2.6886366089028744e-05,1.306376741544536e-19,2.1952894382567613e-25,1.055119638190391e-37,2080607126241.9556
95900.0,1.4823929613530516e-06,1.2072393574719881e-24,1.8457292139463071e-28,1.120111012161502e-30,164.78091848990613
96000.0,0.00011018214598484753,3.6845539136297043e-17,3.711752485683886e-24,4.574607124968039e-25,8.113816955832723
96100.0,1.677070017169571e-05,1.977628842019327e-20,3.987913477135951e-27,3.6879901263493014e-28,10.813243367013946
96200.0,0.00012727620499869584,6.560378225416562e-17,2.7095667792311957e-23,3.513638045926231e-23,0.7711570582441499
96300.0,3.5142909898083104e-05,3.8132114184010286e-19,4.2276827887628627e-26,1.8324279834581905e-29,2307.148126380555
96400.0,9.690553079957626e-06,2.204622663462284e-21,3.4105005577150404e-29,4.862413481665485e-34,70140.07695098089
96500.0,1.2069579021229905e-05,5.305282304611916e-21,3.22513086635123e-24,1.647982575927027e-27,1957.017576194349
96600.0,2.3555571382628454e-05,7.696877628757139e-20,3.346168625827609e-27,2.436037085851926e-30,1373.6115288480487
96700.0,0.00014165903095774942,1.0067394220387189e-16,1.6656098388295344e-23,3.1154640975134366e-25,53.46265553690435
96800.0,2.8767076195403564e-05,1.7120754638321937e-19,2.4060599542521328e-26,1.4572585983354616e-30,16510.86469484846
96900.0,9.228557092851471e-07,1.8133232167778367e-25,1.9990644117807495e-29,3.1830969352212876e-30,6.280249871315261
97000.0,3.722771360382114e-05,4.801815458652747e-19,3.8013522423301368e-25,2.012257864333962e-31,1889097.9678632526
97100.0,1.1298727775468729e-05,4.074348646027216e-21,3.3339804839733084e-28,2.2999692824819318e-29,14.495760918926532
97200.0,5.7464371947312215e-05,2.7260553314190543e-18,7.451172726895067e-25,1.8329336739233223e-29,40651.62222125651
97300.0,2.0710852888656035e-05,4.599725808931662e-20,8.010030019121266e-28,1.740135436363731e-30,460.3107236215707
97400.0,3.559364297407864e-06,4.0126360281802994e-23,2.306630064107568e-24,1.035681690296905e-26,222.71611883437976
97500.0,2.3084118572872642e-05,7.098934913252977e-20,2.2797053922150915e-27,2.074034470719876e-29,109.9164659217949
97600.0,6.782729099431683e-05,5.2912453016232586e-18,2.2724162132765002e-23,9.986075876012101e-32,227558476.57187843
97700.0,1.0762008189439147e-05,3.3536156019781564e-21,3.5559637767861463e-26,8.239245863351458e-28,43.158850163741754
97800.0,8.907278291616908e-06,1.5736932924448687e-21,2.8686703762522377e-29,2.0416128306918613e-31,140.51000920091707
97900.0,1.2421220288833265e-05,5.951097487859252e-21,8.552508172615414e-25,9.384013315765908e-27,91.13913082632249
98000.0,4.233530777893176e-06,8.030653624848434e-23,7.549599467034287e-28,5.40923975621342e-32,13956.85864795012
98100.0,2.2162170381259485e-05,6.030997746444495e-20,1.2047270361128369e-23,4.029753167356775e-27,2989.5802201280985
98200.0,1.913400366296117e-05,3.3509150630172594e-20,1.520234134119439e-26,6.66777276672187e-35,227997291.94533482
98300.0,0.00021336243758567316,5.180979407369298e-16,3.714391432517045e-23,3.5076102701762454e-24,10.589521487318514
98400.0,2.6372671092075104e-05,1.2093624575861343e-19,1.111255492542015e-25,1.1256271299417434e-26,9.872323285238583
98500.0,8.054538219699248e-06,1.0522104125244098e-21,9.290462291596463e-29,1.3208652746430475e-33,70336.18393902534
98600.0,5.830729960370192e-05,2.8895600347749904e-18,1.716709482679248e-25,1.5060799125184813e-26,11.398528513726406
98700.0,2.4479466282277282e-06,8.977342362170544e-24,1.620486262243858e-28,1.8593934509532606e-29,8.715133751886018
98800.0,6.82245969874076e-05,5.416315129232166e-18,4.515178767467861e-25,1.7812650638141945e-26,25.34815766160922
98900.0,1.6898962779526307e-05,2.0388262020763863e-20,3.967914663144997e-28,1.9804361906129637e-30,200.3555924675811
99000.0,6.368826803154461e-05,4.1131804528453364e-18,4.270163575031433e-24,1.1406859268649608e-24,3.7435050915088155
99100.0,2.2269591016459595e-05,6.148780270855736e-20,4.209684437332144e-27,1.0265464039593339e-30,4100.822350646419
99200.0,4.825465002399252e-05,1.3554911591077027e-18,3.584695030559321e-23,4.181760035810173e-24,8.572216004414571
99300.0,3.890043514561829e-06,5.724767408094672e-23,5.520648182727572e-26,2.376966297403572e-29,2322.5605633356827
99400.0,8.533975832880295e-06,1.3260064705365623e-21,4.430132529809337e-29,8.01557638486166e-31,55.26904513287595
99500.0,8.651340881288651e-05,1.400469666355847e-17,2.227120275928138e-24,2.3751648569212285e-26,93.76697661378373
99600.0,2.0460634021916e-05,4.381434843273886e-20,2.133433721303167e-27,7.083310403184173e-29,30.119161802426742
99700.0,0.00013388100816428194,8.031855840243708e-17,1.598440177033298e-23,1.4099412887021202e-23,1.1336927217052384
99800.0,3.583032923899242e-05,4.1204362953617374e-19,2.042386153440071e-26,2.768558859542561e-28,73.77073261059464
99900.0,6.788881052679825e-07,5.310468128578803e-26,1.6034512870580584e-29,4.992418864068244e-32,321.17723506705744
100000.0,8.768521945448548e-05,1.477901812194332e-17,1.3928492883009195e-24,1.461360927867207e-25,9.531179202483008
